2026.05.08 10:25:11 INFO  Started: Metals version 1.6.7 in folders '/Users/zachwinslett/Code/strava-cli' for client Visual Studio Code 1.109.2.
2026.05.08 10:25:11 INFO  Memory monitor started
2026.05.08 10:25:11 WARN  Using H2 2.4.240 which is newer than the version Flyway has been verified with. The latest verified version of H2 is 2.3.232.
2026.05.08 10:25:42 WARN  no build target for: /Users/zachwinslett/Code/strava-cli/src/main/java/com/zwinslett/strava/api/StravaAPIClient.java
2026.05.08 10:25:42 INFO  no build target found for /Users/zachwinslett/Code/strava-cli/src/main/java/com/zwinslett/strava/api/StravaAPIClient.java. Using fallback presentation compiler.
2026.05.08 10:25:42 INFO  no build target found for /Users/zachwinslett/Code/strava-cli/src/main/java/com/zwinslett/strava/api/StravaAPIClient.java. Using fallback presentation compiler.
May 08, 2026 10:25:42 AM org.eclipse.lsp4j.jsonrpc.RemoteEndpoint handleCancellation
WARNING: Unmatched cancel notification for request id 6
2026.05.08 10:26:01 INFO  no build target found for /Users/zachwinslett/Code/strava-cli/src/main/java/com/zwinslett/strava/api/StravaAPIClient.java. Using fallback presentation compiler.
2026.05.08 10:26:01 INFO  no build target found for /Users/zachwinslett/Code/strava-cli/src/main/java/com/zwinslett/strava/api/StravaAPIClient.java. Using fallback presentation compiler.
2026.05.08 10:26:01 INFO  no build target found for /Users/zachwinslett/Code/strava-cli/src/main/java/com/zwinslett/strava/api/StravaAPIClient.java. Using fallback presentation compiler.
2026.05.08 10:26:02 INFO  no build target found for /Users/zachwinslett/Code/strava-cli/src/main/java/com/zwinslett/strava/api/StravaAPIClient.java. Using fallback presentation compiler.
2026.05.08 10:26:02 INFO  no build target found for /Users/zachwinslett/Code/strava-cli/src/main/java/com/zwinslett/strava/api/StravaAPIClient.java. Using fallback presentation compiler.
2026.05.08 10:26:04 INFO  no build target found for /Users/zachwinslett/Code/strava-cli/src/main/java/com/zwinslett/strava/api/StravaAPIClient.java. Using fallback presentation compiler.
2026.05.08 10:26:04 INFO  no build target found for /Users/zachwinslett/Code/strava-cli/src/main/java/com/zwinslett/strava/api/StravaAPIClient.java. Using fallback presentation compiler.
2026.05.08 10:26:04 INFO  no build target found for /Users/zachwinslett/Code/strava-cli/src/main/java/com/zwinslett/strava/api/StravaAPIClient.java. Using fallback presentation compiler.
2026.05.08 10:26:04 INFO  no build target found for /Users/zachwinslett/Code/strava-cli/src/main/java/com/zwinslett/strava/api/StravaAPIClient.java. Using fallback presentation compiler.
2026.05.08 10:26:04 INFO  no build target found for /Users/zachwinslett/Code/strava-cli/src/main/java/com/zwinslett/strava/api/StravaAPIClient.java. Using fallback presentation compiler.
2026.05.08 10:26:04 INFO  no build target found for /Users/zachwinslett/Code/strava-cli/src/main/java/com/zwinslett/strava/api/StravaAPIClient.java. Using fallback presentation compiler.
2026.05.08 10:26:05 INFO  no build target found for /Users/zachwinslett/Code/strava-cli/src/main/java/com/zwinslett/strava/api/StravaAPIClient.java. Using fallback presentation compiler.
2026.05.08 10:26:05 INFO  no build target found for /Users/zachwinslett/Code/strava-cli/src/main/java/com/zwinslett/strava/api/StravaAPIClient.java. Using fallback presentation compiler.
2026.05.08 10:26:05 INFO  no build target found for /Users/zachwinslett/Code/strava-cli/src/main/java/com/zwinslett/strava/api/StravaAPIClient.java. Using fallback presentation compiler.
2026.05.08 10:26:05 INFO  no build target found for /Users/zachwinslett/Code/strava-cli/src/main/java/com/zwinslett/strava/api/StravaAPIClient.java. Using fallback presentation compiler.
2026.05.08 10:26:05 INFO  no build target found for /Users/zachwinslett/Code/strava-cli/src/main/java/com/zwinslett/strava/api/StravaAPIClient.java. Using fallback presentation compiler.
2026.05.08 10:26:05 INFO  no build target found for /Users/zachwinslett/Code/strava-cli/src/main/java/com/zwinslett/strava/api/StravaAPIClient.java. Using fallback presentation compiler.
2026.05.08 10:26:05 INFO  no build target found for /Users/zachwinslett/Code/strava-cli/src/main/java/com/zwinslett/strava/api/StravaAPIClient.java. Using fallback presentation compiler.
2026.05.08 10:26:06 INFO  no build target found for /Users/zachwinslett/Code/strava-cli/src/main/java/com/zwinslett/strava/api/StravaAPIClient.java. Using fallback presentation compiler.
2026.05.08 10:26:07 INFO  no build target found for /Users/zachwinslett/Code/strava-cli/src/main/java/com/zwinslett/strava/api/StravaAPIClient.java. Using fallback presentation compiler.
2026.05.08 10:26:07 INFO  no build target found for /Users/zachwinslett/Code/strava-cli/src/main/java/com/zwinslett/strava/api/StravaAPIClient.java. Using fallback presentation compiler.
2026.05.08 10:26:07 INFO  no build target found for /Users/zachwinslett/Code/strava-cli/src/main/java/com/zwinslett/strava/api/StravaAPIClient.java. Using fallback presentation compiler.
2026.05.08 10:26:07 INFO  no build target found for /Users/zachwinslett/Code/strava-cli/src/main/java/com/zwinslett/strava/api/StravaAPIClient.java. Using fallback presentation compiler.
2026.05.08 10:26:07 INFO  no build target found for /Users/zachwinslett/Code/strava-cli/src/main/java/com/zwinslett/strava/api/StravaAPIClient.java. Using fallback presentation compiler.
2026.05.08 10:26:07 INFO  no build target found for /Users/zachwinslett/Code/strava-cli/src/main/java/com/zwinslett/strava/api/StravaAPIClient.java. Using fallback presentation compiler.
2026.05.08 10:26:08 INFO  no build target found for /Users/zachwinslett/Code/strava-cli/src/main/java/com/zwinslett/strava/api/StravaAPIClient.java. Using fallback presentation compiler.
2026.05.08 10:26:08 INFO  no build target found for /Users/zachwinslett/Code/strava-cli/src/main/java/com/zwinslett/strava/api/StravaAPIClient.java. Using fallback presentation compiler.
2026.05.08 10:26:08 INFO  no build target found for /Users/zachwinslett/Code/strava-cli/src/main/java/com/zwinslett/strava/api/StravaAPIClient.java. Using fallback presentation compiler.
2026.05.08 10:26:08 INFO  no build target found for /Users/zachwinslett/Code/strava-cli/src/main/java/com/zwinslett/strava/api/StravaAPIClient.java. Using fallback presentation compiler.
2026.05.08 10:26:08 INFO  no build target found for /Users/zachwinslett/Code/strava-cli/src/main/java/com/zwinslett/strava/api/StravaAPIClient.java. Using fallback presentation compiler.
2026.05.08 10:26:08 INFO  no build target found for /Users/zachwinslett/Code/strava-cli/src/main/java/com/zwinslett/strava/api/StravaAPIClient.java. Using fallback presentation compiler.
2026.05.08 10:26:08 INFO  no build target found for /Users/zachwinslett/Code/strava-cli/src/main/java/com/zwinslett/strava/api/StravaAPIClient.java. Using fallback presentation compiler.
2026.05.08 10:26:08 INFO  no build target found for /Users/zachwinslett/Code/strava-cli/src/main/java/com/zwinslett/strava/api/StravaAPIClient.java. Using fallback presentation compiler.
2026.05.08 10:26:08 INFO  no build target found for /Users/zachwinslett/Code/strava-cli/src/main/java/com/zwinslett/strava/api/StravaAPIClient.java. Using fallback presentation compiler.
2026.05.08 10:26:09 INFO  no build target found for /Users/zachwinslett/Code/strava-cli/src/main/java/com/zwinslett/strava/api/StravaAPIClient.java. Using fallback presentation compiler.
2026.05.08 10:26:09 INFO  no build target found for /Users/zachwinslett/Code/strava-cli/src/main/java/com/zwinslett/strava/api/StravaAPIClient.java. Using fallback presentation compiler.
2026.05.08 10:26:09 INFO  no build target found for /Users/zachwinslett/Code/strava-cli/src/main/java/com/zwinslett/strava/api/StravaAPIClient.java. Using fallback presentation compiler.
2026.05.08 10:26:09 INFO  no build target found for /Users/zachwinslett/Code/strava-cli/src/main/java/com/zwinslett/strava/api/StravaAPIClient.java. Using fallback presentation compiler.
2026.05.08 10:26:09 INFO  no build target found for /Users/zachwinslett/Code/strava-cli/src/main/java/com/zwinslett/strava/api/StravaAPIClient.java. Using fallback presentation compiler.
2026.05.08 10:26:09 INFO  no build target found for /Users/zachwinslett/Code/strava-cli/src/main/java/com/zwinslett/strava/api/StravaAPIClient.java. Using fallback presentation compiler.
2026.05.08 10:26:09 INFO  no build target found for /Users/zachwinslett/Code/strava-cli/src/main/java/com/zwinslett/strava/api/StravaAPIClient.java. Using fallback presentation compiler.
2026.05.08 10:26:11 INFO  no build target found for /Users/zachwinslett/Code/strava-cli/src/main/java/com/zwinslett/strava/api/StravaAPIClient.java. Using fallback presentation compiler.
2026.05.08 10:26:11 INFO  no build target found for /Users/zachwinslett/Code/strava-cli/src/main/java/com/zwinslett/strava/api/StravaAPIClient.java. Using fallback presentation compiler.
2026.05.08 10:26:21 INFO  no build target found for /Users/zachwinslett/Code/strava-cli/src/main/java/com/zwinslett/strava/api/StravaAPIClient.java. Using fallback presentation compiler.
2026.05.08 10:26:21 INFO  no build target found for /Users/zachwinslett/Code/strava-cli/src/main/java/com/zwinslett/strava/api/StravaAPIClient.java. Using fallback presentation compiler.
2026.05.08 10:26:21 INFO  no build target found for /Users/zachwinslett/Code/strava-cli/src/main/java/com/zwinslett/strava/api/StravaAPIClient.java. Using fallback presentation compiler.
2026.05.08 10:26:21 INFO  no build target found for /Users/zachwinslett/Code/strava-cli/src/main/java/com/zwinslett/strava/api/StravaAPIClient.java. Using fallback presentation compiler.
2026.05.08 10:26:21 INFO  no build target found for /Users/zachwinslett/Code/strava-cli/src/main/java/com/zwinslett/strava/api/StravaAPIClient.java. Using fallback presentation compiler.
2026.05.08 10:26:21 INFO  no build target found for /Users/zachwinslett/Code/strava-cli/src/main/java/com/zwinslett/strava/api/StravaAPIClient.java. Using fallback presentation compiler.
2026.05.08 10:26:22 INFO  no build target found for /Users/zachwinslett/Code/strava-cli/src/main/java/com/zwinslett/strava/api/StravaAPIClient.java. Using fallback presentation compiler.
2026.05.08 10:26:22 INFO  no build target found for /Users/zachwinslett/Code/strava-cli/src/main/java/com/zwinslett/strava/api/StravaAPIClient.java. Using fallback presentation compiler.
2026.05.08 10:26:22 INFO  no build target found for /Users/zachwinslett/Code/strava-cli/src/main/java/com/zwinslett/strava/api/StravaAPIClient.java. Using fallback presentation compiler.
2026.05.08 10:26:22 INFO  no build target found for /Users/zachwinslett/Code/strava-cli/src/main/java/com/zwinslett/strava/api/StravaAPIClient.java. Using fallback presentation compiler.
2026.05.08 10:26:22 INFO  no build target found for /Users/zachwinslett/Code/strava-cli/src/main/java/com/zwinslett/strava/api/StravaAPIClient.java. Using fallback presentation compiler.
May 08, 2026 10:26:22 AM org.eclipse.lsp4j.jsonrpc.RemoteEndpoint handleCancellation
WARNING: Unmatched cancel notification for request id 123
2026.05.08 10:26:22 INFO  no build target found for /Users/zachwinslett/Code/strava-cli/src/main/java/com/zwinslett/strava/api/StravaAPIClient.java. Using fallback presentation compiler.
2026.05.08 10:26:22 INFO  no build target found for /Users/zachwinslett/Code/strava-cli/src/main/java/com/zwinslett/strava/api/StravaAPIClient.java. Using fallback presentation compiler.
2026.05.08 10:26:22 INFO  no build target found for /Users/zachwinslett/Code/strava-cli/src/main/java/com/zwinslett/strava/api/StravaAPIClient.java. Using fallback presentation compiler.
2026.05.08 10:26:23 INFO  no build target found for /Users/zachwinslett/Code/strava-cli/src/main/java/com/zwinslett/strava/api/StravaAPIClient.java. Using fallback presentation compiler.
2026.05.08 10:26:23 INFO  no build target found for /Users/zachwinslett/Code/strava-cli/src/main/java/com/zwinslett/strava/api/StravaAPIClient.java. Using fallback presentation compiler.
2026.05.08 10:26:23 INFO  no build target found for /Users/zachwinslett/Code/strava-cli/src/main/java/com/zwinslett/strava/api/StravaAPIClient.java. Using fallback presentation compiler.
2026.05.08 10:26:24 INFO  no build target found for /Users/zachwinslett/Code/strava-cli/src/main/java/com/zwinslett/strava/api/StravaAPIClient.java. Using fallback presentation compiler.
2026.05.08 10:26:23 INFO  no build target found for /Users/zachwinslett/Code/strava-cli/src/main/java/com/zwinslett/strava/api/StravaAPIClient.java. Using fallback presentation compiler.
2026.05.08 10:26:25 INFO  no build target found for /Users/zachwinslett/Code/strava-cli/src/main/java/com/zwinslett/strava/api/StravaAPIClient.java. Using fallback presentation compiler.
2026.05.08 10:26:47 INFO  no build target found for /Users/zachwinslett/Code/strava-cli/src/main/java/com/zwinslett/strava/api/StravaAPIClient.java. Using fallback presentation compiler.
2026.05.08 10:26:57 INFO  no build target found for /Users/zachwinslett/Code/strava-cli/src/main/java/com/zwinslett/strava/api/StravaAPIClient.java. Using fallback presentation compiler.
2026.05.08 10:26:57 INFO  no build target found for /Users/zachwinslett/Code/strava-cli/src/main/java/com/zwinslett/strava/api/StravaAPIClient.java. Using fallback presentation compiler.
2026.05.08 10:26:57 INFO  no build target found for /Users/zachwinslett/Code/strava-cli/src/main/java/com/zwinslett/strava/api/StravaAPIClient.java. Using fallback presentation compiler.
2026.05.08 10:26:57 INFO  no build target found for /Users/zachwinslett/Code/strava-cli/src/main/java/com/zwinslett/strava/api/StravaAPIClient.java. Using fallback presentation compiler.
2026.05.08 10:26:57 INFO  no build target found for /Users/zachwinslett/Code/strava-cli/src/main/java/com/zwinslett/strava/api/StravaAPIClient.java. Using fallback presentation compiler.
2026.05.08 10:26:57 INFO  no build target found for /Users/zachwinslett/Code/strava-cli/src/main/java/com/zwinslett/strava/api/StravaAPIClient.java. Using fallback presentation compiler.
2026.05.08 10:26:57 INFO  no build target found for /Users/zachwinslett/Code/strava-cli/src/main/java/com/zwinslett/strava/api/StravaAPIClient.java. Using fallback presentation compiler.
2026.05.08 10:26:57 INFO  no build target found for /Users/zachwinslett/Code/strava-cli/src/main/java/com/zwinslett/strava/api/StravaAPIClient.java. Using fallback presentation compiler.
2026.05.08 10:26:57 INFO  no build target found for /Users/zachwinslett/Code/strava-cli/src/main/java/com/zwinslett/strava/api/StravaAPIClient.java. Using fallback presentation compiler.
2026.05.08 10:26:57 INFO  no build target found for /Users/zachwinslett/Code/strava-cli/src/main/java/com/zwinslett/strava/api/StravaAPIClient.java. Using fallback presentation compiler.
2026.05.08 10:26:57 INFO  no build target found for /Users/zachwinslett/Code/strava-cli/src/main/java/com/zwinslett/strava/api/StravaAPIClient.java. Using fallback presentation compiler.
2026.05.08 10:26:57 INFO  no build target found for /Users/zachwinslett/Code/strava-cli/src/main/java/com/zwinslett/strava/api/StravaAPIClient.java. Using fallback presentation compiler.
2026.05.08 10:26:57 INFO  no build target found for /Users/zachwinslett/Code/strava-cli/src/main/java/com/zwinslett/strava/api/StravaAPIClient.java. Using fallback presentation compiler.
2026.05.08 10:26:58 INFO  no build target found for /Users/zachwinslett/Code/strava-cli/src/main/java/com/zwinslett/strava/api/StravaAPIClient.java. Using fallback presentation compiler.
2026.05.08 10:26:58 INFO  no build target found for /Users/zachwinslett/Code/strava-cli/src/main/java/com/zwinslett/strava/api/StravaAPIClient.java. Using fallback presentation compiler.
2026.05.08 10:26:57 INFO  no build target found for /Users/zachwinslett/Code/strava-cli/src/main/java/com/zwinslett/strava/api/StravaAPIClient.java. Using fallback presentation compiler.
2026.05.08 10:26:58 INFO  no build target found for /Users/zachwinslett/Code/strava-cli/src/main/java/com/zwinslett/strava/api/StravaAPIClient.java. Using fallback presentation compiler.
2026.05.08 10:26:58 INFO  no build target found for /Users/zachwinslett/Code/strava-cli/src/main/java/com/zwinslett/strava/api/StravaAPIClient.java. Using fallback presentation compiler.
2026.05.08 10:26:58 INFO  no build target found for /Users/zachwinslett/Code/strava-cli/src/main/java/com/zwinslett/strava/api/StravaAPIClient.java. Using fallback presentation compiler.
2026.05.08 10:26:58 INFO  no build target found for /Users/zachwinslett/Code/strava-cli/src/main/java/com/zwinslett/strava/api/StravaAPIClient.java. Using fallback presentation compiler.
2026.05.08 10:26:58 INFO  no build target found for /Users/zachwinslett/Code/strava-cli/src/main/java/com/zwinslett/strava/api/StravaAPIClient.java. Using fallback presentation compiler.
2026.05.08 10:26:58 INFO  no build target found for /Users/zachwinslett/Code/strava-cli/src/main/java/com/zwinslett/strava/api/StravaAPIClient.java. Using fallback presentation compiler.
2026.05.08 10:26:58 INFO  no build target found for /Users/zachwinslett/Code/strava-cli/src/main/java/com/zwinslett/strava/api/StravaAPIClient.java. Using fallback presentation compiler.
2026.05.08 10:26:59 INFO  no build target found for /Users/zachwinslett/Code/strava-cli/src/main/java/com/zwinslett/strava/api/StravaAPIClient.java. Using fallback presentation compiler.
2026.05.08 10:27:01 INFO  no build target found for /Users/zachwinslett/Code/strava-cli/src/main/java/com/zwinslett/strava/api/StravaAPIClient.java. Using fallback presentation compiler.
2026.05.08 10:27:01 INFO  no build target found for /Users/zachwinslett/Code/strava-cli/src/main/java/com/zwinslett/strava/api/StravaAPIClient.java. Using fallback presentation compiler.
2026.05.08 10:27:01 INFO  no build target found for /Users/zachwinslett/Code/strava-cli/src/main/java/com/zwinslett/strava/api/StravaAPIClient.java. Using fallback presentation compiler.
2026.05.08 10:27:01 INFO  no build target found for /Users/zachwinslett/Code/strava-cli/src/main/java/com/zwinslett/strava/api/StravaAPIClient.java. Using fallback presentation compiler.
2026.05.08 10:27:01 INFO  no build target found for /Users/zachwinslett/Code/strava-cli/src/main/java/com/zwinslett/strava/api/StravaAPIClient.java. Using fallback presentation compiler.
2026.05.08 10:27:01 INFO  no build target found for /Users/zachwinslett/Code/strava-cli/src/main/java/com/zwinslett/strava/api/StravaAPIClient.java. Using fallback presentation compiler.
2026.05.08 10:27:01 INFO  no build target found for /Users/zachwinslett/Code/strava-cli/src/main/java/com/zwinslett/strava/api/StravaAPIClient.java. Using fallback presentation compiler.
2026.05.08 10:27:01 INFO  no build target found for /Users/zachwinslett/Code/strava-cli/src/main/java/com/zwinslett/strava/api/StravaAPIClient.java. Using fallback presentation compiler.
2026.05.08 10:27:01 INFO  no build target found for /Users/zachwinslett/Code/strava-cli/src/main/java/com/zwinslett/strava/api/StravaAPIClient.java. Using fallback presentation compiler.
2026.05.08 10:27:01 INFO  no build target found for /Users/zachwinslett/Code/strava-cli/src/main/java/com/zwinslett/strava/api/StravaAPIClient.java. Using fallback presentation compiler.
2026.05.08 10:27:02 INFO  no build target found for /Users/zachwinslett/Code/strava-cli/src/main/java/com/zwinslett/strava/api/StravaAPIClient.java. Using fallback presentation compiler.
2026.05.08 10:27:02 INFO  no build target found for /Users/zachwinslett/Code/strava-cli/src/main/java/com/zwinslett/strava/api/StravaAPIClient.java. Using fallback presentation compiler.
2026.05.08 10:27:02 INFO  no build target found for /Users/zachwinslett/Code/strava-cli/src/main/java/com/zwinslett/strava/api/StravaAPIClient.java. Using fallback presentation compiler.
2026.05.08 10:27:02 INFO  no build target found for /Users/zachwinslett/Code/strava-cli/src/main/java/com/zwinslett/strava/api/StravaAPIClient.java. Using fallback presentation compiler.
2026.05.08 10:27:02 INFO  no build target found for /Users/zachwinslett/Code/strava-cli/src/main/java/com/zwinslett/strava/api/StravaAPIClient.java. Using fallback presentation compiler.
2026.05.08 10:27:02 INFO  no build target found for /Users/zachwinslett/Code/strava-cli/src/main/java/com/zwinslett/strava/api/StravaAPIClient.java. Using fallback presentation compiler.
2026.05.08 10:27:02 INFO  no build target found for /Users/zachwinslett/Code/strava-cli/src/main/java/com/zwinslett/strava/api/StravaAPIClient.java. Using fallback presentation compiler.
2026.05.08 10:27:02 INFO  no build target found for /Users/zachwinslett/Code/strava-cli/src/main/java/com/zwinslett/strava/api/StravaAPIClient.java. Using fallback presentation compiler.
2026.05.08 10:27:02 INFO  no build target found for /Users/zachwinslett/Code/strava-cli/src/main/java/com/zwinslett/strava/api/StravaAPIClient.java. Using fallback presentation compiler.
2026.05.08 10:27:02 INFO  no build target found for /Users/zachwinslett/Code/strava-cli/src/main/java/com/zwinslett/strava/api/StravaAPIClient.java. Using fallback presentation compiler.
2026.05.08 10:27:02 INFO  no build target found for /Users/zachwinslett/Code/strava-cli/src/main/java/com/zwinslett/strava/api/StravaAPIClient.java. Using fallback presentation compiler.
2026.05.08 10:27:03 INFO  no build target found for /Users/zachwinslett/Code/strava-cli/src/main/java/com/zwinslett/strava/api/StravaAPIClient.java. Using fallback presentation compiler.
2026.05.08 10:27:03 INFO  no build target found for /Users/zachwinslett/Code/strava-cli/src/main/java/com/zwinslett/strava/api/StravaAPIClient.java. Using fallback presentation compiler.
2026.05.08 10:27:03 INFO  no build target found for /Users/zachwinslett/Code/strava-cli/src/main/java/com/zwinslett/strava/api/StravaAPIClient.java. Using fallback presentation compiler.
2026.05.08 10:27:03 INFO  no build target found for /Users/zachwinslett/Code/strava-cli/src/main/java/com/zwinslett/strava/api/StravaAPIClient.java. Using fallback presentation compiler.
2026.05.08 10:27:03 INFO  no build target found for /Users/zachwinslett/Code/strava-cli/src/main/java/com/zwinslett/strava/api/StravaAPIClient.java. Using fallback presentation compiler.
2026.05.08 10:27:03 INFO  no build target found for /Users/zachwinslett/Code/strava-cli/src/main/java/com/zwinslett/strava/api/StravaAPIClient.java. Using fallback presentation compiler.
2026.05.08 10:27:03 INFO  no build target found for /Users/zachwinslett/Code/strava-cli/src/main/java/com/zwinslett/strava/api/StravaAPIClient.java. Using fallback presentation compiler.
2026.05.08 10:27:03 INFO  no build target found for /Users/zachwinslett/Code/strava-cli/src/main/java/com/zwinslett/strava/api/StravaAPIClient.java. Using fallback presentation compiler.
2026.05.08 10:27:03 INFO  no build target found for /Users/zachwinslett/Code/strava-cli/src/main/java/com/zwinslett/strava/api/StravaAPIClient.java. Using fallback presentation compiler.
2026.05.08 10:27:03 INFO  no build target found for /Users/zachwinslett/Code/strava-cli/src/main/java/com/zwinslett/strava/api/StravaAPIClient.java. Using fallback presentation compiler.
2026.05.08 10:27:03 INFO  no build target found for /Users/zachwinslett/Code/strava-cli/src/main/java/com/zwinslett/strava/api/StravaAPIClient.java. Using fallback presentation compiler.
2026.05.08 10:27:03 INFO  no build target found for /Users/zachwinslett/Code/strava-cli/src/main/java/com/zwinslett/strava/api/StravaAPIClient.java. Using fallback presentation compiler.
2026.05.08 10:27:03 INFO  no build target found for /Users/zachwinslett/Code/strava-cli/src/main/java/com/zwinslett/strava/api/StravaAPIClient.java. Using fallback presentation compiler.
2026.05.08 10:27:03 INFO  no build target found for /Users/zachwinslett/Code/strava-cli/src/main/java/com/zwinslett/strava/api/StravaAPIClient.java. Using fallback presentation compiler.
2026.05.08 10:27:03 INFO  no build target found for /Users/zachwinslett/Code/strava-cli/src/main/java/com/zwinslett/strava/api/StravaAPIClient.java. Using fallback presentation compiler.
2026.05.08 10:27:04 INFO  no build target found for /Users/zachwinslett/Code/strava-cli/src/main/java/com/zwinslett/strava/api/StravaAPIClient.java. Using fallback presentation compiler.
2026.05.08 10:27:04 INFO  no build target found for /Users/zachwinslett/Code/strava-cli/src/main/java/com/zwinslett/strava/api/StravaAPIClient.java. Using fallback presentation compiler.
2026.05.08 10:27:04 INFO  no build target found for /Users/zachwinslett/Code/strava-cli/src/main/java/com/zwinslett/strava/api/StravaAPIClient.java. Using fallback presentation compiler.
2026.05.08 10:27:04 INFO  no build target found for /Users/zachwinslett/Code/strava-cli/src/main/java/com/zwinslett/strava/api/StravaAPIClient.java. Using fallback presentation compiler.
2026.05.08 10:27:05 INFO  no build target found for /Users/zachwinslett/Code/strava-cli/src/main/java/com/zwinslett/strava/api/StravaAPIClient.java. Using fallback presentation compiler.
2026.05.08 10:27:15 INFO  no build target found for /Users/zachwinslett/Code/strava-cli/src/main/java/com/zwinslett/strava/api/StravaAPIClient.java. Using fallback presentation compiler.
2026.05.08 10:27:15 INFO  no build target found for /Users/zachwinslett/Code/strava-cli/src/main/java/com/zwinslett/strava/api/StravaAPIClient.java. Using fallback presentation compiler.
2026.05.08 10:27:15 INFO  no build target found for /Users/zachwinslett/Code/strava-cli/src/main/java/com/zwinslett/strava/api/StravaAPIClient.java. Using fallback presentation compiler.
2026.05.08 10:27:15 INFO  no build target found for /Users/zachwinslett/Code/strava-cli/src/main/java/com/zwinslett/strava/api/StravaAPIClient.java. Using fallback presentation compiler.
2026.05.08 10:27:15 INFO  no build target found for /Users/zachwinslett/Code/strava-cli/src/main/java/com/zwinslett/strava/api/StravaAPIClient.java. Using fallback presentation compiler.
2026.05.08 10:27:17 INFO  no build target found for /Users/zachwinslett/Code/strava-cli/src/main/java/com/zwinslett/strava/api/StravaAPIClient.java. Using fallback presentation compiler.
2026.05.08 10:27:17 INFO  no build target found for /Users/zachwinslett/Code/strava-cli/src/main/java/com/zwinslett/strava/api/StravaAPIClient.java. Using fallback presentation compiler.
2026.05.08 10:27:17 INFO  no build target found for /Users/zachwinslett/Code/strava-cli/src/main/java/com/zwinslett/strava/api/StravaAPIClient.java. Using fallback presentation compiler.
2026.05.08 10:27:17 INFO  no build target found for /Users/zachwinslett/Code/strava-cli/src/main/java/com/zwinslett/strava/api/StravaAPIClient.java. Using fallback presentation compiler.
2026.05.08 10:27:17 INFO  no build target found for /Users/zachwinslett/Code/strava-cli/src/main/java/com/zwinslett/strava/api/StravaAPIClient.java. Using fallback presentation compiler.
2026.05.08 10:27:17 INFO  no build target found for /Users/zachwinslett/Code/strava-cli/src/main/java/com/zwinslett/strava/api/StravaAPIClient.java. Using fallback presentation compiler.
2026.05.08 10:27:17 INFO  no build target found for /Users/zachwinslett/Code/strava-cli/src/main/java/com/zwinslett/strava/api/StravaAPIClient.java. Using fallback presentation compiler.
2026.05.08 10:27:18 INFO  no build target found for /Users/zachwinslett/Code/strava-cli/src/main/java/com/zwinslett/strava/api/StravaAPIClient.java. Using fallback presentation compiler.
2026.05.08 10:27:17 INFO  no build target found for /Users/zachwinslett/Code/strava-cli/src/main/java/com/zwinslett/strava/api/StravaAPIClient.java. Using fallback presentation compiler.
2026.05.08 10:27:17 INFO  no build target found for /Users/zachwinslett/Code/strava-cli/src/main/java/com/zwinslett/strava/api/StravaAPIClient.java. Using fallback presentation compiler.
2026.05.08 10:27:18 INFO  no build target found for /Users/zachwinslett/Code/strava-cli/src/main/java/com/zwinslett/strava/api/StravaAPIClient.java. Using fallback presentation compiler.
2026.05.08 10:27:18 INFO  no build target found for /Users/zachwinslett/Code/strava-cli/src/main/java/com/zwinslett/strava/api/StravaAPIClient.java. Using fallback presentation compiler.
2026.05.08 10:27:18 INFO  no build target found for /Users/zachwinslett/Code/strava-cli/src/main/java/com/zwinslett/strava/api/StravaAPIClient.java. Using fallback presentation compiler.
2026.05.08 10:27:18 INFO  no build target found for /Users/zachwinslett/Code/strava-cli/src/main/java/com/zwinslett/strava/api/StravaAPIClient.java. Using fallback presentation compiler.
2026.05.08 10:27:18 INFO  no build target found for /Users/zachwinslett/Code/strava-cli/src/main/java/com/zwinslett/strava/api/StravaAPIClient.java. Using fallback presentation compiler.
May 08, 2026 10:27:18 AM org.eclipse.lsp4j.jsonrpc.RemoteEndpoint handleCancellation
WARNING: Unmatched cancel notification for request id 270
2026.05.08 10:27:18 INFO  no build target found for /Users/zachwinslett/Code/strava-cli/src/main/java/com/zwinslett/strava/api/StravaAPIClient.java. Using fallback presentation compiler.
2026.05.08 10:27:18 INFO  no build target found for /Users/zachwinslett/Code/strava-cli/src/main/java/com/zwinslett/strava/api/StravaAPIClient.java. Using fallback presentation compiler.
2026.05.08 10:27:18 INFO  no build target found for /Users/zachwinslett/Code/strava-cli/src/main/java/com/zwinslett/strava/api/StravaAPIClient.java. Using fallback presentation compiler.
2026.05.08 10:27:19 INFO  no build target found for /Users/zachwinslett/Code/strava-cli/src/main/java/com/zwinslett/strava/api/StravaAPIClient.java. Using fallback presentation compiler.
2026.05.08 10:27:19 INFO  no build target found for /Users/zachwinslett/Code/strava-cli/src/main/java/com/zwinslett/strava/api/StravaAPIClient.java. Using fallback presentation compiler.
2026.05.08 10:27:19 INFO  no build target found for /Users/zachwinslett/Code/strava-cli/src/main/java/com/zwinslett/strava/api/StravaAPIClient.java. Using fallback presentation compiler.
2026.05.08 10:27:19 INFO  no build target found for /Users/zachwinslett/Code/strava-cli/src/main/java/com/zwinslett/strava/api/StravaAPIClient.java. Using fallback presentation compiler.
2026.05.08 10:27:19 INFO  no build target found for /Users/zachwinslett/Code/strava-cli/src/main/java/com/zwinslett/strava/api/StravaAPIClient.java. Using fallback presentation compiler.
2026.05.08 10:27:19 INFO  no build target found for /Users/zachwinslett/Code/strava-cli/src/main/java/com/zwinslett/strava/api/StravaAPIClient.java. Using fallback presentation compiler.
2026.05.08 10:27:20 INFO  no build target found for /Users/zachwinslett/Code/strava-cli/src/main/java/com/zwinslett/strava/api/StravaAPIClient.java. Using fallback presentation compiler.
2026.05.08 10:27:19 INFO  no build target found for /Users/zachwinslett/Code/strava-cli/src/main/java/com/zwinslett/strava/api/StravaAPIClient.java. Using fallback presentation compiler.
2026.05.08 10:27:20 INFO  no build target found for /Users/zachwinslett/Code/strava-cli/src/main/java/com/zwinslett/strava/api/StravaAPIClient.java. Using fallback presentation compiler.
2026.05.08 10:27:20 INFO  no build target found for /Users/zachwinslett/Code/strava-cli/src/main/java/com/zwinslett/strava/api/StravaAPIClient.java. Using fallback presentation compiler.
2026.05.08 10:27:20 INFO  no build target found for /Users/zachwinslett/Code/strava-cli/src/main/java/com/zwinslett/strava/api/StravaAPIClient.java. Using fallback presentation compiler.
2026.05.08 10:27:20 INFO  no build target found for /Users/zachwinslett/Code/strava-cli/src/main/java/com/zwinslett/strava/api/StravaAPIClient.java. Using fallback presentation compiler.
2026.05.08 10:27:21 INFO  no build target found for /Users/zachwinslett/Code/strava-cli/src/main/java/com/zwinslett/strava/api/StravaAPIClient.java. Using fallback presentation compiler.
2026.05.08 10:27:21 INFO  no build target found for /Users/zachwinslett/Code/strava-cli/src/main/java/com/zwinslett/strava/api/StravaAPIClient.java. Using fallback presentation compiler.
2026.05.08 10:27:21 INFO  no build target found for /Users/zachwinslett/Code/strava-cli/src/main/java/com/zwinslett/strava/api/StravaAPIClient.java. Using fallback presentation compiler.
2026.05.08 10:27:22 INFO  no build target found for /Users/zachwinslett/Code/strava-cli/src/main/java/com/zwinslett/strava/api/StravaAPIClient.java. Using fallback presentation compiler.
2026.05.08 10:27:21 INFO  no build target found for /Users/zachwinslett/Code/strava-cli/src/main/java/com/zwinslett/strava/api/StravaAPIClient.java. Using fallback presentation compiler.
2026.05.08 10:27:21 INFO  no build target found for /Users/zachwinslett/Code/strava-cli/src/main/java/com/zwinslett/strava/api/StravaAPIClient.java. Using fallback presentation compiler.
2026.05.08 10:27:22 INFO  no build target found for /Users/zachwinslett/Code/strava-cli/src/main/java/com/zwinslett/strava/api/StravaAPIClient.java. Using fallback presentation compiler.
2026.05.08 10:27:21 INFO  no build target found for /Users/zachwinslett/Code/strava-cli/src/main/java/com/zwinslett/strava/api/StravaAPIClient.java. Using fallback presentation compiler.
2026.05.08 10:27:21 INFO  no build target found for /Users/zachwinslett/Code/strava-cli/src/main/java/com/zwinslett/strava/api/StravaAPIClient.java. Using fallback presentation compiler.
2026.05.08 10:27:21 INFO  no build target found for /Users/zachwinslett/Code/strava-cli/src/main/java/com/zwinslett/strava/api/StravaAPIClient.java. Using fallback presentation compiler.
2026.05.08 10:27:22 INFO  no build target found for /Users/zachwinslett/Code/strava-cli/src/main/java/com/zwinslett/strava/api/StravaAPIClient.java. Using fallback presentation compiler.
2026.05.08 10:27:22 INFO  no build target found for /Users/zachwinslett/Code/strava-cli/src/main/java/com/zwinslett/strava/api/StravaAPIClient.java. Using fallback presentation compiler.
2026.05.08 10:27:22 INFO  no build target found for /Users/zachwinslett/Code/strava-cli/src/main/java/com/zwinslett/strava/api/StravaAPIClient.java. Using fallback presentation compiler.
2026.05.08 10:27:23 INFO  no build target found for /Users/zachwinslett/Code/strava-cli/src/main/java/com/zwinslett/strava/api/StravaAPIClient.java. Using fallback presentation compiler.
2026.05.08 10:27:22 INFO  no build target found for /Users/zachwinslett/Code/strava-cli/src/main/java/com/zwinslett/strava/api/StravaAPIClient.java. Using fallback presentation compiler.
2026.05.08 10:27:28 INFO  no build target found for /Users/zachwinslett/Code/strava-cli/src/main/java/com/zwinslett/strava/api/StravaAPIClient.java. Using fallback presentation compiler.
2026.05.08 10:27:28 INFO  no build target found for /Users/zachwinslett/Code/strava-cli/src/main/java/com/zwinslett/strava/api/StravaAPIClient.java. Using fallback presentation compiler.
2026.05.08 10:27:28 INFO  no build target found for /Users/zachwinslett/Code/strava-cli/src/main/java/com/zwinslett/strava/api/StravaAPIClient.java. Using fallback presentation compiler.
2026.05.08 10:27:32 INFO  no build target found for /Users/zachwinslett/Code/strava-cli/src/main/java/com/zwinslett/strava/api/StravaAPIClient.java. Using fallback presentation compiler.
2026.05.08 10:27:32 INFO  no build target found for /Users/zachwinslett/Code/strava-cli/src/main/java/com/zwinslett/strava/api/StravaAPIClient.java. Using fallback presentation compiler.
2026.05.08 10:27:32 INFO  no build target found for /Users/zachwinslett/Code/strava-cli/src/main/java/com/zwinslett/strava/api/StravaAPIClient.java. Using fallback presentation compiler.
2026.05.08 10:27:32 INFO  no build target found for /Users/zachwinslett/Code/strava-cli/src/main/java/com/zwinslett/strava/api/StravaAPIClient.java. Using fallback presentation compiler.
2026.05.08 10:27:32 INFO  no build target found for /Users/zachwinslett/Code/strava-cli/src/main/java/com/zwinslett/strava/api/StravaAPIClient.java. Using fallback presentation compiler.
2026.05.08 10:27:37 INFO  no build target found for /Users/zachwinslett/Code/strava-cli/src/main/java/com/zwinslett/strava/api/StravaAPIClient.java. Using fallback presentation compiler.
2026.05.08 10:27:37 INFO  no build target found for /Users/zachwinslett/Code/strava-cli/src/main/java/com/zwinslett/strava/api/StravaAPIClient.java. Using fallback presentation compiler.
2026.05.08 10:27:37 INFO  no build target found for /Users/zachwinslett/Code/strava-cli/src/main/java/com/zwinslett/strava/api/StravaAPIClient.java. Using fallback presentation compiler.
2026.05.08 10:27:37 INFO  no build target found for /Users/zachwinslett/Code/strava-cli/src/main/java/com/zwinslett/strava/api/StravaAPIClient.java. Using fallback presentation compiler.
2026.05.08 10:27:37 INFO  no build target found for /Users/zachwinslett/Code/strava-cli/src/main/java/com/zwinslett/strava/api/StravaAPIClient.java. Using fallback presentation compiler.
2026.05.08 10:27:38 INFO  no build target found for /Users/zachwinslett/Code/strava-cli/src/main/java/com/zwinslett/strava/api/StravaAPIClient.java. Using fallback presentation compiler.
2026.05.08 10:27:38 INFO  no build target found for /Users/zachwinslett/Code/strava-cli/src/main/java/com/zwinslett/strava/api/StravaAPIClient.java. Using fallback presentation compiler.
2026.05.08 10:27:38 INFO  no build target found for /Users/zachwinslett/Code/strava-cli/src/main/java/com/zwinslett/strava/api/StravaAPIClient.java. Using fallback presentation compiler.
2026.05.08 10:27:38 INFO  no build target found for /Users/zachwinslett/Code/strava-cli/src/main/java/com/zwinslett/strava/api/StravaAPIClient.java. Using fallback presentation compiler.
2026.05.08 10:27:40 INFO  no build target found for /Users/zachwinslett/Code/strava-cli/src/main/java/com/zwinslett/strava/api/StravaAPIClient.java. Using fallback presentation compiler.
2026.05.08 10:28:00 INFO  no build target found for /Users/zachwinslett/Code/strava-cli/src/main/java/com/zwinslett/strava/api/StravaAPIClient.java. Using fallback presentation compiler.
2026.05.08 10:28:00 INFO  no build target found for /Users/zachwinslett/Code/strava-cli/src/main/java/com/zwinslett/strava/api/StravaAPIClient.java. Using fallback presentation compiler.
2026.05.08 10:28:00 INFO  no build target found for /Users/zachwinslett/Code/strava-cli/src/main/java/com/zwinslett/strava/api/StravaAPIClient.java. Using fallback presentation compiler.
2026.05.08 10:28:00 INFO  no build target found for /Users/zachwinslett/Code/strava-cli/src/main/java/com/zwinslett/strava/api/StravaAPIClient.java. Using fallback presentation compiler.
2026.05.08 10:28:00 INFO  no build target found for /Users/zachwinslett/Code/strava-cli/src/main/java/com/zwinslett/strava/api/StravaAPIClient.java. Using fallback presentation compiler.
2026.05.08 10:28:00 INFO  no build target found for /Users/zachwinslett/Code/strava-cli/src/main/java/com/zwinslett/strava/api/StravaAPIClient.java. Using fallback presentation compiler.
2026.05.08 10:28:00 INFO  no build target found for /Users/zachwinslett/Code/strava-cli/src/main/java/com/zwinslett/strava/api/StravaAPIClient.java. Using fallback presentation compiler.
2026.05.08 10:28:00 INFO  no build target found for /Users/zachwinslett/Code/strava-cli/src/main/java/com/zwinslett/strava/api/StravaAPIClient.java. Using fallback presentation compiler.
2026.05.08 10:28:01 INFO  no build target found for /Users/zachwinslett/Code/strava-cli/src/main/java/com/zwinslett/strava/api/StravaAPIClient.java. Using fallback presentation compiler.
2026.05.08 10:28:01 INFO  no build target found for /Users/zachwinslett/Code/strava-cli/src/main/java/com/zwinslett/strava/api/StravaAPIClient.java. Using fallback presentation compiler.
2026.05.08 10:28:01 INFO  no build target found for /Users/zachwinslett/Code/strava-cli/src/main/java/com/zwinslett/strava/api/StravaAPIClient.java. Using fallback presentation compiler.
2026.05.08 10:28:01 INFO  no build target found for /Users/zachwinslett/Code/strava-cli/src/main/java/com/zwinslett/strava/api/StravaAPIClient.java. Using fallback presentation compiler.
2026.05.08 10:28:01 INFO  no build target found for /Users/zachwinslett/Code/strava-cli/src/main/java/com/zwinslett/strava/api/StravaAPIClient.java. Using fallback presentation compiler.
2026.05.08 10:28:01 INFO  no build target found for /Users/zachwinslett/Code/strava-cli/src/main/java/com/zwinslett/strava/api/StravaAPIClient.java. Using fallback presentation compiler.
2026.05.08 10:28:01 INFO  no build target found for /Users/zachwinslett/Code/strava-cli/src/main/java/com/zwinslett/strava/api/StravaAPIClient.java. Using fallback presentation compiler.
2026.05.08 10:28:02 INFO  no build target found for /Users/zachwinslett/Code/strava-cli/src/main/java/com/zwinslett/strava/api/StravaAPIClient.java. Using fallback presentation compiler.
2026.05.08 10:28:02 INFO  no build target found for /Users/zachwinslett/Code/strava-cli/src/main/java/com/zwinslett/strava/api/StravaAPIClient.java. Using fallback presentation compiler.
2026.05.08 10:28:02 INFO  no build target found for /Users/zachwinslett/Code/strava-cli/src/main/java/com/zwinslett/strava/api/StravaAPIClient.java. Using fallback presentation compiler.
2026.05.08 10:28:02 INFO  no build target found for /Users/zachwinslett/Code/strava-cli/src/main/java/com/zwinslett/strava/api/StravaAPIClient.java. Using fallback presentation compiler.
2026.05.08 10:28:03 INFO  no build target found for /Users/zachwinslett/Code/strava-cli/src/main/java/com/zwinslett/strava/api/StravaAPIClient.java. Using fallback presentation compiler.
2026.05.08 10:28:03 INFO  no build target found for /Users/zachwinslett/Code/strava-cli/src/main/java/com/zwinslett/strava/api/StravaAPIClient.java. Using fallback presentation compiler.
2026.05.08 10:28:03 INFO  no build target found for /Users/zachwinslett/Code/strava-cli/src/main/java/com/zwinslett/strava/api/StravaAPIClient.java. Using fallback presentation compiler.
2026.05.08 10:28:03 INFO  no build target found for /Users/zachwinslett/Code/strava-cli/src/main/java/com/zwinslett/strava/api/StravaAPIClient.java. Using fallback presentation compiler.
2026.05.08 10:28:03 INFO  no build target found for /Users/zachwinslett/Code/strava-cli/src/main/java/com/zwinslett/strava/api/StravaAPIClient.java. Using fallback presentation compiler.
2026.05.08 10:28:03 INFO  no build target found for /Users/zachwinslett/Code/strava-cli/src/main/java/com/zwinslett/strava/api/StravaAPIClient.java. Using fallback presentation compiler.
2026.05.08 10:28:03 INFO  no build target found for /Users/zachwinslett/Code/strava-cli/src/main/java/com/zwinslett/strava/api/StravaAPIClient.java. Using fallback presentation compiler.
May 08, 2026 10:28:04 AM org.eclipse.lsp4j.jsonrpc.RemoteEndpoint handleCancellation
WARNING: Unmatched cancel notification for request id 462
2026.05.08 10:28:03 INFO  no build target found for /Users/zachwinslett/Code/strava-cli/src/main/java/com/zwinslett/strava/api/StravaAPIClient.java. Using fallback presentation compiler.
2026.05.08 10:28:03 INFO  no build target found for /Users/zachwinslett/Code/strava-cli/src/main/java/com/zwinslett/strava/api/StravaAPIClient.java. Using fallback presentation compiler.
2026.05.08 10:28:04 INFO  no build target found for /Users/zachwinslett/Code/strava-cli/src/main/java/com/zwinslett/strava/api/StravaAPIClient.java. Using fallback presentation compiler.
2026.05.08 10:28:03 INFO  no build target found for /Users/zachwinslett/Code/strava-cli/src/main/java/com/zwinslett/strava/api/StravaAPIClient.java. Using fallback presentation compiler.
2026.05.08 10:28:03 INFO  no build target found for /Users/zachwinslett/Code/strava-cli/src/main/java/com/zwinslett/strava/api/StravaAPIClient.java. Using fallback presentation compiler.
2026.05.08 10:28:03 INFO  no build target found for /Users/zachwinslett/Code/strava-cli/src/main/java/com/zwinslett/strava/api/StravaAPIClient.java. Using fallback presentation compiler.
2026.05.08 10:28:04 INFO  no build target found for /Users/zachwinslett/Code/strava-cli/src/main/java/com/zwinslett/strava/api/StravaAPIClient.java. Using fallback presentation compiler.
2026.05.08 10:28:04 INFO  no build target found for /Users/zachwinslett/Code/strava-cli/src/main/java/com/zwinslett/strava/api/StravaAPIClient.java. Using fallback presentation compiler.
2026.05.08 10:28:04 INFO  no build target found for /Users/zachwinslett/Code/strava-cli/src/main/java/com/zwinslett/strava/api/StravaAPIClient.java. Using fallback presentation compiler.
2026.05.08 10:28:04 INFO  no build target found for /Users/zachwinslett/Code/strava-cli/src/main/java/com/zwinslett/strava/api/StravaAPIClient.java. Using fallback presentation compiler.
2026.05.08 10:28:04 INFO  no build target found for /Users/zachwinslett/Code/strava-cli/src/main/java/com/zwinslett/strava/api/StravaAPIClient.java. Using fallback presentation compiler.
2026.05.08 10:28:04 INFO  no build target found for /Users/zachwinslett/Code/strava-cli/src/main/java/com/zwinslett/strava/api/StravaAPIClient.java. Using fallback presentation compiler.
2026.05.08 10:28:04 INFO  no build target found for /Users/zachwinslett/Code/strava-cli/src/main/java/com/zwinslett/strava/api/StravaAPIClient.java. Using fallback presentation compiler.
2026.05.08 10:28:04 INFO  no build target found for /Users/zachwinslett/Code/strava-cli/src/main/java/com/zwinslett/strava/api/StravaAPIClient.java. Using fallback presentation compiler.
2026.05.08 10:28:05 INFO  no build target found for /Users/zachwinslett/Code/strava-cli/src/main/java/com/zwinslett/strava/api/StravaAPIClient.java. Using fallback presentation compiler.
2026.05.08 10:28:04 INFO  no build target found for /Users/zachwinslett/Code/strava-cli/src/main/java/com/zwinslett/strava/api/StravaAPIClient.java. Using fallback presentation compiler.
2026.05.08 10:28:04 INFO  no build target found for /Users/zachwinslett/Code/strava-cli/src/main/java/com/zwinslett/strava/api/StravaAPIClient.java. Using fallback presentation compiler.
2026.05.08 10:28:04 INFO  no build target found for /Users/zachwinslett/Code/strava-cli/src/main/java/com/zwinslett/strava/api/StravaAPIClient.java. Using fallback presentation compiler.
2026.05.08 10:28:04 INFO  no build target found for /Users/zachwinslett/Code/strava-cli/src/main/java/com/zwinslett/strava/api/StravaAPIClient.java. Using fallback presentation compiler.
2026.05.08 10:28:04 INFO  no build target found for /Users/zachwinslett/Code/strava-cli/src/main/java/com/zwinslett/strava/api/StravaAPIClient.java. Using fallback presentation compiler.
2026.05.08 10:28:05 INFO  no build target found for /Users/zachwinslett/Code/strava-cli/src/main/java/com/zwinslett/strava/api/StravaAPIClient.java. Using fallback presentation compiler.
2026.05.08 10:28:05 INFO  no build target found for /Users/zachwinslett/Code/strava-cli/src/main/java/com/zwinslett/strava/api/StravaAPIClient.java. Using fallback presentation compiler.
2026.05.08 10:28:05 INFO  no build target found for /Users/zachwinslett/Code/strava-cli/src/main/java/com/zwinslett/strava/api/StravaAPIClient.java. Using fallback presentation compiler.
2026.05.08 10:28:05 INFO  no build target found for /Users/zachwinslett/Code/strava-cli/src/main/java/com/zwinslett/strava/api/StravaAPIClient.java. Using fallback presentation compiler.
2026.05.08 10:28:05 INFO  no build target found for /Users/zachwinslett/Code/strava-cli/src/main/java/com/zwinslett/strava/api/StravaAPIClient.java. Using fallback presentation compiler.
2026.05.08 10:28:06 INFO  no build target found for /Users/zachwinslett/Code/strava-cli/src/main/java/com/zwinslett/strava/api/StravaAPIClient.java. Using fallback presentation compiler.
2026.05.08 10:28:05 INFO  no build target found for /Users/zachwinslett/Code/strava-cli/src/main/java/com/zwinslett/strava/api/StravaAPIClient.java. Using fallback presentation compiler.
2026.05.08 10:28:06 INFO  no build target found for /Users/zachwinslett/Code/strava-cli/src/main/java/com/zwinslett/strava/api/StravaAPIClient.java. Using fallback presentation compiler.
2026.05.08 10:28:06 INFO  no build target found for /Users/zachwinslett/Code/strava-cli/src/main/java/com/zwinslett/strava/api/StravaAPIClient.java. Using fallback presentation compiler.
2026.05.08 10:28:06 INFO  no build target found for /Users/zachwinslett/Code/strava-cli/src/main/java/com/zwinslett/strava/api/StravaAPIClient.java. Using fallback presentation compiler.
2026.05.08 10:28:13 INFO  no build target found for /Users/zachwinslett/Code/strava-cli/src/main/java/com/zwinslett/strava/api/StravaAPIClient.java. Using fallback presentation compiler.
2026.05.08 10:28:13 INFO  no build target found for /Users/zachwinslett/Code/strava-cli/src/main/java/com/zwinslett/strava/api/StravaAPIClient.java. Using fallback presentation compiler.
2026.05.08 10:28:13 INFO  no build target found for /Users/zachwinslett/Code/strava-cli/src/main/java/com/zwinslett/strava/api/StravaAPIClient.java. Using fallback presentation compiler.
2026.05.08 10:28:15 INFO  no build target found for /Users/zachwinslett/Code/strava-cli/src/main/java/com/zwinslett/strava/api/StravaAPIClient.java. Using fallback presentation compiler.
2026.05.08 10:28:15 INFO  no build target found for /Users/zachwinslett/Code/strava-cli/src/main/java/com/zwinslett/strava/api/StravaAPIClient.java. Using fallback presentation compiler.
2026.05.08 10:28:15 INFO  no build target found for /Users/zachwinslett/Code/strava-cli/src/main/java/com/zwinslett/strava/api/StravaAPIClient.java. Using fallback presentation compiler.
2026.05.08 10:28:16 INFO  no build target found for /Users/zachwinslett/Code/strava-cli/src/main/java/com/zwinslett/strava/api/StravaAPIClient.java. Using fallback presentation compiler.
2026.05.08 10:28:16 INFO  no build target found for /Users/zachwinslett/Code/strava-cli/src/main/java/com/zwinslett/strava/api/StravaAPIClient.java. Using fallback presentation compiler.
2026.05.08 10:28:16 INFO  no build target found for /Users/zachwinslett/Code/strava-cli/src/main/java/com/zwinslett/strava/api/StravaAPIClient.java. Using fallback presentation compiler.
2026.05.08 10:28:17 INFO  no build target found for /Users/zachwinslett/Code/strava-cli/src/main/java/com/zwinslett/strava/api/StravaAPIClient.java. Using fallback presentation compiler.
2026.05.08 10:28:17 INFO  no build target found for /Users/zachwinslett/Code/strava-cli/src/main/java/com/zwinslett/strava/api/StravaAPIClient.java. Using fallback presentation compiler.
2026.05.08 10:29:27 INFO  no build target found for /Users/zachwinslett/Code/strava-cli/src/main/java/com/zwinslett/strava/api/StravaAPIClient.java. Using fallback presentation compiler.
2026.05.08 10:29:27 INFO  no build target found for /Users/zachwinslett/Code/strava-cli/src/main/java/com/zwinslett/strava/api/StravaAPIClient.java. Using fallback presentation compiler.
2026.05.08 10:29:28 INFO  no build target found for /Users/zachwinslett/Code/strava-cli/src/main/java/com/zwinslett/strava/api/StravaAPIClient.java. Using fallback presentation compiler.
2026.05.08 10:29:39 INFO  no build target found for /Users/zachwinslett/Code/strava-cli/src/main/java/com/zwinslett/strava/api/StravaAPIClient.java. Using fallback presentation compiler.
2026.05.08 10:29:39 INFO  no build target found for /Users/zachwinslett/Code/strava-cli/src/main/java/com/zwinslett/strava/api/StravaAPIClient.java. Using fallback presentation compiler.
2026.05.08 10:29:40 INFO  no build target found for /Users/zachwinslett/Code/strava-cli/src/main/java/com/zwinslett/strava/api/StravaAPIClient.java. Using fallback presentation compiler.
2026.05.08 10:29:40 INFO  Created report: Optional[file:///Users/zachwinslett/Code/strava-cli/src/main/java/com/zwinslett/strava/api/StravaAPIClient.java]
2026.05.08 10:29:40 INFO  empty definition using pc, found symbol in pc: _empty_/output# (full report at: "/Users/zachwinslett/Code/strava-cli/.metals/.reports/metals-full/2026-05-08/r_empty-definition_10-29-40-787.md")
2026.05.08 10:29:43 INFO  no build target found for /Users/zachwinslett/Code/strava-cli/src/main/java/com/zwinslett/strava/api/StravaAPIClient.java. Using fallback presentation compiler.
2026.05.08 10:29:43 INFO  no build target found for /Users/zachwinslett/Code/strava-cli/src/main/java/com/zwinslett/strava/api/StravaAPIClient.java. Using fallback presentation compiler.
2026.05.08 10:29:44 INFO  no build target found for /Users/zachwinslett/Code/strava-cli/src/main/java/com/zwinslett/strava/api/StravaAPIClient.java. Using fallback presentation compiler.
2026.05.08 10:29:44 INFO  no build target found for /Users/zachwinslett/Code/strava-cli/src/main/java/com/zwinslett/strava/api/StravaAPIClient.java. Using fallback presentation compiler.
2026.05.08 10:29:46 INFO  no build target found for /Users/zachwinslett/Code/strava-cli/src/main/java/com/zwinslett/strava/api/StravaAPIClient.java. Using fallback presentation compiler.
2026.05.08 10:29:46 INFO  no build target found for /Users/zachwinslett/Code/strava-cli/src/main/java/com/zwinslett/strava/api/StravaAPIClient.java. Using fallback presentation compiler.
2026.05.08 10:30:08 INFO  no build target found for /Users/zachwinslett/Code/strava-cli/src/main/java/com/zwinslett/strava/api/StravaAPIClient.java. Using fallback presentation compiler.
2026.05.08 10:30:08 INFO  no build target found for /Users/zachwinslett/Code/strava-cli/src/main/java/com/zwinslett/strava/api/StravaAPIClient.java. Using fallback presentation compiler.
2026.05.08 10:30:08 INFO  no build target found for /Users/zachwinslett/Code/strava-cli/src/main/java/com/zwinslett/strava/api/StravaAPIClient.java. Using fallback presentation compiler.
2026.05.08 10:30:08 INFO  no build target found for /Users/zachwinslett/Code/strava-cli/src/main/java/com/zwinslett/strava/api/StravaAPIClient.java. Using fallback presentation compiler.
2026.05.08 10:30:08 INFO  no build target found for /Users/zachwinslett/Code/strava-cli/src/main/java/com/zwinslett/strava/api/StravaAPIClient.java. Using fallback presentation compiler.
2026.05.08 10:30:08 INFO  no build target found for /Users/zachwinslett/Code/strava-cli/src/main/java/com/zwinslett/strava/api/StravaAPIClient.java. Using fallback presentation compiler.
2026.05.08 10:30:08 INFO  no build target found for /Users/zachwinslett/Code/strava-cli/src/main/java/com/zwinslett/strava/api/StravaAPIClient.java. Using fallback presentation compiler.
2026.05.08 10:30:09 INFO  no build target found for /Users/zachwinslett/Code/strava-cli/src/main/java/com/zwinslett/strava/api/StravaAPIClient.java. Using fallback presentation compiler.
2026.05.08 10:30:09 INFO  no build target found for /Users/zachwinslett/Code/strava-cli/src/main/java/com/zwinslett/strava/api/StravaAPIClient.java. Using fallback presentation compiler.
2026.05.08 10:30:11 INFO  no build target found for /Users/zachwinslett/Code/strava-cli/src/main/java/com/zwinslett/strava/api/StravaAPIClient.java. Using fallback presentation compiler.
2026.05.08 10:30:11 INFO  no build target found for /Users/zachwinslett/Code/strava-cli/src/main/java/com/zwinslett/strava/api/StravaAPIClient.java. Using fallback presentation compiler.
2026.05.08 10:30:12 INFO  no build target found for /Users/zachwinslett/Code/strava-cli/src/main/java/com/zwinslett/strava/api/StravaAPIClient.java. Using fallback presentation compiler.
2026.05.08 10:30:11 INFO  no build target found for /Users/zachwinslett/Code/strava-cli/src/main/java/com/zwinslett/strava/api/StravaAPIClient.java. Using fallback presentation compiler.
2026.05.08 10:30:12 INFO  no build target found for /Users/zachwinslett/Code/strava-cli/src/main/java/com/zwinslett/strava/api/StravaAPIClient.java. Using fallback presentation compiler.
2026.05.08 10:30:14 INFO  no build target found for /Users/zachwinslett/Code/strava-cli/src/main/java/com/zwinslett/strava/api/StravaAPIClient.java. Using fallback presentation compiler.
2026.05.08 10:30:14 INFO  no build target found for /Users/zachwinslett/Code/strava-cli/src/main/java/com/zwinslett/strava/api/StravaAPIClient.java. Using fallback presentation compiler.
2026.05.08 10:30:21 INFO  no build target found for /Users/zachwinslett/Code/strava-cli/src/main/java/com/zwinslett/strava/api/StravaAPIClient.java. Using fallback presentation compiler.
2026.05.08 10:30:21 INFO  no build target found for /Users/zachwinslett/Code/strava-cli/src/main/java/com/zwinslett/strava/api/StravaAPIClient.java. Using fallback presentation compiler.
2026.05.08 10:30:21 INFO  no build target found for /Users/zachwinslett/Code/strava-cli/src/main/java/com/zwinslett/strava/api/StravaAPIClient.java. Using fallback presentation compiler.
2026.05.08 10:30:21 INFO  no build target found for /Users/zachwinslett/Code/strava-cli/src/main/java/com/zwinslett/strava/api/StravaAPIClient.java. Using fallback presentation compiler.
2026.05.08 10:30:21 INFO  no build target found for /Users/zachwinslett/Code/strava-cli/src/main/java/com/zwinslett/strava/api/StravaAPIClient.java. Using fallback presentation compiler.
2026.05.08 10:30:21 INFO  no build target found for /Users/zachwinslett/Code/strava-cli/src/main/java/com/zwinslett/strava/api/StravaAPIClient.java. Using fallback presentation compiler.
2026.05.08 10:30:22 INFO  no build target found for /Users/zachwinslett/Code/strava-cli/src/main/java/com/zwinslett/strava/api/StravaAPIClient.java. Using fallback presentation compiler.
2026.05.08 10:30:22 INFO  no build target found for /Users/zachwinslett/Code/strava-cli/src/main/java/com/zwinslett/strava/api/StravaAPIClient.java. Using fallback presentation compiler.
2026.05.08 10:30:22 INFO  no build target found for /Users/zachwinslett/Code/strava-cli/src/main/java/com/zwinslett/strava/api/StravaAPIClient.java. Using fallback presentation compiler.
2026.05.08 10:30:24 INFO  no build target found for /Users/zachwinslett/Code/strava-cli/src/main/java/com/zwinslett/strava/api/StravaAPIClient.java. Using fallback presentation compiler.
2026.05.08 10:30:24 INFO  no build target found for /Users/zachwinslett/Code/strava-cli/src/main/java/com/zwinslett/strava/api/StravaAPIClient.java. Using fallback presentation compiler.
2026.05.08 10:30:24 INFO  no build target found for /Users/zachwinslett/Code/strava-cli/src/main/java/com/zwinslett/strava/api/StravaAPIClient.java. Using fallback presentation compiler.
2026.05.08 10:30:24 INFO  no build target found for /Users/zachwinslett/Code/strava-cli/src/main/java/com/zwinslett/strava/api/StravaAPIClient.java. Using fallback presentation compiler.
2026.05.08 10:30:24 INFO  no build target found for /Users/zachwinslett/Code/strava-cli/src/main/java/com/zwinslett/strava/api/StravaAPIClient.java. Using fallback presentation compiler.
2026.05.08 10:30:24 INFO  no build target found for /Users/zachwinslett/Code/strava-cli/src/main/java/com/zwinslett/strava/api/StravaAPIClient.java. Using fallback presentation compiler.
2026.05.08 10:30:24 INFO  no build target found for /Users/zachwinslett/Code/strava-cli/src/main/java/com/zwinslett/strava/api/StravaAPIClient.java. Using fallback presentation compiler.
2026.05.08 10:30:25 INFO  no build target found for /Users/zachwinslett/Code/strava-cli/src/main/java/com/zwinslett/strava/api/StravaAPIClient.java. Using fallback presentation compiler.
May 08, 2026 10:30:25 AM org.eclipse.lsp4j.jsonrpc.RemoteEndpoint handleCancellation
WARNING: Unmatched cancel notification for request id 649
2026.05.08 10:30:25 INFO  no build target found for /Users/zachwinslett/Code/strava-cli/src/main/java/com/zwinslett/strava/api/StravaAPIClient.java. Using fallback presentation compiler.
2026.05.08 10:30:25 INFO  no build target found for /Users/zachwinslett/Code/strava-cli/src/main/java/com/zwinslett/strava/api/StravaAPIClient.java. Using fallback presentation compiler.
2026.05.08 10:30:25 INFO  no build target found for /Users/zachwinslett/Code/strava-cli/src/main/java/com/zwinslett/strava/api/StravaAPIClient.java. Using fallback presentation compiler.
2026.05.08 10:30:25 INFO  no build target found for /Users/zachwinslett/Code/strava-cli/src/main/java/com/zwinslett/strava/api/StravaAPIClient.java. Using fallback presentation compiler.
2026.05.08 10:30:25 INFO  no build target found for /Users/zachwinslett/Code/strava-cli/src/main/java/com/zwinslett/strava/api/StravaAPIClient.java. Using fallback presentation compiler.
2026.05.08 10:30:25 INFO  no build target found for /Users/zachwinslett/Code/strava-cli/src/main/java/com/zwinslett/strava/api/StravaAPIClient.java. Using fallback presentation compiler.
2026.05.08 10:30:25 INFO  no build target found for /Users/zachwinslett/Code/strava-cli/src/main/java/com/zwinslett/strava/api/StravaAPIClient.java. Using fallback presentation compiler.
2026.05.08 10:30:25 INFO  no build target found for /Users/zachwinslett/Code/strava-cli/src/main/java/com/zwinslett/strava/api/StravaAPIClient.java. Using fallback presentation compiler.
2026.05.08 10:30:25 INFO  no build target found for /Users/zachwinslett/Code/strava-cli/src/main/java/com/zwinslett/strava/api/StravaAPIClient.java. Using fallback presentation compiler.
2026.05.08 10:30:25 INFO  no build target found for /Users/zachwinslett/Code/strava-cli/src/main/java/com/zwinslett/strava/api/StravaAPIClient.java. Using fallback presentation compiler.
2026.05.08 10:30:25 INFO  no build target found for /Users/zachwinslett/Code/strava-cli/src/main/java/com/zwinslett/strava/api/StravaAPIClient.java. Using fallback presentation compiler.
2026.05.08 10:30:25 INFO  no build target found for /Users/zachwinslett/Code/strava-cli/src/main/java/com/zwinslett/strava/api/StravaAPIClient.java. Using fallback presentation compiler.
2026.05.08 10:30:25 INFO  no build target found for /Users/zachwinslett/Code/strava-cli/src/main/java/com/zwinslett/strava/api/StravaAPIClient.java. Using fallback presentation compiler.
2026.05.08 10:30:26 INFO  no build target found for /Users/zachwinslett/Code/strava-cli/src/main/java/com/zwinslett/strava/api/StravaAPIClient.java. Using fallback presentation compiler.
2026.05.08 10:30:26 INFO  no build target found for /Users/zachwinslett/Code/strava-cli/src/main/java/com/zwinslett/strava/api/StravaAPIClient.java. Using fallback presentation compiler.
2026.05.08 10:30:26 INFO  no build target found for /Users/zachwinslett/Code/strava-cli/src/main/java/com/zwinslett/strava/api/StravaAPIClient.java. Using fallback presentation compiler.
2026.05.08 10:30:26 INFO  no build target found for /Users/zachwinslett/Code/strava-cli/src/main/java/com/zwinslett/strava/api/StravaAPIClient.java. Using fallback presentation compiler.
2026.05.08 10:30:26 INFO  no build target found for /Users/zachwinslett/Code/strava-cli/src/main/java/com/zwinslett/strava/api/StravaAPIClient.java. Using fallback presentation compiler.
2026.05.08 10:30:27 INFO  no build target found for /Users/zachwinslett/Code/strava-cli/src/main/java/com/zwinslett/strava/api/StravaAPIClient.java. Using fallback presentation compiler.
2026.05.08 10:30:26 INFO  no build target found for /Users/zachwinslett/Code/strava-cli/src/main/java/com/zwinslett/strava/api/StravaAPIClient.java. Using fallback presentation compiler.
2026.05.08 10:30:26 INFO  no build target found for /Users/zachwinslett/Code/strava-cli/src/main/java/com/zwinslett/strava/api/StravaAPIClient.java. Using fallback presentation compiler.
2026.05.08 10:30:26 INFO  no build target found for /Users/zachwinslett/Code/strava-cli/src/main/java/com/zwinslett/strava/api/StravaAPIClient.java. Using fallback presentation compiler.
2026.05.08 10:30:27 INFO  no build target found for /Users/zachwinslett/Code/strava-cli/src/main/java/com/zwinslett/strava/api/StravaAPIClient.java. Using fallback presentation compiler.
2026.05.08 10:30:27 INFO  no build target found for /Users/zachwinslett/Code/strava-cli/src/main/java/com/zwinslett/strava/api/StravaAPIClient.java. Using fallback presentation compiler.
2026.05.08 10:30:27 INFO  no build target found for /Users/zachwinslett/Code/strava-cli/src/main/java/com/zwinslett/strava/api/StravaAPIClient.java. Using fallback presentation compiler.
2026.05.08 10:30:27 INFO  no build target found for /Users/zachwinslett/Code/strava-cli/src/main/java/com/zwinslett/strava/api/StravaAPIClient.java. Using fallback presentation compiler.
2026.05.08 10:30:27 INFO  no build target found for /Users/zachwinslett/Code/strava-cli/src/main/java/com/zwinslett/strava/api/StravaAPIClient.java. Using fallback presentation compiler.
2026.05.08 10:30:27 INFO  no build target found for /Users/zachwinslett/Code/strava-cli/src/main/java/com/zwinslett/strava/api/StravaAPIClient.java. Using fallback presentation compiler.
2026.05.08 10:30:27 INFO  no build target found for /Users/zachwinslett/Code/strava-cli/src/main/java/com/zwinslett/strava/api/StravaAPIClient.java. Using fallback presentation compiler.
2026.05.08 10:30:27 INFO  no build target found for /Users/zachwinslett/Code/strava-cli/src/main/java/com/zwinslett/strava/api/StravaAPIClient.java. Using fallback presentation compiler.
2026.05.08 10:30:27 INFO  no build target found for /Users/zachwinslett/Code/strava-cli/src/main/java/com/zwinslett/strava/api/StravaAPIClient.java. Using fallback presentation compiler.
2026.05.08 10:30:27 INFO  no build target found for /Users/zachwinslett/Code/strava-cli/src/main/java/com/zwinslett/strava/api/StravaAPIClient.java. Using fallback presentation compiler.
2026.05.08 10:30:27 INFO  no build target found for /Users/zachwinslett/Code/strava-cli/src/main/java/com/zwinslett/strava/api/StravaAPIClient.java. Using fallback presentation compiler.
2026.05.08 10:30:28 INFO  no build target found for /Users/zachwinslett/Code/strava-cli/src/main/java/com/zwinslett/strava/api/StravaAPIClient.java. Using fallback presentation compiler.
2026.05.08 10:30:27 INFO  no build target found for /Users/zachwinslett/Code/strava-cli/src/main/java/com/zwinslett/strava/api/StravaAPIClient.java. Using fallback presentation compiler.
2026.05.08 10:30:28 INFO  no build target found for /Users/zachwinslett/Code/strava-cli/src/main/java/com/zwinslett/strava/api/StravaAPIClient.java. Using fallback presentation compiler.
2026.05.08 10:30:28 INFO  no build target found for /Users/zachwinslett/Code/strava-cli/src/main/java/com/zwinslett/strava/api/StravaAPIClient.java. Using fallback presentation compiler.
2026.05.08 10:30:28 INFO  no build target found for /Users/zachwinslett/Code/strava-cli/src/main/java/com/zwinslett/strava/api/StravaAPIClient.java. Using fallback presentation compiler.
2026.05.08 10:30:28 INFO  no build target found for /Users/zachwinslett/Code/strava-cli/src/main/java/com/zwinslett/strava/api/StravaAPIClient.java. Using fallback presentation compiler.
2026.05.08 10:30:28 INFO  no build target found for /Users/zachwinslett/Code/strava-cli/src/main/java/com/zwinslett/strava/api/StravaAPIClient.java. Using fallback presentation compiler.
2026.05.08 10:30:28 INFO  no build target found for /Users/zachwinslett/Code/strava-cli/src/main/java/com/zwinslett/strava/api/StravaAPIClient.java. Using fallback presentation compiler.
2026.05.08 10:30:29 INFO  no build target found for /Users/zachwinslett/Code/strava-cli/src/main/java/com/zwinslett/strava/api/StravaAPIClient.java. Using fallback presentation compiler.
2026.05.08 10:30:28 INFO  no build target found for /Users/zachwinslett/Code/strava-cli/src/main/java/com/zwinslett/strava/api/StravaAPIClient.java. Using fallback presentation compiler.
2026.05.08 10:30:29 INFO  no build target found for /Users/zachwinslett/Code/strava-cli/src/main/java/com/zwinslett/strava/api/StravaAPIClient.java. Using fallback presentation compiler.
2026.05.08 10:30:29 INFO  no build target found for /Users/zachwinslett/Code/strava-cli/src/main/java/com/zwinslett/strava/api/StravaAPIClient.java. Using fallback presentation compiler.
2026.05.08 10:30:29 INFO  no build target found for /Users/zachwinslett/Code/strava-cli/src/main/java/com/zwinslett/strava/api/StravaAPIClient.java. Using fallback presentation compiler.
2026.05.08 10:30:30 INFO  no build target found for /Users/zachwinslett/Code/strava-cli/src/main/java/com/zwinslett/strava/api/StravaAPIClient.java. Using fallback presentation compiler.
2026.05.08 10:30:29 INFO  no build target found for /Users/zachwinslett/Code/strava-cli/src/main/java/com/zwinslett/strava/api/StravaAPIClient.java. Using fallback presentation compiler.
2026.05.08 10:30:31 INFO  no build target found for /Users/zachwinslett/Code/strava-cli/src/main/java/com/zwinslett/strava/api/StravaAPIClient.java. Using fallback presentation compiler.
2026.05.08 10:30:31 INFO  no build target found for /Users/zachwinslett/Code/strava-cli/src/main/java/com/zwinslett/strava/api/StravaAPIClient.java. Using fallback presentation compiler.
2026.05.08 10:30:31 INFO  no build target found for /Users/zachwinslett/Code/strava-cli/src/main/java/com/zwinslett/strava/api/StravaAPIClient.java. Using fallback presentation compiler.
2026.05.08 10:30:31 INFO  no build target found for /Users/zachwinslett/Code/strava-cli/src/main/java/com/zwinslett/strava/api/StravaAPIClient.java. Using fallback presentation compiler.
2026.05.08 10:30:31 INFO  no build target found for /Users/zachwinslett/Code/strava-cli/src/main/java/com/zwinslett/strava/api/StravaAPIClient.java. Using fallback presentation compiler.
2026.05.08 10:30:31 INFO  no build target found for /Users/zachwinslett/Code/strava-cli/src/main/java/com/zwinslett/strava/api/StravaAPIClient.java. Using fallback presentation compiler.
2026.05.08 10:30:31 INFO  no build target found for /Users/zachwinslett/Code/strava-cli/src/main/java/com/zwinslett/strava/api/StravaAPIClient.java. Using fallback presentation compiler.
2026.05.08 10:30:32 INFO  no build target found for /Users/zachwinslett/Code/strava-cli/src/main/java/com/zwinslett/strava/api/StravaAPIClient.java. Using fallback presentation compiler.
2026.05.08 10:30:32 INFO  no build target found for /Users/zachwinslett/Code/strava-cli/src/main/java/com/zwinslett/strava/api/StravaAPIClient.java. Using fallback presentation compiler.
2026.05.08 10:30:32 INFO  no build target found for /Users/zachwinslett/Code/strava-cli/src/main/java/com/zwinslett/strava/api/StravaAPIClient.java. Using fallback presentation compiler.
2026.05.08 10:30:33 INFO  no build target found for /Users/zachwinslett/Code/strava-cli/src/main/java/com/zwinslett/strava/api/StravaAPIClient.java. Using fallback presentation compiler.
2026.05.08 10:30:33 INFO  no build target found for /Users/zachwinslett/Code/strava-cli/src/main/java/com/zwinslett/strava/api/StravaAPIClient.java. Using fallback presentation compiler.
2026.05.08 10:30:33 INFO  no build target found for /Users/zachwinslett/Code/strava-cli/src/main/java/com/zwinslett/strava/api/StravaAPIClient.java. Using fallback presentation compiler.
2026.05.08 10:30:33 INFO  no build target found for /Users/zachwinslett/Code/strava-cli/src/main/java/com/zwinslett/strava/api/StravaAPIClient.java. Using fallback presentation compiler.
2026.05.08 10:30:33 INFO  no build target found for /Users/zachwinslett/Code/strava-cli/src/main/java/com/zwinslett/strava/api/StravaAPIClient.java. Using fallback presentation compiler.
2026.05.08 10:30:33 INFO  no build target found for /Users/zachwinslett/Code/strava-cli/src/main/java/com/zwinslett/strava/api/StravaAPIClient.java. Using fallback presentation compiler.
2026.05.08 10:30:33 INFO  no build target found for /Users/zachwinslett/Code/strava-cli/src/main/java/com/zwinslett/strava/api/StravaAPIClient.java. Using fallback presentation compiler.
2026.05.08 10:30:34 INFO  no build target found for /Users/zachwinslett/Code/strava-cli/src/main/java/com/zwinslett/strava/api/StravaAPIClient.java. Using fallback presentation compiler.
2026.05.08 10:30:35 INFO  no build target found for /Users/zachwinslett/Code/strava-cli/src/main/java/com/zwinslett/strava/api/StravaAPIClient.java. Using fallback presentation compiler.
2026.05.08 10:30:35 INFO  no build target found for /Users/zachwinslett/Code/strava-cli/src/main/java/com/zwinslett/strava/api/StravaAPIClient.java. Using fallback presentation compiler.
2026.05.08 10:30:35 INFO  no build target found for /Users/zachwinslett/Code/strava-cli/src/main/java/com/zwinslett/strava/api/StravaAPIClient.java. Using fallback presentation compiler.
2026.05.08 10:30:35 INFO  no build target found for /Users/zachwinslett/Code/strava-cli/src/main/java/com/zwinslett/strava/api/StravaAPIClient.java. Using fallback presentation compiler.
2026.05.08 10:30:36 INFO  no build target found for /Users/zachwinslett/Code/strava-cli/src/main/java/com/zwinslett/strava/api/StravaAPIClient.java. Using fallback presentation compiler.
2026.05.08 10:30:37 INFO  no build target found for /Users/zachwinslett/Code/strava-cli/src/main/java/com/zwinslett/strava/api/StravaAPIClient.java. Using fallback presentation compiler.
2026.05.08 10:30:37 INFO  no build target found for /Users/zachwinslett/Code/strava-cli/src/main/java/com/zwinslett/strava/api/StravaAPIClient.java. Using fallback presentation compiler.
2026.05.08 10:30:37 INFO  no build target found for /Users/zachwinslett/Code/strava-cli/src/main/java/com/zwinslett/strava/api/StravaAPIClient.java. Using fallback presentation compiler.
2026.05.08 10:30:37 INFO  no build target found for /Users/zachwinslett/Code/strava-cli/src/main/java/com/zwinslett/strava/api/StravaAPIClient.java. Using fallback presentation compiler.
2026.05.08 10:30:37 INFO  no build target found for /Users/zachwinslett/Code/strava-cli/src/main/java/com/zwinslett/strava/api/StravaAPIClient.java. Using fallback presentation compiler.
2026.05.08 10:30:37 INFO  no build target found for /Users/zachwinslett/Code/strava-cli/src/main/java/com/zwinslett/strava/api/StravaAPIClient.java. Using fallback presentation compiler.
2026.05.08 10:30:37 INFO  no build target found for /Users/zachwinslett/Code/strava-cli/src/main/java/com/zwinslett/strava/api/StravaAPIClient.java. Using fallback presentation compiler.
2026.05.08 10:30:37 INFO  no build target found for /Users/zachwinslett/Code/strava-cli/src/main/java/com/zwinslett/strava/api/StravaAPIClient.java. Using fallback presentation compiler.
2026.05.08 10:30:38 INFO  no build target found for /Users/zachwinslett/Code/strava-cli/src/main/java/com/zwinslett/strava/api/StravaAPIClient.java. Using fallback presentation compiler.
2026.05.08 10:30:38 INFO  no build target found for /Users/zachwinslett/Code/strava-cli/src/main/java/com/zwinslett/strava/api/StravaAPIClient.java. Using fallback presentation compiler.
2026.05.08 10:30:38 INFO  no build target found for /Users/zachwinslett/Code/strava-cli/src/main/java/com/zwinslett/strava/api/StravaAPIClient.java. Using fallback presentation compiler.
2026.05.08 10:30:38 INFO  no build target found for /Users/zachwinslett/Code/strava-cli/src/main/java/com/zwinslett/strava/api/StravaAPIClient.java. Using fallback presentation compiler.
2026.05.08 10:30:38 INFO  no build target found for /Users/zachwinslett/Code/strava-cli/src/main/java/com/zwinslett/strava/api/StravaAPIClient.java. Using fallback presentation compiler.
2026.05.08 10:30:38 INFO  no build target found for /Users/zachwinslett/Code/strava-cli/src/main/java/com/zwinslett/strava/api/StravaAPIClient.java. Using fallback presentation compiler.
2026.05.08 10:30:39 INFO  no build target found for /Users/zachwinslett/Code/strava-cli/src/main/java/com/zwinslett/strava/api/StravaAPIClient.java. Using fallback presentation compiler.
2026.05.08 10:30:39 INFO  no build target found for /Users/zachwinslett/Code/strava-cli/src/main/java/com/zwinslett/strava/api/StravaAPIClient.java. Using fallback presentation compiler.
2026.05.08 10:30:39 INFO  no build target found for /Users/zachwinslett/Code/strava-cli/src/main/java/com/zwinslett/strava/api/StravaAPIClient.java. Using fallback presentation compiler.
2026.05.08 10:30:39 INFO  no build target found for /Users/zachwinslett/Code/strava-cli/src/main/java/com/zwinslett/strava/api/StravaAPIClient.java. Using fallback presentation compiler.
2026.05.08 10:30:45 INFO  no build target found for /Users/zachwinslett/Code/strava-cli/src/main/java/com/zwinslett/strava/api/StravaAPIClient.java. Using fallback presentation compiler.
2026.05.08 10:30:45 INFO  no build target found for /Users/zachwinslett/Code/strava-cli/src/main/java/com/zwinslett/strava/api/StravaAPIClient.java. Using fallback presentation compiler.
2026.05.08 10:30:45 INFO  no build target found for /Users/zachwinslett/Code/strava-cli/src/main/java/com/zwinslett/strava/api/StravaAPIClient.java. Using fallback presentation compiler.
2026.05.08 10:30:45 INFO  no build target found for /Users/zachwinslett/Code/strava-cli/src/main/java/com/zwinslett/strava/api/StravaAPIClient.java. Using fallback presentation compiler.
2026.05.08 10:30:45 INFO  no build target found for /Users/zachwinslett/Code/strava-cli/src/main/java/com/zwinslett/strava/api/StravaAPIClient.java. Using fallback presentation compiler.
2026.05.08 10:30:49 INFO  no build target found for /Users/zachwinslett/Code/strava-cli/src/main/java/com/zwinslett/strava/api/StravaAPIClient.java. Using fallback presentation compiler.
2026.05.08 10:30:49 INFO  no build target found for /Users/zachwinslett/Code/strava-cli/src/main/java/com/zwinslett/strava/api/StravaAPIClient.java. Using fallback presentation compiler.
2026.05.08 10:30:49 INFO  no build target found for /Users/zachwinslett/Code/strava-cli/src/main/java/com/zwinslett/strava/api/StravaAPIClient.java. Using fallback presentation compiler.
2026.05.08 10:30:49 INFO  no build target found for /Users/zachwinslett/Code/strava-cli/src/main/java/com/zwinslett/strava/api/StravaAPIClient.java. Using fallback presentation compiler.
2026.05.08 10:30:50 INFO  no build target found for /Users/zachwinslett/Code/strava-cli/src/main/java/com/zwinslett/strava/api/StravaAPIClient.java. Using fallback presentation compiler.
2026.05.08 10:30:49 INFO  no build target found for /Users/zachwinslett/Code/strava-cli/src/main/java/com/zwinslett/strava/api/StravaAPIClient.java. Using fallback presentation compiler.
2026.05.08 10:30:49 INFO  no build target found for /Users/zachwinslett/Code/strava-cli/src/main/java/com/zwinslett/strava/api/StravaAPIClient.java. Using fallback presentation compiler.
2026.05.08 10:30:49 INFO  no build target found for /Users/zachwinslett/Code/strava-cli/src/main/java/com/zwinslett/strava/api/StravaAPIClient.java. Using fallback presentation compiler.
2026.05.08 10:30:49 INFO  no build target found for /Users/zachwinslett/Code/strava-cli/src/main/java/com/zwinslett/strava/api/StravaAPIClient.java. Using fallback presentation compiler.
2026.05.08 10:30:50 INFO  no build target found for /Users/zachwinslett/Code/strava-cli/src/main/java/com/zwinslett/strava/api/StravaAPIClient.java. Using fallback presentation compiler.
2026.05.08 10:30:50 INFO  no build target found for /Users/zachwinslett/Code/strava-cli/src/main/java/com/zwinslett/strava/api/StravaAPIClient.java. Using fallback presentation compiler.
2026.05.08 10:30:50 INFO  no build target found for /Users/zachwinslett/Code/strava-cli/src/main/java/com/zwinslett/strava/api/StravaAPIClient.java. Using fallback presentation compiler.
2026.05.08 10:30:50 INFO  no build target found for /Users/zachwinslett/Code/strava-cli/src/main/java/com/zwinslett/strava/api/StravaAPIClient.java. Using fallback presentation compiler.
2026.05.08 10:30:50 INFO  no build target found for /Users/zachwinslett/Code/strava-cli/src/main/java/com/zwinslett/strava/api/StravaAPIClient.java. Using fallback presentation compiler.
2026.05.08 10:30:50 INFO  no build target found for /Users/zachwinslett/Code/strava-cli/src/main/java/com/zwinslett/strava/api/StravaAPIClient.java. Using fallback presentation compiler.
2026.05.08 10:30:50 INFO  no build target found for /Users/zachwinslett/Code/strava-cli/src/main/java/com/zwinslett/strava/api/StravaAPIClient.java. Using fallback presentation compiler.
2026.05.08 10:30:51 INFO  no build target found for /Users/zachwinslett/Code/strava-cli/src/main/java/com/zwinslett/strava/api/StravaAPIClient.java. Using fallback presentation compiler.
2026.05.08 10:30:50 INFO  no build target found for /Users/zachwinslett/Code/strava-cli/src/main/java/com/zwinslett/strava/api/StravaAPIClient.java. Using fallback presentation compiler.
2026.05.08 10:30:50 INFO  no build target found for /Users/zachwinslett/Code/strava-cli/src/main/java/com/zwinslett/strava/api/StravaAPIClient.java. Using fallback presentation compiler.
2026.05.08 10:30:50 INFO  no build target found for /Users/zachwinslett/Code/strava-cli/src/main/java/com/zwinslett/strava/api/StravaAPIClient.java. Using fallback presentation compiler.
2026.05.08 10:30:50 INFO  no build target found for /Users/zachwinslett/Code/strava-cli/src/main/java/com/zwinslett/strava/api/StravaAPIClient.java. Using fallback presentation compiler.
2026.05.08 10:30:51 INFO  no build target found for /Users/zachwinslett/Code/strava-cli/src/main/java/com/zwinslett/strava/api/StravaAPIClient.java. Using fallback presentation compiler.
2026.05.08 10:30:51 INFO  no build target found for /Users/zachwinslett/Code/strava-cli/src/main/java/com/zwinslett/strava/api/StravaAPIClient.java. Using fallback presentation compiler.
2026.05.08 10:30:51 INFO  no build target found for /Users/zachwinslett/Code/strava-cli/src/main/java/com/zwinslett/strava/api/StravaAPIClient.java. Using fallback presentation compiler.
2026.05.08 10:30:51 INFO  no build target found for /Users/zachwinslett/Code/strava-cli/src/main/java/com/zwinslett/strava/api/StravaAPIClient.java. Using fallback presentation compiler.
2026.05.08 10:30:51 INFO  no build target found for /Users/zachwinslett/Code/strava-cli/src/main/java/com/zwinslett/strava/api/StravaAPIClient.java. Using fallback presentation compiler.
2026.05.08 10:30:51 INFO  no build target found for /Users/zachwinslett/Code/strava-cli/src/main/java/com/zwinslett/strava/api/StravaAPIClient.java. Using fallback presentation compiler.
2026.05.08 10:30:51 INFO  no build target found for /Users/zachwinslett/Code/strava-cli/src/main/java/com/zwinslett/strava/api/StravaAPIClient.java. Using fallback presentation compiler.
2026.05.08 10:30:52 INFO  no build target found for /Users/zachwinslett/Code/strava-cli/src/main/java/com/zwinslett/strava/api/StravaAPIClient.java. Using fallback presentation compiler.
2026.05.08 10:30:52 INFO  no build target found for /Users/zachwinslett/Code/strava-cli/src/main/java/com/zwinslett/strava/api/StravaAPIClient.java. Using fallback presentation compiler.
2026.05.08 10:30:52 INFO  no build target found for /Users/zachwinslett/Code/strava-cli/src/main/java/com/zwinslett/strava/api/StravaAPIClient.java. Using fallback presentation compiler.
2026.05.08 10:30:56 INFO  no build target found for /Users/zachwinslett/Code/strava-cli/src/main/java/com/zwinslett/strava/api/StravaAPIClient.java. Using fallback presentation compiler.
2026.05.08 10:30:56 INFO  no build target found for /Users/zachwinslett/Code/strava-cli/src/main/java/com/zwinslett/strava/api/StravaAPIClient.java. Using fallback presentation compiler.
2026.05.08 10:30:56 INFO  no build target found for /Users/zachwinslett/Code/strava-cli/src/main/java/com/zwinslett/strava/api/StravaAPIClient.java. Using fallback presentation compiler.
2026.05.08 10:30:57 INFO  no build target found for /Users/zachwinslett/Code/strava-cli/src/main/java/com/zwinslett/strava/api/StravaAPIClient.java. Using fallback presentation compiler.
2026.05.08 10:30:56 INFO  no build target found for /Users/zachwinslett/Code/strava-cli/src/main/java/com/zwinslett/strava/api/StravaAPIClient.java. Using fallback presentation compiler.
2026.05.08 10:31:02 INFO  no build target found for /Users/zachwinslett/Code/strava-cli/src/main/java/com/zwinslett/strava/api/StravaAPIClient.java. Using fallback presentation compiler.
2026.05.08 10:31:02 INFO  no build target found for /Users/zachwinslett/Code/strava-cli/src/main/java/com/zwinslett/strava/api/StravaAPIClient.java. Using fallback presentation compiler.
2026.05.08 10:31:02 INFO  no build target found for /Users/zachwinslett/Code/strava-cli/src/main/java/com/zwinslett/strava/api/StravaAPIClient.java. Using fallback presentation compiler.
2026.05.08 10:31:02 INFO  no build target found for /Users/zachwinslett/Code/strava-cli/src/main/java/com/zwinslett/strava/api/StravaAPIClient.java. Using fallback presentation compiler.
2026.05.08 10:31:03 INFO  no build target found for /Users/zachwinslett/Code/strava-cli/src/main/java/com/zwinslett/strava/api/StravaAPIClient.java. Using fallback presentation compiler.
May 08, 2026 10:31:03 AM org.eclipse.lsp4j.jsonrpc.RemoteEndpoint handleCancellation
WARNING: Unmatched cancel notification for request id 877
2026.05.08 10:31:02 INFO  no build target found for /Users/zachwinslett/Code/strava-cli/src/main/java/com/zwinslett/strava/api/StravaAPIClient.java. Using fallback presentation compiler.
2026.05.08 10:31:02 INFO  no build target found for /Users/zachwinslett/Code/strava-cli/src/main/java/com/zwinslett/strava/api/StravaAPIClient.java. Using fallback presentation compiler.
2026.05.08 10:31:02 INFO  no build target found for /Users/zachwinslett/Code/strava-cli/src/main/java/com/zwinslett/strava/api/StravaAPIClient.java. Using fallback presentation compiler.
2026.05.08 10:31:02 INFO  no build target found for /Users/zachwinslett/Code/strava-cli/src/main/java/com/zwinslett/strava/api/StravaAPIClient.java. Using fallback presentation compiler.
2026.05.08 10:31:03 INFO  no build target found for /Users/zachwinslett/Code/strava-cli/src/main/java/com/zwinslett/strava/api/StravaAPIClient.java. Using fallback presentation compiler.
2026.05.08 10:31:02 INFO  no build target found for /Users/zachwinslett/Code/strava-cli/src/main/java/com/zwinslett/strava/api/StravaAPIClient.java. Using fallback presentation compiler.
2026.05.08 10:31:02 INFO  no build target found for /Users/zachwinslett/Code/strava-cli/src/main/java/com/zwinslett/strava/api/StravaAPIClient.java. Using fallback presentation compiler.
2026.05.08 10:31:02 INFO  no build target found for /Users/zachwinslett/Code/strava-cli/src/main/java/com/zwinslett/strava/api/StravaAPIClient.java. Using fallback presentation compiler.
2026.05.08 10:31:03 INFO  no build target found for /Users/zachwinslett/Code/strava-cli/src/main/java/com/zwinslett/strava/api/StravaAPIClient.java. Using fallback presentation compiler.
2026.05.08 10:31:03 INFO  no build target found for /Users/zachwinslett/Code/strava-cli/src/main/java/com/zwinslett/strava/api/StravaAPIClient.java. Using fallback presentation compiler.
2026.05.08 10:31:04 INFO  no build target found for /Users/zachwinslett/Code/strava-cli/src/main/java/com/zwinslett/strava/api/StravaAPIClient.java. Using fallback presentation compiler.
2026.05.08 10:31:03 INFO  no build target found for /Users/zachwinslett/Code/strava-cli/src/main/java/com/zwinslett/strava/api/StravaAPIClient.java. Using fallback presentation compiler.
2026.05.08 10:31:03 INFO  no build target found for /Users/zachwinslett/Code/strava-cli/src/main/java/com/zwinslett/strava/api/StravaAPIClient.java. Using fallback presentation compiler.
2026.05.08 10:31:03 INFO  no build target found for /Users/zachwinslett/Code/strava-cli/src/main/java/com/zwinslett/strava/api/StravaAPIClient.java. Using fallback presentation compiler.
2026.05.08 10:31:03 INFO  no build target found for /Users/zachwinslett/Code/strava-cli/src/main/java/com/zwinslett/strava/api/StravaAPIClient.java. Using fallback presentation compiler.
2026.05.08 10:31:03 INFO  no build target found for /Users/zachwinslett/Code/strava-cli/src/main/java/com/zwinslett/strava/api/StravaAPIClient.java. Using fallback presentation compiler.
2026.05.08 10:31:04 INFO  no build target found for /Users/zachwinslett/Code/strava-cli/src/main/java/com/zwinslett/strava/api/StravaAPIClient.java. Using fallback presentation compiler.
2026.05.08 10:31:05 INFO  no build target found for /Users/zachwinslett/Code/strava-cli/src/main/java/com/zwinslett/strava/api/StravaAPIClient.java. Using fallback presentation compiler.
2026.05.08 10:31:05 INFO  no build target found for /Users/zachwinslett/Code/strava-cli/src/main/java/com/zwinslett/strava/api/StravaAPIClient.java. Using fallback presentation compiler.
2026.05.08 10:31:05 INFO  no build target found for /Users/zachwinslett/Code/strava-cli/src/main/java/com/zwinslett/strava/api/StravaAPIClient.java. Using fallback presentation compiler.
2026.05.08 10:31:05 INFO  no build target found for /Users/zachwinslett/Code/strava-cli/src/main/java/com/zwinslett/strava/api/StravaAPIClient.java. Using fallback presentation compiler.
2026.05.08 10:31:05 INFO  no build target found for /Users/zachwinslett/Code/strava-cli/src/main/java/com/zwinslett/strava/api/StravaAPIClient.java. Using fallback presentation compiler.
2026.05.08 10:31:06 INFO  no build target found for /Users/zachwinslett/Code/strava-cli/src/main/java/com/zwinslett/strava/api/StravaAPIClient.java. Using fallback presentation compiler.
2026.05.08 10:31:06 INFO  no build target found for /Users/zachwinslett/Code/strava-cli/src/main/java/com/zwinslett/strava/api/StravaAPIClient.java. Using fallback presentation compiler.
2026.05.08 10:31:06 INFO  no build target found for /Users/zachwinslett/Code/strava-cli/src/main/java/com/zwinslett/strava/api/StravaAPIClient.java. Using fallback presentation compiler.
2026.05.08 10:31:06 INFO  no build target found for /Users/zachwinslett/Code/strava-cli/src/main/java/com/zwinslett/strava/api/StravaAPIClient.java. Using fallback presentation compiler.
2026.05.08 10:31:06 INFO  no build target found for /Users/zachwinslett/Code/strava-cli/src/main/java/com/zwinslett/strava/api/StravaAPIClient.java. Using fallback presentation compiler.
2026.05.08 10:31:07 INFO  no build target found for /Users/zachwinslett/Code/strava-cli/src/main/java/com/zwinslett/strava/api/StravaAPIClient.java. Using fallback presentation compiler.
2026.05.08 10:31:06 INFO  no build target found for /Users/zachwinslett/Code/strava-cli/src/main/java/com/zwinslett/strava/api/StravaAPIClient.java. Using fallback presentation compiler.
2026.05.08 10:31:07 INFO  no build target found for /Users/zachwinslett/Code/strava-cli/src/main/java/com/zwinslett/strava/api/StravaAPIClient.java. Using fallback presentation compiler.
2026.05.08 10:31:07 INFO  no build target found for /Users/zachwinslett/Code/strava-cli/src/main/java/com/zwinslett/strava/api/StravaAPIClient.java. Using fallback presentation compiler.
2026.05.08 10:31:07 INFO  no build target found for /Users/zachwinslett/Code/strava-cli/src/main/java/com/zwinslett/strava/api/StravaAPIClient.java. Using fallback presentation compiler.
2026.05.08 10:31:08 INFO  no build target found for /Users/zachwinslett/Code/strava-cli/src/main/java/com/zwinslett/strava/api/StravaAPIClient.java. Using fallback presentation compiler.
2026.05.08 10:31:07 INFO  no build target found for /Users/zachwinslett/Code/strava-cli/src/main/java/com/zwinslett/strava/api/StravaAPIClient.java. Using fallback presentation compiler.
2026.05.08 10:31:13 INFO  no build target found for /Users/zachwinslett/Code/strava-cli/src/main/java/com/zwinslett/strava/api/StravaAPIClient.java. Using fallback presentation compiler.
2026.05.08 10:31:13 INFO  no build target found for /Users/zachwinslett/Code/strava-cli/src/main/java/com/zwinslett/strava/api/StravaAPIClient.java. Using fallback presentation compiler.
2026.05.08 10:31:13 INFO  no build target found for /Users/zachwinslett/Code/strava-cli/src/main/java/com/zwinslett/strava/api/StravaAPIClient.java. Using fallback presentation compiler.
2026.05.08 10:31:14 INFO  no build target found for /Users/zachwinslett/Code/strava-cli/src/main/java/com/zwinslett/strava/api/StravaAPIClient.java. Using fallback presentation compiler.
2026.05.08 10:31:13 INFO  no build target found for /Users/zachwinslett/Code/strava-cli/src/main/java/com/zwinslett/strava/api/StravaAPIClient.java. Using fallback presentation compiler.
2026.05.08 10:31:17 INFO  no build target found for /Users/zachwinslett/Code/strava-cli/src/main/java/com/zwinslett/strava/api/StravaAPIClient.java. Using fallback presentation compiler.
2026.05.08 10:31:17 INFO  no build target found for /Users/zachwinslett/Code/strava-cli/src/main/java/com/zwinslett/strava/api/StravaAPIClient.java. Using fallback presentation compiler.
2026.05.08 10:31:17 INFO  no build target found for /Users/zachwinslett/Code/strava-cli/src/main/java/com/zwinslett/strava/api/StravaAPIClient.java. Using fallback presentation compiler.
2026.05.08 10:31:17 INFO  no build target found for /Users/zachwinslett/Code/strava-cli/src/main/java/com/zwinslett/strava/api/StravaAPIClient.java. Using fallback presentation compiler.
2026.05.08 10:31:18 INFO  no build target found for /Users/zachwinslett/Code/strava-cli/src/main/java/com/zwinslett/strava/api/StravaAPIClient.java. Using fallback presentation compiler.
2026.05.08 10:31:17 INFO  no build target found for /Users/zachwinslett/Code/strava-cli/src/main/java/com/zwinslett/strava/api/StravaAPIClient.java. Using fallback presentation compiler.
2026.05.08 10:31:17 INFO  no build target found for /Users/zachwinslett/Code/strava-cli/src/main/java/com/zwinslett/strava/api/StravaAPIClient.java. Using fallback presentation compiler.
2026.05.08 10:31:24 INFO  no build target found for /Users/zachwinslett/Code/strava-cli/src/main/java/com/zwinslett/strava/api/StravaAPIClient.java. Using fallback presentation compiler.
2026.05.08 10:31:24 INFO  no build target found for /Users/zachwinslett/Code/strava-cli/src/main/java/com/zwinslett/strava/api/StravaAPIClient.java. Using fallback presentation compiler.
2026.05.08 10:31:24 INFO  no build target found for /Users/zachwinslett/Code/strava-cli/src/main/java/com/zwinslett/strava/api/StravaAPIClient.java. Using fallback presentation compiler.
2026.05.08 10:31:24 INFO  no build target found for /Users/zachwinslett/Code/strava-cli/src/main/java/com/zwinslett/strava/api/StravaAPIClient.java. Using fallback presentation compiler.
2026.05.08 10:31:24 INFO  no build target found for /Users/zachwinslett/Code/strava-cli/src/main/java/com/zwinslett/strava/api/StravaAPIClient.java. Using fallback presentation compiler.
2026.05.08 10:31:24 INFO  no build target found for /Users/zachwinslett/Code/strava-cli/src/main/java/com/zwinslett/strava/api/StravaAPIClient.java. Using fallback presentation compiler.
2026.05.08 10:31:24 INFO  no build target found for /Users/zachwinslett/Code/strava-cli/src/main/java/com/zwinslett/strava/api/StravaAPIClient.java. Using fallback presentation compiler.
2026.05.08 10:31:24 INFO  no build target found for /Users/zachwinslett/Code/strava-cli/src/main/java/com/zwinslett/strava/api/StravaAPIClient.java. Using fallback presentation compiler.
2026.05.08 10:31:24 INFO  no build target found for /Users/zachwinslett/Code/strava-cli/src/main/java/com/zwinslett/strava/api/StravaAPIClient.java. Using fallback presentation compiler.
2026.05.08 10:31:24 INFO  no build target found for /Users/zachwinslett/Code/strava-cli/src/main/java/com/zwinslett/strava/api/StravaAPIClient.java. Using fallback presentation compiler.
2026.05.08 10:31:24 INFO  no build target found for /Users/zachwinslett/Code/strava-cli/src/main/java/com/zwinslett/strava/api/StravaAPIClient.java. Using fallback presentation compiler.
2026.05.08 10:31:24 INFO  no build target found for /Users/zachwinslett/Code/strava-cli/src/main/java/com/zwinslett/strava/api/StravaAPIClient.java. Using fallback presentation compiler.
2026.05.08 10:31:24 INFO  no build target found for /Users/zachwinslett/Code/strava-cli/src/main/java/com/zwinslett/strava/api/StravaAPIClient.java. Using fallback presentation compiler.
2026.05.08 10:31:24 INFO  no build target found for /Users/zachwinslett/Code/strava-cli/src/main/java/com/zwinslett/strava/api/StravaAPIClient.java. Using fallback presentation compiler.
2026.05.08 10:31:24 INFO  no build target found for /Users/zachwinslett/Code/strava-cli/src/main/java/com/zwinslett/strava/api/StravaAPIClient.java. Using fallback presentation compiler.
2026.05.08 10:31:25 INFO  no build target found for /Users/zachwinslett/Code/strava-cli/src/main/java/com/zwinslett/strava/api/StravaAPIClient.java. Using fallback presentation compiler.
2026.05.08 10:31:24 INFO  no build target found for /Users/zachwinslett/Code/strava-cli/src/main/java/com/zwinslett/strava/api/StravaAPIClient.java. Using fallback presentation compiler.
2026.05.08 10:31:25 INFO  no build target found for /Users/zachwinslett/Code/strava-cli/src/main/java/com/zwinslett/strava/api/StravaAPIClient.java. Using fallback presentation compiler.
2026.05.08 10:31:25 INFO  no build target found for /Users/zachwinslett/Code/strava-cli/src/main/java/com/zwinslett/strava/api/StravaAPIClient.java. Using fallback presentation compiler.
2026.05.08 10:31:25 INFO  no build target found for /Users/zachwinslett/Code/strava-cli/src/main/java/com/zwinslett/strava/api/StravaAPIClient.java. Using fallback presentation compiler.
2026.05.08 10:31:25 INFO  no build target found for /Users/zachwinslett/Code/strava-cli/src/main/java/com/zwinslett/strava/api/StravaAPIClient.java. Using fallback presentation compiler.
2026.05.08 10:31:25 INFO  no build target found for /Users/zachwinslett/Code/strava-cli/src/main/java/com/zwinslett/strava/api/StravaAPIClient.java. Using fallback presentation compiler.
2026.05.08 10:31:25 INFO  no build target found for /Users/zachwinslett/Code/strava-cli/src/main/java/com/zwinslett/strava/api/StravaAPIClient.java. Using fallback presentation compiler.
2026.05.08 10:31:25 INFO  no build target found for /Users/zachwinslett/Code/strava-cli/src/main/java/com/zwinslett/strava/api/StravaAPIClient.java. Using fallback presentation compiler.
2026.05.08 10:31:25 INFO  no build target found for /Users/zachwinslett/Code/strava-cli/src/main/java/com/zwinslett/strava/api/StravaAPIClient.java. Using fallback presentation compiler.
2026.05.08 10:31:25 INFO  no build target found for /Users/zachwinslett/Code/strava-cli/src/main/java/com/zwinslett/strava/api/StravaAPIClient.java. Using fallback presentation compiler.
2026.05.08 10:31:25 INFO  no build target found for /Users/zachwinslett/Code/strava-cli/src/main/java/com/zwinslett/strava/api/StravaAPIClient.java. Using fallback presentation compiler.
2026.05.08 10:31:25 INFO  no build target found for /Users/zachwinslett/Code/strava-cli/src/main/java/com/zwinslett/strava/api/StravaAPIClient.java. Using fallback presentation compiler.
2026.05.08 10:31:25 INFO  no build target found for /Users/zachwinslett/Code/strava-cli/src/main/java/com/zwinslett/strava/api/StravaAPIClient.java. Using fallback presentation compiler.
2026.05.08 10:31:26 INFO  no build target found for /Users/zachwinslett/Code/strava-cli/src/main/java/com/zwinslett/strava/api/StravaAPIClient.java. Using fallback presentation compiler.
2026.05.08 10:31:25 INFO  no build target found for /Users/zachwinslett/Code/strava-cli/src/main/java/com/zwinslett/strava/api/StravaAPIClient.java. Using fallback presentation compiler.
2026.05.08 10:31:25 INFO  no build target found for /Users/zachwinslett/Code/strava-cli/src/main/java/com/zwinslett/strava/api/StravaAPIClient.java. Using fallback presentation compiler.
2026.05.08 10:31:26 INFO  no build target found for /Users/zachwinslett/Code/strava-cli/src/main/java/com/zwinslett/strava/api/StravaAPIClient.java. Using fallback presentation compiler.
2026.05.08 10:31:26 INFO  no build target found for /Users/zachwinslett/Code/strava-cli/src/main/java/com/zwinslett/strava/api/StravaAPIClient.java. Using fallback presentation compiler.
2026.05.08 10:31:26 INFO  no build target found for /Users/zachwinslett/Code/strava-cli/src/main/java/com/zwinslett/strava/api/StravaAPIClient.java. Using fallback presentation compiler.
2026.05.08 10:31:26 INFO  no build target found for /Users/zachwinslett/Code/strava-cli/src/main/java/com/zwinslett/strava/api/StravaAPIClient.java. Using fallback presentation compiler.
2026.05.08 10:31:26 INFO  no build target found for /Users/zachwinslett/Code/strava-cli/src/main/java/com/zwinslett/strava/api/StravaAPIClient.java. Using fallback presentation compiler.
2026.05.08 10:31:26 INFO  no build target found for /Users/zachwinslett/Code/strava-cli/src/main/java/com/zwinslett/strava/api/StravaAPIClient.java. Using fallback presentation compiler.
2026.05.08 10:31:26 INFO  no build target found for /Users/zachwinslett/Code/strava-cli/src/main/java/com/zwinslett/strava/api/StravaAPIClient.java. Using fallback presentation compiler.
2026.05.08 10:31:26 INFO  no build target found for /Users/zachwinslett/Code/strava-cli/src/main/java/com/zwinslett/strava/api/StravaAPIClient.java. Using fallback presentation compiler.
2026.05.08 10:31:26 INFO  no build target found for /Users/zachwinslett/Code/strava-cli/src/main/java/com/zwinslett/strava/api/StravaAPIClient.java. Using fallback presentation compiler.
2026.05.08 10:31:26 INFO  no build target found for /Users/zachwinslett/Code/strava-cli/src/main/java/com/zwinslett/strava/api/StravaAPIClient.java. Using fallback presentation compiler.
2026.05.08 10:31:26 INFO  no build target found for /Users/zachwinslett/Code/strava-cli/src/main/java/com/zwinslett/strava/api/StravaAPIClient.java. Using fallback presentation compiler.
2026.05.08 10:31:26 INFO  no build target found for /Users/zachwinslett/Code/strava-cli/src/main/java/com/zwinslett/strava/api/StravaAPIClient.java. Using fallback presentation compiler.
2026.05.08 10:31:26 INFO  no build target found for /Users/zachwinslett/Code/strava-cli/src/main/java/com/zwinslett/strava/api/StravaAPIClient.java. Using fallback presentation compiler.
2026.05.08 10:31:26 INFO  no build target found for /Users/zachwinslett/Code/strava-cli/src/main/java/com/zwinslett/strava/api/StravaAPIClient.java. Using fallback presentation compiler.
2026.05.08 10:31:26 INFO  no build target found for /Users/zachwinslett/Code/strava-cli/src/main/java/com/zwinslett/strava/api/StravaAPIClient.java. Using fallback presentation compiler.
2026.05.08 10:31:26 INFO  no build target found for /Users/zachwinslett/Code/strava-cli/src/main/java/com/zwinslett/strava/api/StravaAPIClient.java. Using fallback presentation compiler.
2026.05.08 10:31:26 INFO  no build target found for /Users/zachwinslett/Code/strava-cli/src/main/java/com/zwinslett/strava/api/StravaAPIClient.java. Using fallback presentation compiler.
2026.05.08 10:31:27 INFO  no build target found for /Users/zachwinslett/Code/strava-cli/src/main/java/com/zwinslett/strava/api/StravaAPIClient.java. Using fallback presentation compiler.
2026.05.08 10:31:27 INFO  no build target found for /Users/zachwinslett/Code/strava-cli/src/main/java/com/zwinslett/strava/api/StravaAPIClient.java. Using fallback presentation compiler.
2026.05.08 10:31:27 INFO  no build target found for /Users/zachwinslett/Code/strava-cli/src/main/java/com/zwinslett/strava/api/StravaAPIClient.java. Using fallback presentation compiler.
2026.05.08 10:31:27 INFO  no build target found for /Users/zachwinslett/Code/strava-cli/src/main/java/com/zwinslett/strava/api/StravaAPIClient.java. Using fallback presentation compiler.
2026.05.08 10:31:27 INFO  no build target found for /Users/zachwinslett/Code/strava-cli/src/main/java/com/zwinslett/strava/api/StravaAPIClient.java. Using fallback presentation compiler.
2026.05.08 10:31:27 INFO  no build target found for /Users/zachwinslett/Code/strava-cli/src/main/java/com/zwinslett/strava/api/StravaAPIClient.java. Using fallback presentation compiler.
2026.05.08 10:31:27 INFO  no build target found for /Users/zachwinslett/Code/strava-cli/src/main/java/com/zwinslett/strava/api/StravaAPIClient.java. Using fallback presentation compiler.
2026.05.08 10:31:27 INFO  no build target found for /Users/zachwinslett/Code/strava-cli/src/main/java/com/zwinslett/strava/api/StravaAPIClient.java. Using fallback presentation compiler.
2026.05.08 10:31:28 INFO  no build target found for /Users/zachwinslett/Code/strava-cli/src/main/java/com/zwinslett/strava/api/StravaAPIClient.java. Using fallback presentation compiler.
2026.05.08 10:31:27 INFO  no build target found for /Users/zachwinslett/Code/strava-cli/src/main/java/com/zwinslett/strava/api/StravaAPIClient.java. Using fallback presentation compiler.
2026.05.08 10:31:27 INFO  no build target found for /Users/zachwinslett/Code/strava-cli/src/main/java/com/zwinslett/strava/api/StravaAPIClient.java. Using fallback presentation compiler.
2026.05.08 10:31:27 INFO  no build target found for /Users/zachwinslett/Code/strava-cli/src/main/java/com/zwinslett/strava/api/StravaAPIClient.java. Using fallback presentation compiler.
2026.05.08 10:31:27 INFO  no build target found for /Users/zachwinslett/Code/strava-cli/src/main/java/com/zwinslett/strava/api/StravaAPIClient.java. Using fallback presentation compiler.
2026.05.08 10:31:27 INFO  no build target found for /Users/zachwinslett/Code/strava-cli/src/main/java/com/zwinslett/strava/api/StravaAPIClient.java. Using fallback presentation compiler.
2026.05.08 10:31:28 INFO  no build target found for /Users/zachwinslett/Code/strava-cli/src/main/java/com/zwinslett/strava/api/StravaAPIClient.java. Using fallback presentation compiler.
2026.05.08 10:31:27 INFO  no build target found for /Users/zachwinslett/Code/strava-cli/src/main/java/com/zwinslett/strava/api/StravaAPIClient.java. Using fallback presentation compiler.
2026.05.08 10:31:28 INFO  no build target found for /Users/zachwinslett/Code/strava-cli/src/main/java/com/zwinslett/strava/api/StravaAPIClient.java. Using fallback presentation compiler.
2026.05.08 10:31:28 INFO  no build target found for /Users/zachwinslett/Code/strava-cli/src/main/java/com/zwinslett/strava/api/StravaAPIClient.java. Using fallback presentation compiler.
2026.05.08 10:31:28 INFO  no build target found for /Users/zachwinslett/Code/strava-cli/src/main/java/com/zwinslett/strava/api/StravaAPIClient.java. Using fallback presentation compiler.
2026.05.08 10:31:28 INFO  no build target found for /Users/zachwinslett/Code/strava-cli/src/main/java/com/zwinslett/strava/api/StravaAPIClient.java. Using fallback presentation compiler.
2026.05.08 10:31:28 INFO  no build target found for /Users/zachwinslett/Code/strava-cli/src/main/java/com/zwinslett/strava/api/StravaAPIClient.java. Using fallback presentation compiler.
2026.05.08 10:31:28 INFO  no build target found for /Users/zachwinslett/Code/strava-cli/src/main/java/com/zwinslett/strava/api/StravaAPIClient.java. Using fallback presentation compiler.
2026.05.08 10:31:28 INFO  no build target found for /Users/zachwinslett/Code/strava-cli/src/main/java/com/zwinslett/strava/api/StravaAPIClient.java. Using fallback presentation compiler.
2026.05.08 10:31:28 INFO  no build target found for /Users/zachwinslett/Code/strava-cli/src/main/java/com/zwinslett/strava/api/StravaAPIClient.java. Using fallback presentation compiler.
2026.05.08 10:31:29 INFO  no build target found for /Users/zachwinslett/Code/strava-cli/src/main/java/com/zwinslett/strava/api/StravaAPIClient.java. Using fallback presentation compiler.
2026.05.08 10:31:29 INFO  no build target found for /Users/zachwinslett/Code/strava-cli/src/main/java/com/zwinslett/strava/api/StravaAPIClient.java. Using fallback presentation compiler.
2026.05.08 10:31:29 INFO  no build target found for /Users/zachwinslett/Code/strava-cli/src/main/java/com/zwinslett/strava/api/StravaAPIClient.java. Using fallback presentation compiler.
2026.05.08 10:31:29 INFO  no build target found for /Users/zachwinslett/Code/strava-cli/src/main/java/com/zwinslett/strava/api/StravaAPIClient.java. Using fallback presentation compiler.
2026.05.08 10:31:29 INFO  no build target found for /Users/zachwinslett/Code/strava-cli/src/main/java/com/zwinslett/strava/api/StravaAPIClient.java. Using fallback presentation compiler.
2026.05.08 10:31:30 INFO  no build target found for /Users/zachwinslett/Code/strava-cli/src/main/java/com/zwinslett/strava/api/StravaAPIClient.java. Using fallback presentation compiler.
2026.05.08 10:31:29 INFO  no build target found for /Users/zachwinslett/Code/strava-cli/src/main/java/com/zwinslett/strava/api/StravaAPIClient.java. Using fallback presentation compiler.
2026.05.08 10:31:29 INFO  no build target found for /Users/zachwinslett/Code/strava-cli/src/main/java/com/zwinslett/strava/api/StravaAPIClient.java. Using fallback presentation compiler.
2026.05.08 10:31:29 INFO  no build target found for /Users/zachwinslett/Code/strava-cli/src/main/java/com/zwinslett/strava/api/StravaAPIClient.java. Using fallback presentation compiler.
2026.05.08 10:31:30 INFO  no build target found for /Users/zachwinslett/Code/strava-cli/src/main/java/com/zwinslett/strava/api/StravaAPIClient.java. Using fallback presentation compiler.
2026.05.08 10:31:30 INFO  no build target found for /Users/zachwinslett/Code/strava-cli/src/main/java/com/zwinslett/strava/api/StravaAPIClient.java. Using fallback presentation compiler.
2026.05.08 10:31:36 INFO  no build target found for /Users/zachwinslett/Code/strava-cli/src/main/java/com/zwinslett/strava/api/StravaAPIClient.java. Using fallback presentation compiler.
2026.05.08 10:31:36 INFO  no build target found for /Users/zachwinslett/Code/strava-cli/src/main/java/com/zwinslett/strava/api/StravaAPIClient.java. Using fallback presentation compiler.
2026.05.08 10:31:36 INFO  no build target found for /Users/zachwinslett/Code/strava-cli/src/main/java/com/zwinslett/strava/api/StravaAPIClient.java. Using fallback presentation compiler.
2026.05.08 10:31:36 INFO  no build target found for /Users/zachwinslett/Code/strava-cli/src/main/java/com/zwinslett/strava/api/StravaAPIClient.java. Using fallback presentation compiler.
2026.05.08 10:31:36 INFO  no build target found for /Users/zachwinslett/Code/strava-cli/src/main/java/com/zwinslett/strava/api/StravaAPIClient.java. Using fallback presentation compiler.
2026.05.08 10:31:36 INFO  no build target found for /Users/zachwinslett/Code/strava-cli/src/main/java/com/zwinslett/strava/api/StravaAPIClient.java. Using fallback presentation compiler.
2026.05.08 10:31:36 INFO  no build target found for /Users/zachwinslett/Code/strava-cli/src/main/java/com/zwinslett/strava/api/StravaAPIClient.java. Using fallback presentation compiler.
2026.05.08 10:31:36 INFO  no build target found for /Users/zachwinslett/Code/strava-cli/src/main/java/com/zwinslett/strava/api/StravaAPIClient.java. Using fallback presentation compiler.
2026.05.08 10:31:36 INFO  no build target found for /Users/zachwinslett/Code/strava-cli/src/main/java/com/zwinslett/strava/api/StravaAPIClient.java. Using fallback presentation compiler.
2026.05.08 10:31:36 INFO  no build target found for /Users/zachwinslett/Code/strava-cli/src/main/java/com/zwinslett/strava/api/StravaAPIClient.java. Using fallback presentation compiler.
2026.05.08 10:31:36 INFO  no build target found for /Users/zachwinslett/Code/strava-cli/src/main/java/com/zwinslett/strava/api/StravaAPIClient.java. Using fallback presentation compiler.
2026.05.08 10:31:36 INFO  no build target found for /Users/zachwinslett/Code/strava-cli/src/main/java/com/zwinslett/strava/api/StravaAPIClient.java. Using fallback presentation compiler.
2026.05.08 10:31:36 INFO  no build target found for /Users/zachwinslett/Code/strava-cli/src/main/java/com/zwinslett/strava/api/StravaAPIClient.java. Using fallback presentation compiler.
2026.05.08 10:31:36 INFO  no build target found for /Users/zachwinslett/Code/strava-cli/src/main/java/com/zwinslett/strava/api/StravaAPIClient.java. Using fallback presentation compiler.
2026.05.08 10:31:36 INFO  no build target found for /Users/zachwinslett/Code/strava-cli/src/main/java/com/zwinslett/strava/api/StravaAPIClient.java. Using fallback presentation compiler.
2026.05.08 10:31:37 INFO  no build target found for /Users/zachwinslett/Code/strava-cli/src/main/java/com/zwinslett/strava/api/StravaAPIClient.java. Using fallback presentation compiler.
2026.05.08 10:31:37 INFO  no build target found for /Users/zachwinslett/Code/strava-cli/src/main/java/com/zwinslett/strava/api/StravaAPIClient.java. Using fallback presentation compiler.
2026.05.08 10:31:36 INFO  no build target found for /Users/zachwinslett/Code/strava-cli/src/main/java/com/zwinslett/strava/api/StravaAPIClient.java. Using fallback presentation compiler.
2026.05.08 10:31:37 INFO  no build target found for /Users/zachwinslett/Code/strava-cli/src/main/java/com/zwinslett/strava/api/StravaAPIClient.java. Using fallback presentation compiler.
2026.05.08 10:31:37 INFO  no build target found for /Users/zachwinslett/Code/strava-cli/src/main/java/com/zwinslett/strava/api/StravaAPIClient.java. Using fallback presentation compiler.
2026.05.08 10:31:37 INFO  no build target found for /Users/zachwinslett/Code/strava-cli/src/main/java/com/zwinslett/strava/api/StravaAPIClient.java. Using fallback presentation compiler.
2026.05.08 10:31:37 INFO  no build target found for /Users/zachwinslett/Code/strava-cli/src/main/java/com/zwinslett/strava/api/StravaAPIClient.java. Using fallback presentation compiler.
2026.05.08 10:31:37 INFO  no build target found for /Users/zachwinslett/Code/strava-cli/src/main/java/com/zwinslett/strava/api/StravaAPIClient.java. Using fallback presentation compiler.
2026.05.08 10:31:38 INFO  no build target found for /Users/zachwinslett/Code/strava-cli/src/main/java/com/zwinslett/strava/api/StravaAPIClient.java. Using fallback presentation compiler.
2026.05.08 10:31:38 INFO  no build target found for /Users/zachwinslett/Code/strava-cli/src/main/java/com/zwinslett/strava/api/StravaAPIClient.java. Using fallback presentation compiler.
2026.05.08 10:31:38 INFO  no build target found for /Users/zachwinslett/Code/strava-cli/src/main/java/com/zwinslett/strava/api/StravaAPIClient.java. Using fallback presentation compiler.
2026.05.08 10:31:38 INFO  no build target found for /Users/zachwinslett/Code/strava-cli/src/main/java/com/zwinslett/strava/api/StravaAPIClient.java. Using fallback presentation compiler.
2026.05.08 10:31:38 INFO  no build target found for /Users/zachwinslett/Code/strava-cli/src/main/java/com/zwinslett/strava/api/StravaAPIClient.java. Using fallback presentation compiler.
2026.05.08 10:31:38 INFO  no build target found for /Users/zachwinslett/Code/strava-cli/src/main/java/com/zwinslett/strava/api/StravaAPIClient.java. Using fallback presentation compiler.
2026.05.08 10:31:38 INFO  no build target found for /Users/zachwinslett/Code/strava-cli/src/main/java/com/zwinslett/strava/api/StravaAPIClient.java. Using fallback presentation compiler.
2026.05.08 10:31:38 INFO  no build target found for /Users/zachwinslett/Code/strava-cli/src/main/java/com/zwinslett/strava/api/StravaAPIClient.java. Using fallback presentation compiler.
2026.05.08 10:31:38 INFO  no build target found for /Users/zachwinslett/Code/strava-cli/src/main/java/com/zwinslett/strava/api/StravaAPIClient.java. Using fallback presentation compiler.
2026.05.08 10:31:38 INFO  no build target found for /Users/zachwinslett/Code/strava-cli/src/main/java/com/zwinslett/strava/api/StravaAPIClient.java. Using fallback presentation compiler.
2026.05.08 10:31:38 INFO  no build target found for /Users/zachwinslett/Code/strava-cli/src/main/java/com/zwinslett/strava/api/StravaAPIClient.java. Using fallback presentation compiler.
2026.05.08 10:31:39 INFO  no build target found for /Users/zachwinslett/Code/strava-cli/src/main/java/com/zwinslett/strava/api/StravaAPIClient.java. Using fallback presentation compiler.
2026.05.08 10:31:39 INFO  no build target found for /Users/zachwinslett/Code/strava-cli/src/main/java/com/zwinslett/strava/api/StravaAPIClient.java. Using fallback presentation compiler.
2026.05.08 10:31:39 INFO  no build target found for /Users/zachwinslett/Code/strava-cli/src/main/java/com/zwinslett/strava/api/StravaAPIClient.java. Using fallback presentation compiler.
2026.05.08 10:31:39 INFO  no build target found for /Users/zachwinslett/Code/strava-cli/src/main/java/com/zwinslett/strava/api/StravaAPIClient.java. Using fallback presentation compiler.
2026.05.08 10:31:40 INFO  no build target found for /Users/zachwinslett/Code/strava-cli/src/main/java/com/zwinslett/strava/api/StravaAPIClient.java. Using fallback presentation compiler.
2026.05.08 10:31:41 INFO  no build target found for /Users/zachwinslett/Code/strava-cli/src/main/java/com/zwinslett/strava/api/StravaAPIClient.java. Using fallback presentation compiler.
2026.05.08 10:31:41 INFO  no build target found for /Users/zachwinslett/Code/strava-cli/src/main/java/com/zwinslett/strava/api/StravaAPIClient.java. Using fallback presentation compiler.
2026.05.08 10:31:41 INFO  no build target found for /Users/zachwinslett/Code/strava-cli/src/main/java/com/zwinslett/strava/api/StravaAPIClient.java. Using fallback presentation compiler.
2026.05.08 10:31:46 INFO  no build target found for /Users/zachwinslett/Code/strava-cli/src/main/java/com/zwinslett/strava/api/StravaAPIClient.java. Using fallback presentation compiler.
2026.05.08 10:31:46 INFO  no build target found for /Users/zachwinslett/Code/strava-cli/src/main/java/com/zwinslett/strava/api/StravaAPIClient.java. Using fallback presentation compiler.
2026.05.08 10:31:46 INFO  no build target found for /Users/zachwinslett/Code/strava-cli/src/main/java/com/zwinslett/strava/api/StravaAPIClient.java. Using fallback presentation compiler.
2026.05.08 10:31:51 INFO  no build target found for /Users/zachwinslett/Code/strava-cli/src/main/java/com/zwinslett/strava/api/StravaAPIClient.java. Using fallback presentation compiler.
2026.05.08 10:31:51 INFO  no build target found for /Users/zachwinslett/Code/strava-cli/src/main/java/com/zwinslett/strava/api/StravaAPIClient.java. Using fallback presentation compiler.
2026.05.08 10:31:51 INFO  no build target found for /Users/zachwinslett/Code/strava-cli/src/main/java/com/zwinslett/strava/api/StravaAPIClient.java. Using fallback presentation compiler.
2026.05.08 10:31:51 INFO  no build target found for /Users/zachwinslett/Code/strava-cli/src/main/java/com/zwinslett/strava/api/StravaAPIClient.java. Using fallback presentation compiler.
2026.05.08 10:31:51 INFO  no build target found for /Users/zachwinslett/Code/strava-cli/src/main/java/com/zwinslett/strava/api/StravaAPIClient.java. Using fallback presentation compiler.
2026.05.08 10:31:51 INFO  no build target found for /Users/zachwinslett/Code/strava-cli/src/main/java/com/zwinslett/strava/api/StravaAPIClient.java. Using fallback presentation compiler.
2026.05.08 10:31:52 INFO  no build target found for /Users/zachwinslett/Code/strava-cli/src/main/java/com/zwinslett/strava/api/StravaAPIClient.java. Using fallback presentation compiler.
2026.05.08 10:31:52 INFO  no build target found for /Users/zachwinslett/Code/strava-cli/src/main/java/com/zwinslett/strava/api/StravaAPIClient.java. Using fallback presentation compiler.
2026.05.08 10:31:52 INFO  no build target found for /Users/zachwinslett/Code/strava-cli/src/main/java/com/zwinslett/strava/api/StravaAPIClient.java. Using fallback presentation compiler.
2026.05.08 10:31:52 INFO  no build target found for /Users/zachwinslett/Code/strava-cli/src/main/java/com/zwinslett/strava/api/StravaAPIClient.java. Using fallback presentation compiler.
2026.05.08 10:31:53 INFO  no build target found for /Users/zachwinslett/Code/strava-cli/src/main/java/com/zwinslett/strava/api/StravaAPIClient.java. Using fallback presentation compiler.
2026.05.08 10:31:53 INFO  no build target found for /Users/zachwinslett/Code/strava-cli/src/main/java/com/zwinslett/strava/api/StravaAPIClient.java. Using fallback presentation compiler.
2026.05.08 10:31:53 INFO  no build target found for /Users/zachwinslett/Code/strava-cli/src/main/java/com/zwinslett/strava/api/StravaAPIClient.java. Using fallback presentation compiler.
2026.05.08 10:31:53 INFO  no build target found for /Users/zachwinslett/Code/strava-cli/src/main/java/com/zwinslett/strava/api/StravaAPIClient.java. Using fallback presentation compiler.
2026.05.08 10:31:53 INFO  no build target found for /Users/zachwinslett/Code/strava-cli/src/main/java/com/zwinslett/strava/api/StravaAPIClient.java. Using fallback presentation compiler.
2026.05.08 10:31:53 INFO  no build target found for /Users/zachwinslett/Code/strava-cli/src/main/java/com/zwinslett/strava/api/StravaAPIClient.java. Using fallback presentation compiler.
2026.05.08 10:31:53 INFO  no build target found for /Users/zachwinslett/Code/strava-cli/src/main/java/com/zwinslett/strava/api/StravaAPIClient.java. Using fallback presentation compiler.
2026.05.08 10:31:53 INFO  no build target found for /Users/zachwinslett/Code/strava-cli/src/main/java/com/zwinslett/strava/api/StravaAPIClient.java. Using fallback presentation compiler.
2026.05.08 10:31:54 INFO  no build target found for /Users/zachwinslett/Code/strava-cli/src/main/java/com/zwinslett/strava/api/StravaAPIClient.java. Using fallback presentation compiler.
2026.05.08 10:31:53 INFO  no build target found for /Users/zachwinslett/Code/strava-cli/src/main/java/com/zwinslett/strava/api/StravaAPIClient.java. Using fallback presentation compiler.
2026.05.08 10:31:54 INFO  no build target found for /Users/zachwinslett/Code/strava-cli/src/main/java/com/zwinslett/strava/api/StravaAPIClient.java. Using fallback presentation compiler.
2026.05.08 10:31:54 INFO  no build target found for /Users/zachwinslett/Code/strava-cli/src/main/java/com/zwinslett/strava/api/StravaAPIClient.java. Using fallback presentation compiler.
2026.05.08 10:31:54 INFO  no build target found for /Users/zachwinslett/Code/strava-cli/src/main/java/com/zwinslett/strava/api/StravaAPIClient.java. Using fallback presentation compiler.
2026.05.08 10:31:54 INFO  no build target found for /Users/zachwinslett/Code/strava-cli/src/main/java/com/zwinslett/strava/api/StravaAPIClient.java. Using fallback presentation compiler.
2026.05.08 10:31:55 INFO  no build target found for /Users/zachwinslett/Code/strava-cli/src/main/java/com/zwinslett/strava/api/StravaAPIClient.java. Using fallback presentation compiler.
2026.05.08 10:31:54 INFO  no build target found for /Users/zachwinslett/Code/strava-cli/src/main/java/com/zwinslett/strava/api/StravaAPIClient.java. Using fallback presentation compiler.
2026.05.08 10:31:54 INFO  no build target found for /Users/zachwinslett/Code/strava-cli/src/main/java/com/zwinslett/strava/api/StravaAPIClient.java. Using fallback presentation compiler.
2026.05.08 10:31:54 INFO  no build target found for /Users/zachwinslett/Code/strava-cli/src/main/java/com/zwinslett/strava/api/StravaAPIClient.java. Using fallback presentation compiler.
2026.05.08 10:31:54 INFO  no build target found for /Users/zachwinslett/Code/strava-cli/src/main/java/com/zwinslett/strava/api/StravaAPIClient.java. Using fallback presentation compiler.
2026.05.08 10:31:55 INFO  no build target found for /Users/zachwinslett/Code/strava-cli/src/main/java/com/zwinslett/strava/api/StravaAPIClient.java. Using fallback presentation compiler.
2026.05.08 10:31:56 INFO  no build target found for /Users/zachwinslett/Code/strava-cli/src/main/java/com/zwinslett/strava/api/StravaAPIClient.java. Using fallback presentation compiler.
2026.05.08 10:31:56 INFO  no build target found for /Users/zachwinslett/Code/strava-cli/src/main/java/com/zwinslett/strava/api/StravaAPIClient.java. Using fallback presentation compiler.
2026.05.08 10:31:56 INFO  no build target found for /Users/zachwinslett/Code/strava-cli/src/main/java/com/zwinslett/strava/api/StravaAPIClient.java. Using fallback presentation compiler.
2026.05.08 10:31:56 INFO  no build target found for /Users/zachwinslett/Code/strava-cli/src/main/java/com/zwinslett/strava/api/StravaAPIClient.java. Using fallback presentation compiler.
2026.05.08 10:31:56 INFO  no build target found for /Users/zachwinslett/Code/strava-cli/src/main/java/com/zwinslett/strava/api/StravaAPIClient.java. Using fallback presentation compiler.
2026.05.08 10:31:56 INFO  no build target found for /Users/zachwinslett/Code/strava-cli/src/main/java/com/zwinslett/strava/api/StravaAPIClient.java. Using fallback presentation compiler.
2026.05.08 10:31:56 INFO  no build target found for /Users/zachwinslett/Code/strava-cli/src/main/java/com/zwinslett/strava/api/StravaAPIClient.java. Using fallback presentation compiler.
2026.05.08 10:31:56 INFO  no build target found for /Users/zachwinslett/Code/strava-cli/src/main/java/com/zwinslett/strava/api/StravaAPIClient.java. Using fallback presentation compiler.
2026.05.08 10:31:57 INFO  no build target found for /Users/zachwinslett/Code/strava-cli/src/main/java/com/zwinslett/strava/api/StravaAPIClient.java. Using fallback presentation compiler.
2026.05.08 10:31:57 INFO  no build target found for /Users/zachwinslett/Code/strava-cli/src/main/java/com/zwinslett/strava/api/StravaAPIClient.java. Using fallback presentation compiler.
2026.05.08 10:31:57 INFO  no build target found for /Users/zachwinslett/Code/strava-cli/src/main/java/com/zwinslett/strava/api/StravaAPIClient.java. Using fallback presentation compiler.
2026.05.08 10:31:58 INFO  no build target found for /Users/zachwinslett/Code/strava-cli/src/main/java/com/zwinslett/strava/api/StravaAPIClient.java. Using fallback presentation compiler.
2026.05.08 10:31:58 INFO  no build target found for /Users/zachwinslett/Code/strava-cli/src/main/java/com/zwinslett/strava/api/StravaAPIClient.java. Using fallback presentation compiler.
2026.05.08 10:31:58 INFO  no build target found for /Users/zachwinslett/Code/strava-cli/src/main/java/com/zwinslett/strava/api/StravaAPIClient.java. Using fallback presentation compiler.
2026.05.08 10:31:59 INFO  no build target found for /Users/zachwinslett/Code/strava-cli/src/main/java/com/zwinslett/strava/api/StravaAPIClient.java. Using fallback presentation compiler.
2026.05.08 10:31:58 INFO  no build target found for /Users/zachwinslett/Code/strava-cli/src/main/java/com/zwinslett/strava/api/StravaAPIClient.java. Using fallback presentation compiler.
2026.05.08 10:32:00 INFO  no build target found for /Users/zachwinslett/Code/strava-cli/src/main/java/com/zwinslett/strava/api/StravaAPIClient.java. Using fallback presentation compiler.
2026.05.08 10:32:01 INFO  no build target found for /Users/zachwinslett/Code/strava-cli/src/main/java/com/zwinslett/strava/api/StravaAPIClient.java. Using fallback presentation compiler.
2026.05.08 10:32:00 INFO  no build target found for /Users/zachwinslett/Code/strava-cli/src/main/java/com/zwinslett/strava/api/StravaAPIClient.java. Using fallback presentation compiler.
2026.05.08 10:32:00 INFO  no build target found for /Users/zachwinslett/Code/strava-cli/src/main/java/com/zwinslett/strava/api/StravaAPIClient.java. Using fallback presentation compiler.
2026.05.08 10:32:00 INFO  no build target found for /Users/zachwinslett/Code/strava-cli/src/main/java/com/zwinslett/strava/api/StravaAPIClient.java. Using fallback presentation compiler.
2026.05.08 10:32:01 INFO  no build target found for /Users/zachwinslett/Code/strava-cli/src/main/java/com/zwinslett/strava/api/StravaAPIClient.java. Using fallback presentation compiler.
2026.05.08 10:32:02 INFO  no build target found for /Users/zachwinslett/Code/strava-cli/src/main/java/com/zwinslett/strava/api/StravaAPIClient.java. Using fallback presentation compiler.
2026.05.08 10:32:09 INFO  no build target found for /Users/zachwinslett/Code/strava-cli/src/main/java/com/zwinslett/strava/api/StravaAPIClient.java. Using fallback presentation compiler.
2026.05.08 10:32:09 INFO  no build target found for /Users/zachwinslett/Code/strava-cli/src/main/java/com/zwinslett/strava/api/StravaAPIClient.java. Using fallback presentation compiler.
2026.05.08 10:32:09 INFO  no build target found for /Users/zachwinslett/Code/strava-cli/src/main/java/com/zwinslett/strava/api/StravaAPIClient.java. Using fallback presentation compiler.
2026.05.08 10:32:09 INFO  no build target found for /Users/zachwinslett/Code/strava-cli/src/main/java/com/zwinslett/strava/api/StravaAPIClient.java. Using fallback presentation compiler.
2026.05.08 10:32:10 INFO  no build target found for /Users/zachwinslett/Code/strava-cli/src/main/java/com/zwinslett/strava/api/StravaAPIClient.java. Using fallback presentation compiler.
2026.05.08 10:32:10 INFO  no build target found for /Users/zachwinslett/Code/strava-cli/src/main/java/com/zwinslett/strava/api/StravaAPIClient.java. Using fallback presentation compiler.
2026.05.08 10:32:10 INFO  no build target found for /Users/zachwinslett/Code/strava-cli/src/main/java/com/zwinslett/strava/api/StravaAPIClient.java. Using fallback presentation compiler.
2026.05.08 10:32:10 INFO  no build target found for /Users/zachwinslett/Code/strava-cli/src/main/java/com/zwinslett/strava/api/StravaAPIClient.java. Using fallback presentation compiler.
2026.05.08 10:32:10 INFO  no build target found for /Users/zachwinslett/Code/strava-cli/src/main/java/com/zwinslett/strava/api/StravaAPIClient.java. Using fallback presentation compiler.
2026.05.08 10:32:10 INFO  no build target found for /Users/zachwinslett/Code/strava-cli/src/main/java/com/zwinslett/strava/api/StravaAPIClient.java. Using fallback presentation compiler.
2026.05.08 10:32:11 INFO  no build target found for /Users/zachwinslett/Code/strava-cli/src/main/java/com/zwinslett/strava/api/StravaAPIClient.java. Using fallback presentation compiler.
2026.05.08 10:32:10 INFO  no build target found for /Users/zachwinslett/Code/strava-cli/src/main/java/com/zwinslett/strava/api/StravaAPIClient.java. Using fallback presentation compiler.
2026.05.08 10:32:11 INFO  no build target found for /Users/zachwinslett/Code/strava-cli/src/main/java/com/zwinslett/strava/api/StravaAPIClient.java. Using fallback presentation compiler.
2026.05.08 10:32:11 INFO  no build target found for /Users/zachwinslett/Code/strava-cli/src/main/java/com/zwinslett/strava/api/StravaAPIClient.java. Using fallback presentation compiler.
2026.05.08 10:32:11 INFO  no build target found for /Users/zachwinslett/Code/strava-cli/src/main/java/com/zwinslett/strava/api/StravaAPIClient.java. Using fallback presentation compiler.
2026.05.08 10:32:13 INFO  no build target found for /Users/zachwinslett/Code/strava-cli/src/main/java/com/zwinslett/strava/api/StravaAPIClient.java. Using fallback presentation compiler.
2026.05.08 10:32:13 INFO  no build target found for /Users/zachwinslett/Code/strava-cli/src/main/java/com/zwinslett/strava/api/StravaAPIClient.java. Using fallback presentation compiler.
2026.05.08 10:32:13 INFO  no build target found for /Users/zachwinslett/Code/strava-cli/src/main/java/com/zwinslett/strava/api/StravaAPIClient.java. Using fallback presentation compiler.
2026.05.08 10:32:14 INFO  no build target found for /Users/zachwinslett/Code/strava-cli/src/main/java/com/zwinslett/strava/api/StravaAPIClient.java. Using fallback presentation compiler.
2026.05.08 10:32:14 INFO  no build target found for /Users/zachwinslett/Code/strava-cli/src/main/java/com/zwinslett/strava/api/StravaAPIClient.java. Using fallback presentation compiler.
2026.05.08 10:32:14 INFO  no build target found for /Users/zachwinslett/Code/strava-cli/src/main/java/com/zwinslett/strava/api/StravaAPIClient.java. Using fallback presentation compiler.
2026.05.08 10:32:14 INFO  no build target found for /Users/zachwinslett/Code/strava-cli/src/main/java/com/zwinslett/strava/api/StravaAPIClient.java. Using fallback presentation compiler.
2026.05.08 10:32:14 INFO  no build target found for /Users/zachwinslett/Code/strava-cli/src/main/java/com/zwinslett/strava/api/StravaAPIClient.java. Using fallback presentation compiler.
2026.05.08 10:32:18 INFO  no build target found for /Users/zachwinslett/Code/strava-cli/src/main/java/com/zwinslett/strava/api/StravaAPIClient.java. Using fallback presentation compiler.
2026.05.08 10:32:18 INFO  no build target found for /Users/zachwinslett/Code/strava-cli/src/main/java/com/zwinslett/strava/api/StravaAPIClient.java. Using fallback presentation compiler.
2026.05.08 10:32:18 INFO  no build target found for /Users/zachwinslett/Code/strava-cli/src/main/java/com/zwinslett/strava/api/StravaAPIClient.java. Using fallback presentation compiler.
2026.05.08 10:32:18 INFO  no build target found for /Users/zachwinslett/Code/strava-cli/src/main/java/com/zwinslett/strava/api/StravaAPIClient.java. Using fallback presentation compiler.
2026.05.08 10:32:19 INFO  no build target found for /Users/zachwinslett/Code/strava-cli/src/main/java/com/zwinslett/strava/api/StravaAPIClient.java. Using fallback presentation compiler.
2026.05.08 10:32:20 INFO  no build target found for /Users/zachwinslett/Code/strava-cli/src/main/java/com/zwinslett/strava/api/StravaAPIClient.java. Using fallback presentation compiler.
2026.05.08 10:32:20 INFO  no build target found for /Users/zachwinslett/Code/strava-cli/src/main/java/com/zwinslett/strava/api/StravaAPIClient.java. Using fallback presentation compiler.
2026.05.08 10:32:20 INFO  no build target found for /Users/zachwinslett/Code/strava-cli/src/main/java/com/zwinslett/strava/api/StravaAPIClient.java. Using fallback presentation compiler.
2026.05.08 10:32:20 INFO  no build target found for /Users/zachwinslett/Code/strava-cli/src/main/java/com/zwinslett/strava/api/StravaAPIClient.java. Using fallback presentation compiler.
2026.05.08 10:32:20 INFO  no build target found for /Users/zachwinslett/Code/strava-cli/src/main/java/com/zwinslett/strava/api/StravaAPIClient.java. Using fallback presentation compiler.
2026.05.08 10:32:20 INFO  no build target found for /Users/zachwinslett/Code/strava-cli/src/main/java/com/zwinslett/strava/api/StravaAPIClient.java. Using fallback presentation compiler.
2026.05.08 10:32:20 INFO  no build target found for /Users/zachwinslett/Code/strava-cli/src/main/java/com/zwinslett/strava/api/StravaAPIClient.java. Using fallback presentation compiler.
2026.05.08 10:32:20 INFO  no build target found for /Users/zachwinslett/Code/strava-cli/src/main/java/com/zwinslett/strava/api/StravaAPIClient.java. Using fallback presentation compiler.
2026.05.08 10:32:20 INFO  no build target found for /Users/zachwinslett/Code/strava-cli/src/main/java/com/zwinslett/strava/api/StravaAPIClient.java. Using fallback presentation compiler.
2026.05.08 10:32:20 INFO  no build target found for /Users/zachwinslett/Code/strava-cli/src/main/java/com/zwinslett/strava/api/StravaAPIClient.java. Using fallback presentation compiler.
2026.05.08 10:32:20 INFO  Created report: Optional[file:///Users/zachwinslett/Code/strava-cli/src/main/java/com/zwinslett/strava/api/StravaAPIClient.java]
2026.05.08 10:32:20 INFO  empty definition using pc, found symbol in pc: _empty_/TypeReference# (full report at: "/Users/zachwinslett/Code/strava-cli/.metals/.reports/metals-full/2026-05-08/r_empty-definition_10-32-21-043.md")
2026.05.08 10:32:21 INFO  no build target found for /Users/zachwinslett/Code/strava-cli/src/main/java/com/zwinslett/strava/api/StravaAPIClient.java. Using fallback presentation compiler.
2026.05.08 10:32:20 INFO  Created report: Optional[file:///Users/zachwinslett/Code/strava-cli/src/main/java/com/zwinslett/strava/api/StravaAPIClient.java]
2026.05.08 10:32:20 INFO  empty definition using pc, found symbol in pc: java/lang/Object# (full report at: "/Users/zachwinslett/Code/strava-cli/.metals/.reports/metals-full/2026-05-08/r_empty-definition_10-32-21-076.md")
2026.05.08 10:32:20 INFO  empty definition using pc, found symbol in pc: java/net/http/HttpResponse#statusCode(). (full report at: "/Users/zachwinslett/Code/strava-cli/.metals/.reports/metals-full/2026-03-22/r_empty-definition_09-10-53-202.md")
2026.05.08 10:32:20 INFO  empty definition using pc, found symbol in pc: java/net/http/HttpRequest# (full report at: "/Users/zachwinslett/Code/strava-cli/.metals/.reports/metals-full/2026-03-22/r_empty-definition_09-28-09-627.md")
2026.05.08 10:32:20 INFO  Created report: Optional[file:///Users/zachwinslett/Code/strava-cli/src/main/java/com/zwinslett/strava/api/StravaAPIClient.java]
2026.05.08 10:32:20 INFO  empty definition using pc, found symbol in pc: java/net/URI# (full report at: "/Users/zachwinslett/Code/strava-cli/.metals/.reports/metals-full/2026-05-08/r_empty-definition_10-32-21-126.md")
2026.05.08 10:32:21 INFO  no build target found for /Users/zachwinslett/Code/strava-cli/src/main/java/com/zwinslett/strava/api/StravaAPIClient.java. Using fallback presentation compiler.
2026.05.08 10:32:21 INFO  no build target found for /Users/zachwinslett/Code/strava-cli/src/main/java/com/zwinslett/strava/api/StravaAPIClient.java. Using fallback presentation compiler.
2026.05.08 10:32:21 INFO  no build target found for /Users/zachwinslett/Code/strava-cli/src/main/java/com/zwinslett/strava/api/StravaAPIClient.java. Using fallback presentation compiler.
2026.05.08 10:32:21 INFO  no build target found for /Users/zachwinslett/Code/strava-cli/src/main/java/com/zwinslett/strava/api/StravaAPIClient.java. Using fallback presentation compiler.
2026.05.08 10:32:23 INFO  no build target found for /Users/zachwinslett/Code/strava-cli/src/main/java/com/zwinslett/strava/api/StravaAPIClient.java. Using fallback presentation compiler.
2026.05.08 10:32:23 INFO  no build target found for /Users/zachwinslett/Code/strava-cli/src/main/java/com/zwinslett/strava/api/StravaAPIClient.java. Using fallback presentation compiler.
2026.05.08 10:32:23 INFO  no build target found for /Users/zachwinslett/Code/strava-cli/src/main/java/com/zwinslett/strava/api/StravaAPIClient.java. Using fallback presentation compiler.
2026.05.08 10:32:23 INFO  no build target found for /Users/zachwinslett/Code/strava-cli/src/main/java/com/zwinslett/strava/api/StravaAPIClient.java. Using fallback presentation compiler.
2026.05.08 10:32:23 INFO  no build target found for /Users/zachwinslett/Code/strava-cli/src/main/java/com/zwinslett/strava/api/StravaAPIClient.java. Using fallback presentation compiler.
2026.05.08 10:32:23 INFO  no build target found for /Users/zachwinslett/Code/strava-cli/src/main/java/com/zwinslett/strava/api/StravaAPIClient.java. Using fallback presentation compiler.
2026.05.08 10:32:23 INFO  no build target found for /Users/zachwinslett/Code/strava-cli/src/main/java/com/zwinslett/strava/api/StravaAPIClient.java. Using fallback presentation compiler.
2026.05.08 10:32:24 INFO  no build target found for /Users/zachwinslett/Code/strava-cli/src/main/java/com/zwinslett/strava/api/StravaAPIClient.java. Using fallback presentation compiler.
2026.05.08 10:32:24 INFO  no build target found for /Users/zachwinslett/Code/strava-cli/src/main/java/com/zwinslett/strava/api/StravaAPIClient.java. Using fallback presentation compiler.
2026.05.08 10:32:24 INFO  no build target found for /Users/zachwinslett/Code/strava-cli/src/main/java/com/zwinslett/strava/api/StravaAPIClient.java. Using fallback presentation compiler.
2026.05.08 10:32:24 INFO  no build target found for /Users/zachwinslett/Code/strava-cli/src/main/java/com/zwinslett/strava/api/StravaAPIClient.java. Using fallback presentation compiler.
2026.05.08 10:32:26 INFO  no build target found for /Users/zachwinslett/Code/strava-cli/src/main/java/com/zwinslett/strava/api/StravaAPIClient.java. Using fallback presentation compiler.
2026.05.08 10:32:26 INFO  no build target found for /Users/zachwinslett/Code/strava-cli/src/main/java/com/zwinslett/strava/api/StravaAPIClient.java. Using fallback presentation compiler.
2026.05.08 10:32:27 INFO  no build target found for /Users/zachwinslett/Code/strava-cli/src/main/java/com/zwinslett/strava/api/StravaAPIClient.java. Using fallback presentation compiler.
2026.05.08 10:32:27 INFO  no build target found for /Users/zachwinslett/Code/strava-cli/src/main/java/com/zwinslett/strava/api/StravaAPIClient.java. Using fallback presentation compiler.
2026.05.08 10:32:27 INFO  no build target found for /Users/zachwinslett/Code/strava-cli/src/main/java/com/zwinslett/strava/api/StravaAPIClient.java. Using fallback presentation compiler.
2026.05.08 10:32:27 INFO  no build target found for /Users/zachwinslett/Code/strava-cli/src/main/java/com/zwinslett/strava/api/StravaAPIClient.java. Using fallback presentation compiler.
2026.05.08 10:32:28 INFO  no build target found for /Users/zachwinslett/Code/strava-cli/src/main/java/com/zwinslett/strava/api/StravaAPIClient.java. Using fallback presentation compiler.
2026.05.08 10:32:27 INFO  no build target found for /Users/zachwinslett/Code/strava-cli/src/main/java/com/zwinslett/strava/api/StravaAPIClient.java. Using fallback presentation compiler.
2026.05.08 10:32:31 INFO  no build target found for /Users/zachwinslett/Code/strava-cli/src/main/java/com/zwinslett/strava/api/StravaAPIClient.java. Using fallback presentation compiler.
2026.05.08 10:32:31 INFO  no build target found for /Users/zachwinslett/Code/strava-cli/src/main/java/com/zwinslett/strava/api/StravaAPIClient.java. Using fallback presentation compiler.
2026.05.08 10:32:31 INFO  no build target found for /Users/zachwinslett/Code/strava-cli/src/main/java/com/zwinslett/strava/api/StravaAPIClient.java. Using fallback presentation compiler.
2026.05.08 10:32:31 INFO  no build target found for /Users/zachwinslett/Code/strava-cli/src/main/java/com/zwinslett/strava/api/StravaAPIClient.java. Using fallback presentation compiler.
2026.05.08 10:32:31 INFO  no build target found for /Users/zachwinslett/Code/strava-cli/src/main/java/com/zwinslett/strava/api/StravaAPIClient.java. Using fallback presentation compiler.
2026.05.08 10:32:31 INFO  no build target found for /Users/zachwinslett/Code/strava-cli/src/main/java/com/zwinslett/strava/api/StravaAPIClient.java. Using fallback presentation compiler.
2026.05.08 10:32:32 INFO  no build target found for /Users/zachwinslett/Code/strava-cli/src/main/java/com/zwinslett/strava/api/StravaAPIClient.java. Using fallback presentation compiler.
2026.05.08 10:32:33 INFO  no build target found for /Users/zachwinslett/Code/strava-cli/src/main/java/com/zwinslett/strava/api/StravaAPIClient.java. Using fallback presentation compiler.
2026.05.08 10:32:33 INFO  no build target found for /Users/zachwinslett/Code/strava-cli/src/main/java/com/zwinslett/strava/api/StravaAPIClient.java. Using fallback presentation compiler.
2026.05.08 10:32:33 INFO  no build target found for /Users/zachwinslett/Code/strava-cli/src/main/java/com/zwinslett/strava/api/StravaAPIClient.java. Using fallback presentation compiler.
2026.05.08 10:32:33 INFO  no build target found for /Users/zachwinslett/Code/strava-cli/src/main/java/com/zwinslett/strava/api/StravaAPIClient.java. Using fallback presentation compiler.
2026.05.08 10:32:33 INFO  no build target found for /Users/zachwinslett/Code/strava-cli/src/main/java/com/zwinslett/strava/api/StravaAPIClient.java. Using fallback presentation compiler.
2026.05.08 10:32:33 INFO  no build target found for /Users/zachwinslett/Code/strava-cli/src/main/java/com/zwinslett/strava/api/StravaAPIClient.java. Using fallback presentation compiler.
2026.05.08 10:32:33 INFO  no build target found for /Users/zachwinslett/Code/strava-cli/src/main/java/com/zwinslett/strava/api/StravaAPIClient.java. Using fallback presentation compiler.
2026.05.08 10:32:33 INFO  no build target found for /Users/zachwinslett/Code/strava-cli/src/main/java/com/zwinslett/strava/api/StravaAPIClient.java. Using fallback presentation compiler.
2026.05.08 10:32:34 INFO  no build target found for /Users/zachwinslett/Code/strava-cli/src/main/java/com/zwinslett/strava/api/StravaAPIClient.java. Using fallback presentation compiler.
2026.05.08 10:32:34 INFO  no build target found for /Users/zachwinslett/Code/strava-cli/src/main/java/com/zwinslett/strava/api/StravaAPIClient.java. Using fallback presentation compiler.
2026.05.08 10:32:34 INFO  no build target found for /Users/zachwinslett/Code/strava-cli/src/main/java/com/zwinslett/strava/api/StravaAPIClient.java. Using fallback presentation compiler.
2026.05.08 10:32:34 INFO  no build target found for /Users/zachwinslett/Code/strava-cli/src/main/java/com/zwinslett/strava/api/StravaAPIClient.java. Using fallback presentation compiler.
2026.05.08 10:32:34 INFO  no build target found for /Users/zachwinslett/Code/strava-cli/src/main/java/com/zwinslett/strava/api/StravaAPIClient.java. Using fallback presentation compiler.
2026.05.08 10:32:34 INFO  no build target found for /Users/zachwinslett/Code/strava-cli/src/main/java/com/zwinslett/strava/api/StravaAPIClient.java. Using fallback presentation compiler.
2026.05.08 10:32:34 INFO  no build target found for /Users/zachwinslett/Code/strava-cli/src/main/java/com/zwinslett/strava/api/StravaAPIClient.java. Using fallback presentation compiler.
2026.05.08 10:32:38 INFO  no build target found for /Users/zachwinslett/Code/strava-cli/src/main/java/com/zwinslett/strava/api/StravaAPIClient.java. Using fallback presentation compiler.
2026.05.08 10:32:38 INFO  no build target found for /Users/zachwinslett/Code/strava-cli/src/main/java/com/zwinslett/strava/api/StravaAPIClient.java. Using fallback presentation compiler.
2026.05.08 10:32:38 INFO  no build target found for /Users/zachwinslett/Code/strava-cli/src/main/java/com/zwinslett/strava/api/StravaAPIClient.java. Using fallback presentation compiler.
2026.05.08 10:32:38 INFO  no build target found for /Users/zachwinslett/Code/strava-cli/src/main/java/com/zwinslett/strava/api/StravaAPIClient.java. Using fallback presentation compiler.
2026.05.08 10:32:38 INFO  no build target found for /Users/zachwinslett/Code/strava-cli/src/main/java/com/zwinslett/strava/api/StravaAPIClient.java. Using fallback presentation compiler.
2026.05.08 10:32:41 INFO  no build target found for /Users/zachwinslett/Code/strava-cli/src/main/java/com/zwinslett/strava/api/StravaAPIClient.java. Using fallback presentation compiler.
2026.05.08 10:32:41 INFO  no build target found for /Users/zachwinslett/Code/strava-cli/src/main/java/com/zwinslett/strava/api/StravaAPIClient.java. Using fallback presentation compiler.
2026.05.08 10:32:41 INFO  no build target found for /Users/zachwinslett/Code/strava-cli/src/main/java/com/zwinslett/strava/api/StravaAPIClient.java. Using fallback presentation compiler.
2026.05.08 10:32:41 INFO  no build target found for /Users/zachwinslett/Code/strava-cli/src/main/java/com/zwinslett/strava/api/StravaAPIClient.java. Using fallback presentation compiler.
2026.05.08 10:32:42 INFO  no build target found for /Users/zachwinslett/Code/strava-cli/src/main/java/com/zwinslett/strava/api/StravaAPIClient.java. Using fallback presentation compiler.
2026.05.08 10:32:42 INFO  no build target found for /Users/zachwinslett/Code/strava-cli/src/main/java/com/zwinslett/strava/api/StravaAPIClient.java. Using fallback presentation compiler.
2026.05.08 10:32:51 INFO  no build target found for /Users/zachwinslett/Code/strava-cli/src/main/java/com/zwinslett/strava/api/StravaAPIClient.java. Using fallback presentation compiler.
2026.05.08 10:32:53 INFO  no build target found for /Users/zachwinslett/Code/strava-cli/src/main/java/com/zwinslett/strava/api/StravaAPIClient.java. Using fallback presentation compiler.
2026.05.08 10:32:53 INFO  no build target found for /Users/zachwinslett/Code/strava-cli/src/main/java/com/zwinslett/strava/api/StravaAPIClient.java. Using fallback presentation compiler.
2026.05.08 10:32:53 INFO  no build target found for /Users/zachwinslett/Code/strava-cli/src/main/java/com/zwinslett/strava/api/StravaAPIClient.java. Using fallback presentation compiler.
2026.05.08 10:32:57 INFO  no build target found for /Users/zachwinslett/Code/strava-cli/src/main/java/com/zwinslett/strava/api/StravaAPIClient.java. Using fallback presentation compiler.
2026.05.08 10:32:57 INFO  no build target found for /Users/zachwinslett/Code/strava-cli/src/main/java/com/zwinslett/strava/api/StravaAPIClient.java. Using fallback presentation compiler.
2026.05.08 10:32:57 INFO  no build target found for /Users/zachwinslett/Code/strava-cli/src/main/java/com/zwinslett/strava/api/StravaAPIClient.java. Using fallback presentation compiler.
2026.05.08 10:33:01 INFO  no build target found for /Users/zachwinslett/Code/strava-cli/src/main/java/com/zwinslett/strava/api/StravaAPIClient.java. Using fallback presentation compiler.
2026.05.08 10:33:01 INFO  no build target found for /Users/zachwinslett/Code/strava-cli/src/main/java/com/zwinslett/strava/api/StravaAPIClient.java. Using fallback presentation compiler.
2026.05.08 10:33:02 INFO  no build target found for /Users/zachwinslett/Code/strava-cli/src/main/java/com/zwinslett/strava/api/StravaAPIClient.java. Using fallback presentation compiler.
2026.05.08 10:33:02 INFO  no build target found for /Users/zachwinslett/Code/strava-cli/src/main/java/com/zwinslett/strava/api/StravaAPIClient.java. Using fallback presentation compiler.
2026.05.08 10:33:02 INFO  no build target found for /Users/zachwinslett/Code/strava-cli/src/main/java/com/zwinslett/strava/api/StravaAPIClient.java. Using fallback presentation compiler.
2026.05.08 10:33:04 INFO  no build target found for /Users/zachwinslett/Code/strava-cli/src/main/java/com/zwinslett/strava/api/StravaAPIClient.java. Using fallback presentation compiler.
2026.05.08 10:33:04 INFO  no build target found for /Users/zachwinslett/Code/strava-cli/src/main/java/com/zwinslett/strava/api/StravaAPIClient.java. Using fallback presentation compiler.
2026.05.08 10:33:05 INFO  no build target found for /Users/zachwinslett/Code/strava-cli/src/main/java/com/zwinslett/strava/api/StravaAPIClient.java. Using fallback presentation compiler.
2026.05.08 10:33:05 INFO  no build target found for /Users/zachwinslett/Code/strava-cli/src/main/java/com/zwinslett/strava/api/StravaAPIClient.java. Using fallback presentation compiler.
2026.05.08 10:33:05 INFO  no build target found for /Users/zachwinslett/Code/strava-cli/src/main/java/com/zwinslett/strava/api/StravaAPIClient.java. Using fallback presentation compiler.
2026.05.08 10:33:05 INFO  no build target found for /Users/zachwinslett/Code/strava-cli/src/main/java/com/zwinslett/strava/api/StravaAPIClient.java. Using fallback presentation compiler.
2026.05.08 10:33:05 INFO  empty definition using pc, found symbol in pc: java/net/http/HttpRequest# (full report at: "/Users/zachwinslett/Code/strava-cli/.metals/.reports/metals-full/2026-03-22/r_empty-definition_09-28-09-627.md")
2026.05.08 10:33:05 INFO  Created report: Optional[file:///Users/zachwinslett/Code/strava-cli/src/main/java/com/zwinslett/strava/api/StravaAPIClient.java]
2026.05.08 10:33:05 INFO  Created report: Optional[file:///Users/zachwinslett/Code/strava-cli/src/main/java/com/zwinslett/strava/api/StravaAPIClient.java]
2026.05.08 10:33:05 INFO  empty definition using pc, found symbol in pc: _empty_/Activity# (full report at: "/Users/zachwinslett/Code/strava-cli/.metals/.reports/metals-full/2026-05-08/r_empty-definition_10-33-05-871.md")
2026.05.08 10:33:05 INFO  empty definition using pc, found symbol in pc: java/lang/String# (full report at: "/Users/zachwinslett/Code/strava-cli/.metals/.reports/metals-full/2026-05-08/r_empty-definition_10-33-05-871.md")
2026.05.08 10:33:06 INFO  no build target found for /Users/zachwinslett/Code/strava-cli/src/main/java/com/zwinslett/strava/api/StravaAPIClient.java. Using fallback presentation compiler.
2026.05.08 10:33:06 INFO  no build target found for /Users/zachwinslett/Code/strava-cli/src/main/java/com/zwinslett/strava/api/StravaAPIClient.java. Using fallback presentation compiler.
2026.05.08 10:33:06 INFO  no build target found for /Users/zachwinslett/Code/strava-cli/src/main/java/com/zwinslett/strava/api/StravaAPIClient.java. Using fallback presentation compiler.
2026.05.08 10:33:06 INFO  no build target found for /Users/zachwinslett/Code/strava-cli/src/main/java/com/zwinslett/strava/api/StravaAPIClient.java. Using fallback presentation compiler.
2026.05.08 10:33:06 INFO  no build target found for /Users/zachwinslett/Code/strava-cli/src/main/java/com/zwinslett/strava/api/StravaAPIClient.java. Using fallback presentation compiler.
2026.05.08 10:33:06 INFO  no build target found for /Users/zachwinslett/Code/strava-cli/src/main/java/com/zwinslett/strava/api/StravaAPIClient.java. Using fallback presentation compiler.
2026.05.08 10:33:07 INFO  no build target found for /Users/zachwinslett/Code/strava-cli/src/main/java/com/zwinslett/strava/api/StravaAPIClient.java. Using fallback presentation compiler.
2026.05.08 10:33:07 INFO  no build target found for /Users/zachwinslett/Code/strava-cli/src/main/java/com/zwinslett/strava/api/StravaAPIClient.java. Using fallback presentation compiler.
2026.05.08 10:33:08 INFO  no build target found for /Users/zachwinslett/Code/strava-cli/src/main/java/com/zwinslett/strava/api/StravaAPIClient.java. Using fallback presentation compiler.
2026.05.08 10:33:08 INFO  no build target found for /Users/zachwinslett/Code/strava-cli/src/main/java/com/zwinslett/strava/api/StravaAPIClient.java. Using fallback presentation compiler.
2026.05.08 10:33:08 INFO  no build target found for /Users/zachwinslett/Code/strava-cli/src/main/java/com/zwinslett/strava/api/StravaAPIClient.java. Using fallback presentation compiler.
2026.05.08 10:33:08 INFO  empty definition using pc, found symbol in pc: java/net/http/HttpRequest# (full report at: "/Users/zachwinslett/Code/strava-cli/.metals/.reports/metals-full/2026-03-22/r_empty-definition_09-28-09-627.md")
2026.05.08 10:33:09 INFO  no build target found for /Users/zachwinslett/Code/strava-cli/src/main/java/com/zwinslett/strava/api/StravaAPIClient.java. Using fallback presentation compiler.
2026.05.08 10:33:10 INFO  no build target found for /Users/zachwinslett/Code/strava-cli/src/main/java/com/zwinslett/strava/api/StravaAPIClient.java. Using fallback presentation compiler.
2026.05.08 10:33:11 INFO  no build target found for /Users/zachwinslett/Code/strava-cli/src/main/java/com/zwinslett/strava/api/StravaAPIClient.java. Using fallback presentation compiler.
2026.05.08 10:33:13 INFO  no build target found for /Users/zachwinslett/Code/strava-cli/src/main/java/com/zwinslett/strava/api/StravaAPIClient.java. Using fallback presentation compiler.
2026.05.08 10:33:14 INFO  no build target found for /Users/zachwinslett/Code/strava-cli/src/main/java/com/zwinslett/strava/api/StravaAPIClient.java. Using fallback presentation compiler.
2026.05.08 10:33:15 INFO  no build target found for /Users/zachwinslett/Code/strava-cli/src/main/java/com/zwinslett/strava/api/StravaAPIClient.java. Using fallback presentation compiler.
2026.05.08 10:33:16 INFO  no build target found for /Users/zachwinslett/Code/strava-cli/src/main/java/com/zwinslett/strava/api/StravaAPIClient.java. Using fallback presentation compiler.
2026.05.08 10:33:16 INFO  no build target found for /Users/zachwinslett/Code/strava-cli/src/main/java/com/zwinslett/strava/api/StravaAPIClient.java. Using fallback presentation compiler.
2026.05.08 10:33:16 INFO  no build target found for /Users/zachwinslett/Code/strava-cli/src/main/java/com/zwinslett/strava/api/StravaAPIClient.java. Using fallback presentation compiler.
2026.05.08 10:33:17 INFO  no build target found for /Users/zachwinslett/Code/strava-cli/src/main/java/com/zwinslett/strava/api/StravaAPIClient.java. Using fallback presentation compiler.
2026.05.08 10:33:17 INFO  no build target found for /Users/zachwinslett/Code/strava-cli/src/main/java/com/zwinslett/strava/api/StravaAPIClient.java. Using fallback presentation compiler.
2026.05.08 10:33:17 INFO  no build target found for /Users/zachwinslett/Code/strava-cli/src/main/java/com/zwinslett/strava/api/StravaAPIClient.java. Using fallback presentation compiler.
2026.05.08 10:33:17 INFO  no build target found for /Users/zachwinslett/Code/strava-cli/src/main/java/com/zwinslett/strava/api/StravaAPIClient.java. Using fallback presentation compiler.
2026.05.08 10:33:17 INFO  no build target found for /Users/zachwinslett/Code/strava-cli/src/main/java/com/zwinslett/strava/api/StravaAPIClient.java. Using fallback presentation compiler.
2026.05.08 10:33:17 INFO  no build target found for /Users/zachwinslett/Code/strava-cli/src/main/java/com/zwinslett/strava/api/StravaAPIClient.java. Using fallback presentation compiler.
2026.05.08 10:33:18 INFO  no build target found for /Users/zachwinslett/Code/strava-cli/src/main/java/com/zwinslett/strava/api/StravaAPIClient.java. Using fallback presentation compiler.
2026.05.08 10:33:18 INFO  no build target found for /Users/zachwinslett/Code/strava-cli/src/main/java/com/zwinslett/strava/api/StravaAPIClient.java. Using fallback presentation compiler.
2026.05.08 10:33:18 INFO  no build target found for /Users/zachwinslett/Code/strava-cli/src/main/java/com/zwinslett/strava/api/StravaAPIClient.java. Using fallback presentation compiler.
2026.05.08 10:33:18 INFO  no build target found for /Users/zachwinslett/Code/strava-cli/src/main/java/com/zwinslett/strava/api/StravaAPIClient.java. Using fallback presentation compiler.
2026.05.08 10:33:18 INFO  no build target found for /Users/zachwinslett/Code/strava-cli/src/main/java/com/zwinslett/strava/api/StravaAPIClient.java. Using fallback presentation compiler.
2026.05.08 10:33:18 INFO  no build target found for /Users/zachwinslett/Code/strava-cli/src/main/java/com/zwinslett/strava/api/StravaAPIClient.java. Using fallback presentation compiler.
2026.05.08 10:33:18 INFO  no build target found for /Users/zachwinslett/Code/strava-cli/src/main/java/com/zwinslett/strava/api/StravaAPIClient.java. Using fallback presentation compiler.
2026.05.08 10:33:19 INFO  no build target found for /Users/zachwinslett/Code/strava-cli/src/main/java/com/zwinslett/strava/api/StravaAPIClient.java. Using fallback presentation compiler.
2026.05.08 10:33:19 INFO  no build target found for /Users/zachwinslett/Code/strava-cli/src/main/java/com/zwinslett/strava/api/StravaAPIClient.java. Using fallback presentation compiler.
2026.05.08 10:33:19 INFO  no build target found for /Users/zachwinslett/Code/strava-cli/src/main/java/com/zwinslett/strava/api/StravaAPIClient.java. Using fallback presentation compiler.
2026.05.08 10:33:19 INFO  no build target found for /Users/zachwinslett/Code/strava-cli/src/main/java/com/zwinslett/strava/api/StravaAPIClient.java. Using fallback presentation compiler.
2026.05.08 10:33:20 INFO  no build target found for /Users/zachwinslett/Code/strava-cli/src/main/java/com/zwinslett/strava/api/StravaAPIClient.java. Using fallback presentation compiler.
2026.05.08 10:33:19 INFO  no build target found for /Users/zachwinslett/Code/strava-cli/src/main/java/com/zwinslett/strava/api/StravaAPIClient.java. Using fallback presentation compiler.
2026.05.08 10:33:19 INFO  no build target found for /Users/zachwinslett/Code/strava-cli/src/main/java/com/zwinslett/strava/api/StravaAPIClient.java. Using fallback presentation compiler.
2026.05.08 10:33:20 INFO  no build target found for /Users/zachwinslett/Code/strava-cli/src/main/java/com/zwinslett/strava/api/StravaAPIClient.java. Using fallback presentation compiler.
2026.05.08 10:33:20 INFO  no build target found for /Users/zachwinslett/Code/strava-cli/src/main/java/com/zwinslett/strava/api/StravaAPIClient.java. Using fallback presentation compiler.
2026.05.08 10:33:20 INFO  no build target found for /Users/zachwinslett/Code/strava-cli/src/main/java/com/zwinslett/strava/api/StravaAPIClient.java. Using fallback presentation compiler.
2026.05.08 10:33:20 INFO  no build target found for /Users/zachwinslett/Code/strava-cli/src/main/java/com/zwinslett/strava/api/StravaAPIClient.java. Using fallback presentation compiler.
2026.05.08 10:33:20 INFO  no build target found for /Users/zachwinslett/Code/strava-cli/src/main/java/com/zwinslett/strava/api/StravaAPIClient.java. Using fallback presentation compiler.
2026.05.08 10:33:20 INFO  no build target found for /Users/zachwinslett/Code/strava-cli/src/main/java/com/zwinslett/strava/api/StravaAPIClient.java. Using fallback presentation compiler.
2026.05.08 10:33:21 INFO  no build target found for /Users/zachwinslett/Code/strava-cli/src/main/java/com/zwinslett/strava/api/StravaAPIClient.java. Using fallback presentation compiler.
2026.05.08 10:33:20 INFO  no build target found for /Users/zachwinslett/Code/strava-cli/src/main/java/com/zwinslett/strava/api/StravaAPIClient.java. Using fallback presentation compiler.
2026.05.08 10:33:20 INFO  no build target found for /Users/zachwinslett/Code/strava-cli/src/main/java/com/zwinslett/strava/api/StravaAPIClient.java. Using fallback presentation compiler.
2026.05.08 10:33:21 INFO  no build target found for /Users/zachwinslett/Code/strava-cli/src/main/java/com/zwinslett/strava/api/StravaAPIClient.java. Using fallback presentation compiler.
2026.05.08 10:33:21 INFO  no build target found for /Users/zachwinslett/Code/strava-cli/src/main/java/com/zwinslett/strava/api/StravaAPIClient.java. Using fallback presentation compiler.
2026.05.08 10:33:21 INFO  no build target found for /Users/zachwinslett/Code/strava-cli/src/main/java/com/zwinslett/strava/api/StravaAPIClient.java. Using fallback presentation compiler.
2026.05.08 10:33:21 INFO  no build target found for /Users/zachwinslett/Code/strava-cli/src/main/java/com/zwinslett/strava/api/StravaAPIClient.java. Using fallback presentation compiler.
2026.05.08 10:33:21 INFO  no build target found for /Users/zachwinslett/Code/strava-cli/src/main/java/com/zwinslett/strava/api/StravaAPIClient.java. Using fallback presentation compiler.
2026.05.08 10:33:21 INFO  no build target found for /Users/zachwinslett/Code/strava-cli/src/main/java/com/zwinslett/strava/api/StravaAPIClient.java. Using fallback presentation compiler.
2026.05.08 10:33:21 INFO  no build target found for /Users/zachwinslett/Code/strava-cli/src/main/java/com/zwinslett/strava/api/StravaAPIClient.java. Using fallback presentation compiler.
2026.05.08 10:33:21 INFO  no build target found for /Users/zachwinslett/Code/strava-cli/src/main/java/com/zwinslett/strava/api/StravaAPIClient.java. Using fallback presentation compiler.
2026.05.08 10:33:21 INFO  no build target found for /Users/zachwinslett/Code/strava-cli/src/main/java/com/zwinslett/strava/api/StravaAPIClient.java. Using fallback presentation compiler.
2026.05.08 10:33:22 INFO  no build target found for /Users/zachwinslett/Code/strava-cli/src/main/java/com/zwinslett/strava/api/StravaAPIClient.java. Using fallback presentation compiler.
2026.05.08 10:33:21 INFO  no build target found for /Users/zachwinslett/Code/strava-cli/src/main/java/com/zwinslett/strava/api/StravaAPIClient.java. Using fallback presentation compiler.
May 08, 2026 10:33:22 AM org.eclipse.lsp4j.jsonrpc.RemoteEndpoint handleCancellation
WARNING: Unmatched cancel notification for request id 1518
2026.05.08 10:33:21 INFO  no build target found for /Users/zachwinslett/Code/strava-cli/src/main/java/com/zwinslett/strava/api/StravaAPIClient.java. Using fallback presentation compiler.
2026.05.08 10:33:23 INFO  no build target found for /Users/zachwinslett/Code/strava-cli/src/main/java/com/zwinslett/strava/api/StravaAPIClient.java. Using fallback presentation compiler.
2026.05.08 10:33:23 INFO  no build target found for /Users/zachwinslett/Code/strava-cli/src/main/java/com/zwinslett/strava/api/StravaAPIClient.java. Using fallback presentation compiler.
2026.05.08 10:33:23 INFO  no build target found for /Users/zachwinslett/Code/strava-cli/src/main/java/com/zwinslett/strava/api/StravaAPIClient.java. Using fallback presentation compiler.
2026.05.08 10:33:24 INFO  no build target found for /Users/zachwinslett/Code/strava-cli/src/main/java/com/zwinslett/strava/api/StravaAPIClient.java. Using fallback presentation compiler.
2026.05.08 10:33:24 INFO  no build target found for /Users/zachwinslett/Code/strava-cli/src/main/java/com/zwinslett/strava/api/StravaAPIClient.java. Using fallback presentation compiler.
2026.05.08 10:33:24 INFO  no build target found for /Users/zachwinslett/Code/strava-cli/src/main/java/com/zwinslett/strava/api/StravaAPIClient.java. Using fallback presentation compiler.
2026.05.08 10:33:24 INFO  no build target found for /Users/zachwinslett/Code/strava-cli/src/main/java/com/zwinslett/strava/api/StravaAPIClient.java. Using fallback presentation compiler.
2026.05.08 10:33:25 INFO  no build target found for /Users/zachwinslett/Code/strava-cli/src/main/java/com/zwinslett/strava/api/StravaAPIClient.java. Using fallback presentation compiler.
2026.05.08 10:33:24 INFO  no build target found for /Users/zachwinslett/Code/strava-cli/src/main/java/com/zwinslett/strava/api/StravaAPIClient.java. Using fallback presentation compiler.
2026.05.08 10:33:24 INFO  no build target found for /Users/zachwinslett/Code/strava-cli/src/main/java/com/zwinslett/strava/api/StravaAPIClient.java. Using fallback presentation compiler.
2026.05.08 10:33:24 INFO  no build target found for /Users/zachwinslett/Code/strava-cli/src/main/java/com/zwinslett/strava/api/StravaAPIClient.java. Using fallback presentation compiler.
2026.05.08 10:33:24 INFO  no build target found for /Users/zachwinslett/Code/strava-cli/src/main/java/com/zwinslett/strava/api/StravaAPIClient.java. Using fallback presentation compiler.
2026.05.08 10:33:25 INFO  no build target found for /Users/zachwinslett/Code/strava-cli/src/main/java/com/zwinslett/strava/api/StravaAPIClient.java. Using fallback presentation compiler.
2026.05.08 10:33:24 INFO  no build target found for /Users/zachwinslett/Code/strava-cli/src/main/java/com/zwinslett/strava/api/StravaAPIClient.java. Using fallback presentation compiler.
2026.05.08 10:33:24 INFO  no build target found for /Users/zachwinslett/Code/strava-cli/src/main/java/com/zwinslett/strava/api/StravaAPIClient.java. Using fallback presentation compiler.
2026.05.08 10:33:24 INFO  no build target found for /Users/zachwinslett/Code/strava-cli/src/main/java/com/zwinslett/strava/api/StravaAPIClient.java. Using fallback presentation compiler.
2026.05.08 10:33:24 INFO  no build target found for /Users/zachwinslett/Code/strava-cli/src/main/java/com/zwinslett/strava/api/StravaAPIClient.java. Using fallback presentation compiler.
2026.05.08 10:33:25 INFO  no build target found for /Users/zachwinslett/Code/strava-cli/src/main/java/com/zwinslett/strava/api/StravaAPIClient.java. Using fallback presentation compiler.
2026.05.08 10:33:26 INFO  no build target found for /Users/zachwinslett/Code/strava-cli/src/main/java/com/zwinslett/strava/api/StravaAPIClient.java. Using fallback presentation compiler.
2026.05.08 10:33:26 INFO  no build target found for /Users/zachwinslett/Code/strava-cli/src/main/java/com/zwinslett/strava/api/StravaAPIClient.java. Using fallback presentation compiler.
2026.05.08 10:33:26 INFO  no build target found for /Users/zachwinslett/Code/strava-cli/src/main/java/com/zwinslett/strava/api/StravaAPIClient.java. Using fallback presentation compiler.
2026.05.08 10:33:26 INFO  no build target found for /Users/zachwinslett/Code/strava-cli/src/main/java/com/zwinslett/strava/api/StravaAPIClient.java. Using fallback presentation compiler.
2026.05.08 10:33:26 INFO  no build target found for /Users/zachwinslett/Code/strava-cli/src/main/java/com/zwinslett/strava/api/StravaAPIClient.java. Using fallback presentation compiler.
2026.05.08 10:33:26 INFO  no build target found for /Users/zachwinslett/Code/strava-cli/src/main/java/com/zwinslett/strava/api/StravaAPIClient.java. Using fallback presentation compiler.
2026.05.08 10:33:26 INFO  no build target found for /Users/zachwinslett/Code/strava-cli/src/main/java/com/zwinslett/strava/api/StravaAPIClient.java. Using fallback presentation compiler.
2026.05.08 10:33:26 INFO  no build target found for /Users/zachwinslett/Code/strava-cli/src/main/java/com/zwinslett/strava/api/StravaAPIClient.java. Using fallback presentation compiler.
2026.05.08 10:33:26 INFO  no build target found for /Users/zachwinslett/Code/strava-cli/src/main/java/com/zwinslett/strava/api/StravaAPIClient.java. Using fallback presentation compiler.
2026.05.08 10:33:26 INFO  no build target found for /Users/zachwinslett/Code/strava-cli/src/main/java/com/zwinslett/strava/api/StravaAPIClient.java. Using fallback presentation compiler.
2026.05.08 10:33:26 INFO  no build target found for /Users/zachwinslett/Code/strava-cli/src/main/java/com/zwinslett/strava/api/StravaAPIClient.java. Using fallback presentation compiler.
2026.05.08 10:33:26 INFO  no build target found for /Users/zachwinslett/Code/strava-cli/src/main/java/com/zwinslett/strava/api/StravaAPIClient.java. Using fallback presentation compiler.
2026.05.08 10:33:27 INFO  no build target found for /Users/zachwinslett/Code/strava-cli/src/main/java/com/zwinslett/strava/api/StravaAPIClient.java. Using fallback presentation compiler.
2026.05.08 10:33:27 INFO  no build target found for /Users/zachwinslett/Code/strava-cli/src/main/java/com/zwinslett/strava/api/StravaAPIClient.java. Using fallback presentation compiler.
2026.05.08 10:33:27 INFO  no build target found for /Users/zachwinslett/Code/strava-cli/src/main/java/com/zwinslett/strava/api/StravaAPIClient.java. Using fallback presentation compiler.
2026.05.08 10:33:27 INFO  no build target found for /Users/zachwinslett/Code/strava-cli/src/main/java/com/zwinslett/strava/api/StravaAPIClient.java. Using fallback presentation compiler.
2026.05.08 10:33:27 INFO  no build target found for /Users/zachwinslett/Code/strava-cli/src/main/java/com/zwinslett/strava/api/StravaAPIClient.java. Using fallback presentation compiler.
2026.05.08 10:33:27 INFO  no build target found for /Users/zachwinslett/Code/strava-cli/src/main/java/com/zwinslett/strava/api/StravaAPIClient.java. Using fallback presentation compiler.
2026.05.08 10:33:27 INFO  no build target found for /Users/zachwinslett/Code/strava-cli/src/main/java/com/zwinslett/strava/api/StravaAPIClient.java. Using fallback presentation compiler.
2026.05.08 10:33:28 INFO  no build target found for /Users/zachwinslett/Code/strava-cli/src/main/java/com/zwinslett/strava/api/StravaAPIClient.java. Using fallback presentation compiler.
2026.05.08 10:33:28 INFO  no build target found for /Users/zachwinslett/Code/strava-cli/src/main/java/com/zwinslett/strava/api/StravaAPIClient.java. Using fallback presentation compiler.
2026.05.08 10:33:29 INFO  no build target found for /Users/zachwinslett/Code/strava-cli/src/main/java/com/zwinslett/strava/api/StravaAPIClient.java. Using fallback presentation compiler.
2026.05.08 10:33:29 INFO  no build target found for /Users/zachwinslett/Code/strava-cli/src/main/java/com/zwinslett/strava/api/StravaAPIClient.java. Using fallback presentation compiler.
2026.05.08 10:33:29 INFO  no build target found for /Users/zachwinslett/Code/strava-cli/src/main/java/com/zwinslett/strava/api/StravaAPIClient.java. Using fallback presentation compiler.
2026.05.08 10:33:29 INFO  no build target found for /Users/zachwinslett/Code/strava-cli/src/main/java/com/zwinslett/strava/api/StravaAPIClient.java. Using fallback presentation compiler.
2026.05.08 10:33:29 INFO  no build target found for /Users/zachwinslett/Code/strava-cli/src/main/java/com/zwinslett/strava/api/StravaAPIClient.java. Using fallback presentation compiler.
2026.05.08 10:33:29 INFO  no build target found for /Users/zachwinslett/Code/strava-cli/src/main/java/com/zwinslett/strava/api/StravaAPIClient.java. Using fallback presentation compiler.
2026.05.08 10:33:29 INFO  no build target found for /Users/zachwinslett/Code/strava-cli/src/main/java/com/zwinslett/strava/api/StravaAPIClient.java. Using fallback presentation compiler.
2026.05.08 10:33:29 INFO  no build target found for /Users/zachwinslett/Code/strava-cli/src/main/java/com/zwinslett/strava/api/StravaAPIClient.java. Using fallback presentation compiler.
2026.05.08 10:33:29 INFO  no build target found for /Users/zachwinslett/Code/strava-cli/src/main/java/com/zwinslett/strava/api/StravaAPIClient.java. Using fallback presentation compiler.
2026.05.08 10:33:29 INFO  no build target found for /Users/zachwinslett/Code/strava-cli/src/main/java/com/zwinslett/strava/api/StravaAPIClient.java. Using fallback presentation compiler.
2026.05.08 10:33:30 INFO  no build target found for /Users/zachwinslett/Code/strava-cli/src/main/java/com/zwinslett/strava/api/StravaAPIClient.java. Using fallback presentation compiler.
2026.05.08 10:33:29 INFO  no build target found for /Users/zachwinslett/Code/strava-cli/src/main/java/com/zwinslett/strava/api/StravaAPIClient.java. Using fallback presentation compiler.
2026.05.08 10:33:30 INFO  no build target found for /Users/zachwinslett/Code/strava-cli/src/main/java/com/zwinslett/strava/api/StravaAPIClient.java. Using fallback presentation compiler.
2026.05.08 10:33:30 INFO  no build target found for /Users/zachwinslett/Code/strava-cli/src/main/java/com/zwinslett/strava/api/StravaAPIClient.java. Using fallback presentation compiler.
May 08, 2026 10:33:30 AM org.eclipse.lsp4j.jsonrpc.RemoteEndpoint handleCancellation
WARNING: Unmatched cancel notification for request id 1595
2026.05.08 10:33:30 INFO  no build target found for /Users/zachwinslett/Code/strava-cli/src/main/java/com/zwinslett/strava/api/StravaAPIClient.java. Using fallback presentation compiler.
2026.05.08 10:33:30 INFO  no build target found for /Users/zachwinslett/Code/strava-cli/src/main/java/com/zwinslett/strava/api/StravaAPIClient.java. Using fallback presentation compiler.
2026.05.08 10:33:30 INFO  no build target found for /Users/zachwinslett/Code/strava-cli/src/main/java/com/zwinslett/strava/api/StravaAPIClient.java. Using fallback presentation compiler.
2026.05.08 10:33:31 INFO  no build target found for /Users/zachwinslett/Code/strava-cli/src/main/java/com/zwinslett/strava/api/StravaAPIClient.java. Using fallback presentation compiler.
2026.05.08 10:33:30 INFO  no build target found for /Users/zachwinslett/Code/strava-cli/src/main/java/com/zwinslett/strava/api/StravaAPIClient.java. Using fallback presentation compiler.
2026.05.08 10:33:30 INFO  no build target found for /Users/zachwinslett/Code/strava-cli/src/main/java/com/zwinslett/strava/api/StravaAPIClient.java. Using fallback presentation compiler.
2026.05.08 10:33:31 INFO  no build target found for /Users/zachwinslett/Code/strava-cli/src/main/java/com/zwinslett/strava/api/StravaAPIClient.java. Using fallback presentation compiler.
2026.05.08 10:33:31 INFO  no build target found for /Users/zachwinslett/Code/strava-cli/src/main/java/com/zwinslett/strava/api/StravaAPIClient.java. Using fallback presentation compiler.
2026.05.08 10:33:31 INFO  no build target found for /Users/zachwinslett/Code/strava-cli/src/main/java/com/zwinslett/strava/api/StravaAPIClient.java. Using fallback presentation compiler.
2026.05.08 10:33:31 INFO  no build target found for /Users/zachwinslett/Code/strava-cli/src/main/java/com/zwinslett/strava/api/StravaAPIClient.java. Using fallback presentation compiler.
2026.05.08 10:33:31 INFO  no build target found for /Users/zachwinslett/Code/strava-cli/src/main/java/com/zwinslett/strava/api/StravaAPIClient.java. Using fallback presentation compiler.
2026.05.08 10:33:31 INFO  no build target found for /Users/zachwinslett/Code/strava-cli/src/main/java/com/zwinslett/strava/api/StravaAPIClient.java. Using fallback presentation compiler.
2026.05.08 10:33:32 INFO  no build target found for /Users/zachwinslett/Code/strava-cli/src/main/java/com/zwinslett/strava/api/StravaAPIClient.java. Using fallback presentation compiler.
2026.05.08 10:33:31 INFO  no build target found for /Users/zachwinslett/Code/strava-cli/src/main/java/com/zwinslett/strava/api/StravaAPIClient.java. Using fallback presentation compiler.
2026.05.08 10:33:32 INFO  no build target found for /Users/zachwinslett/Code/strava-cli/src/main/java/com/zwinslett/strava/api/StravaAPIClient.java. Using fallback presentation compiler.
2026.05.08 10:33:32 INFO  no build target found for /Users/zachwinslett/Code/strava-cli/src/main/java/com/zwinslett/strava/api/StravaAPIClient.java. Using fallback presentation compiler.
2026.05.08 10:33:32 INFO  no build target found for /Users/zachwinslett/Code/strava-cli/src/main/java/com/zwinslett/strava/api/StravaAPIClient.java. Using fallback presentation compiler.
2026.05.08 10:33:33 INFO  no build target found for /Users/zachwinslett/Code/strava-cli/src/main/java/com/zwinslett/strava/api/StravaAPIClient.java. Using fallback presentation compiler.
2026.05.08 10:33:32 INFO  no build target found for /Users/zachwinslett/Code/strava-cli/src/main/java/com/zwinslett/strava/api/StravaAPIClient.java. Using fallback presentation compiler.
2026.05.08 10:33:34 INFO  no build target found for /Users/zachwinslett/Code/strava-cli/src/main/java/com/zwinslett/strava/api/StravaAPIClient.java. Using fallback presentation compiler.
2026.05.08 10:33:34 INFO  no build target found for /Users/zachwinslett/Code/strava-cli/src/main/java/com/zwinslett/strava/api/StravaAPIClient.java. Using fallback presentation compiler.
2026.05.08 10:33:34 INFO  no build target found for /Users/zachwinslett/Code/strava-cli/src/main/java/com/zwinslett/strava/api/StravaAPIClient.java. Using fallback presentation compiler.
2026.05.08 10:33:34 INFO  no build target found for /Users/zachwinslett/Code/strava-cli/src/main/java/com/zwinslett/strava/api/StravaAPIClient.java. Using fallback presentation compiler.
2026.05.08 10:33:34 INFO  no build target found for /Users/zachwinslett/Code/strava-cli/src/main/java/com/zwinslett/strava/api/StravaAPIClient.java. Using fallback presentation compiler.
2026.05.08 10:33:34 INFO  no build target found for /Users/zachwinslett/Code/strava-cli/src/main/java/com/zwinslett/strava/api/StravaAPIClient.java. Using fallback presentation compiler.
2026.05.08 10:33:35 INFO  no build target found for /Users/zachwinslett/Code/strava-cli/src/main/java/com/zwinslett/strava/api/StravaAPIClient.java. Using fallback presentation compiler.
2026.05.08 10:33:35 INFO  no build target found for /Users/zachwinslett/Code/strava-cli/src/main/java/com/zwinslett/strava/api/StravaAPIClient.java. Using fallback presentation compiler.
2026.05.08 10:33:35 INFO  no build target found for /Users/zachwinslett/Code/strava-cli/src/main/java/com/zwinslett/strava/api/StravaAPIClient.java. Using fallback presentation compiler.
2026.05.08 10:33:35 INFO  no build target found for /Users/zachwinslett/Code/strava-cli/src/main/java/com/zwinslett/strava/api/StravaAPIClient.java. Using fallback presentation compiler.
2026.05.08 10:33:35 INFO  no build target found for /Users/zachwinslett/Code/strava-cli/src/main/java/com/zwinslett/strava/api/StravaAPIClient.java. Using fallback presentation compiler.
2026.05.08 10:33:35 INFO  no build target found for /Users/zachwinslett/Code/strava-cli/src/main/java/com/zwinslett/strava/api/StravaAPIClient.java. Using fallback presentation compiler.
2026.05.08 10:33:35 INFO  no build target found for /Users/zachwinslett/Code/strava-cli/src/main/java/com/zwinslett/strava/api/StravaAPIClient.java. Using fallback presentation compiler.
2026.05.08 10:33:35 INFO  no build target found for /Users/zachwinslett/Code/strava-cli/src/main/java/com/zwinslett/strava/api/StravaAPIClient.java. Using fallback presentation compiler.
2026.05.08 10:33:36 INFO  no build target found for /Users/zachwinslett/Code/strava-cli/src/main/java/com/zwinslett/strava/api/StravaAPIClient.java. Using fallback presentation compiler.
2026.05.08 10:33:35 INFO  no build target found for /Users/zachwinslett/Code/strava-cli/src/main/java/com/zwinslett/strava/api/StravaAPIClient.java. Using fallback presentation compiler.
2026.05.08 10:33:35 INFO  no build target found for /Users/zachwinslett/Code/strava-cli/src/main/java/com/zwinslett/strava/api/StravaAPIClient.java. Using fallback presentation compiler.
2026.05.08 10:33:35 INFO  no build target found for /Users/zachwinslett/Code/strava-cli/src/main/java/com/zwinslett/strava/api/StravaAPIClient.java. Using fallback presentation compiler.
2026.05.08 10:33:36 INFO  no build target found for /Users/zachwinslett/Code/strava-cli/src/main/java/com/zwinslett/strava/api/StravaAPIClient.java. Using fallback presentation compiler.
2026.05.08 10:33:36 INFO  no build target found for /Users/zachwinslett/Code/strava-cli/src/main/java/com/zwinslett/strava/api/StravaAPIClient.java. Using fallback presentation compiler.
2026.05.08 10:33:41 INFO  no build target found for /Users/zachwinslett/Code/strava-cli/src/main/java/com/zwinslett/strava/api/StravaAPIClient.java. Using fallback presentation compiler.
2026.05.08 10:33:41 INFO  no build target found for /Users/zachwinslett/Code/strava-cli/src/main/java/com/zwinslett/strava/api/StravaAPIClient.java. Using fallback presentation compiler.
2026.05.08 10:33:41 INFO  no build target found for /Users/zachwinslett/Code/strava-cli/src/main/java/com/zwinslett/strava/api/StravaAPIClient.java. Using fallback presentation compiler.
2026.05.08 10:33:41 INFO  no build target found for /Users/zachwinslett/Code/strava-cli/src/main/java/com/zwinslett/strava/api/StravaAPIClient.java. Using fallback presentation compiler.
2026.05.08 10:33:41 INFO  no build target found for /Users/zachwinslett/Code/strava-cli/src/main/java/com/zwinslett/strava/api/StravaAPIClient.java. Using fallback presentation compiler.
2026.05.08 10:33:41 INFO  no build target found for /Users/zachwinslett/Code/strava-cli/src/main/java/com/zwinslett/strava/api/StravaAPIClient.java. Using fallback presentation compiler.
2026.05.08 10:33:41 INFO  no build target found for /Users/zachwinslett/Code/strava-cli/src/main/java/com/zwinslett/strava/api/StravaAPIClient.java. Using fallback presentation compiler.
2026.05.08 10:33:41 INFO  no build target found for /Users/zachwinslett/Code/strava-cli/src/main/java/com/zwinslett/strava/api/StravaAPIClient.java. Using fallback presentation compiler.
2026.05.08 10:33:42 INFO  no build target found for /Users/zachwinslett/Code/strava-cli/src/main/java/com/zwinslett/strava/api/StravaAPIClient.java. Using fallback presentation compiler.
2026.05.08 10:33:41 INFO  no build target found for /Users/zachwinslett/Code/strava-cli/src/main/java/com/zwinslett/strava/api/StravaAPIClient.java. Using fallback presentation compiler.
2026.05.08 10:33:42 INFO  no build target found for /Users/zachwinslett/Code/strava-cli/src/main/java/com/zwinslett/strava/api/StravaAPIClient.java. Using fallback presentation compiler.
2026.05.08 10:33:42 INFO  no build target found for /Users/zachwinslett/Code/strava-cli/src/main/java/com/zwinslett/strava/api/StravaAPIClient.java. Using fallback presentation compiler.
2026.05.08 10:33:42 INFO  no build target found for /Users/zachwinslett/Code/strava-cli/src/main/java/com/zwinslett/strava/api/StravaAPIClient.java. Using fallback presentation compiler.
2026.05.08 10:33:42 INFO  no build target found for /Users/zachwinslett/Code/strava-cli/src/main/java/com/zwinslett/strava/api/StravaAPIClient.java. Using fallback presentation compiler.
2026.05.08 10:33:42 INFO  no build target found for /Users/zachwinslett/Code/strava-cli/src/main/java/com/zwinslett/strava/api/StravaAPIClient.java. Using fallback presentation compiler.
2026.05.08 10:33:42 INFO  no build target found for /Users/zachwinslett/Code/strava-cli/src/main/java/com/zwinslett/strava/api/StravaAPIClient.java. Using fallback presentation compiler.
2026.05.08 10:33:42 INFO  no build target found for /Users/zachwinslett/Code/strava-cli/src/main/java/com/zwinslett/strava/api/StravaAPIClient.java. Using fallback presentation compiler.
2026.05.08 10:33:43 INFO  no build target found for /Users/zachwinslett/Code/strava-cli/src/main/java/com/zwinslett/strava/api/StravaAPIClient.java. Using fallback presentation compiler.
2026.05.08 10:33:42 INFO  no build target found for /Users/zachwinslett/Code/strava-cli/src/main/java/com/zwinslett/strava/api/StravaAPIClient.java. Using fallback presentation compiler.
2026.05.08 10:33:42 INFO  no build target found for /Users/zachwinslett/Code/strava-cli/src/main/java/com/zwinslett/strava/api/StravaAPIClient.java. Using fallback presentation compiler.
2026.05.08 10:33:43 INFO  no build target found for /Users/zachwinslett/Code/strava-cli/src/main/java/com/zwinslett/strava/api/StravaAPIClient.java. Using fallback presentation compiler.
2026.05.08 10:33:43 INFO  no build target found for /Users/zachwinslett/Code/strava-cli/src/main/java/com/zwinslett/strava/api/StravaAPIClient.java. Using fallback presentation compiler.
2026.05.08 10:33:43 INFO  no build target found for /Users/zachwinslett/Code/strava-cli/src/main/java/com/zwinslett/strava/api/StravaAPIClient.java. Using fallback presentation compiler.
2026.05.08 10:33:43 INFO  no build target found for /Users/zachwinslett/Code/strava-cli/src/main/java/com/zwinslett/strava/api/StravaAPIClient.java. Using fallback presentation compiler.
2026.05.08 10:33:44 INFO  no build target found for /Users/zachwinslett/Code/strava-cli/src/main/java/com/zwinslett/strava/api/StravaAPIClient.java. Using fallback presentation compiler.
2026.05.08 10:33:43 INFO  no build target found for /Users/zachwinslett/Code/strava-cli/src/main/java/com/zwinslett/strava/api/StravaAPIClient.java. Using fallback presentation compiler.
2026.05.08 10:33:43 INFO  no build target found for /Users/zachwinslett/Code/strava-cli/src/main/java/com/zwinslett/strava/api/StravaAPIClient.java. Using fallback presentation compiler.
2026.05.08 10:33:43 INFO  no build target found for /Users/zachwinslett/Code/strava-cli/src/main/java/com/zwinslett/strava/api/StravaAPIClient.java. Using fallback presentation compiler.
2026.05.08 10:33:43 INFO  no build target found for /Users/zachwinslett/Code/strava-cli/src/main/java/com/zwinslett/strava/api/StravaAPIClient.java. Using fallback presentation compiler.
2026.05.08 10:33:44 INFO  no build target found for /Users/zachwinslett/Code/strava-cli/src/main/java/com/zwinslett/strava/api/StravaAPIClient.java. Using fallback presentation compiler.
2026.05.08 10:33:44 INFO  no build target found for /Users/zachwinslett/Code/strava-cli/src/main/java/com/zwinslett/strava/api/StravaAPIClient.java. Using fallback presentation compiler.
2026.05.08 10:33:44 INFO  no build target found for /Users/zachwinslett/Code/strava-cli/src/main/java/com/zwinslett/strava/api/StravaAPIClient.java. Using fallback presentation compiler.
2026.05.08 10:33:44 INFO  no build target found for /Users/zachwinslett/Code/strava-cli/src/main/java/com/zwinslett/strava/api/StravaAPIClient.java. Using fallback presentation compiler.
2026.05.08 10:33:44 INFO  no build target found for /Users/zachwinslett/Code/strava-cli/src/main/java/com/zwinslett/strava/api/StravaAPIClient.java. Using fallback presentation compiler.
2026.05.08 10:33:44 INFO  no build target found for /Users/zachwinslett/Code/strava-cli/src/main/java/com/zwinslett/strava/api/StravaAPIClient.java. Using fallback presentation compiler.
2026.05.08 10:33:45 INFO  no build target found for /Users/zachwinslett/Code/strava-cli/src/main/java/com/zwinslett/strava/api/StravaAPIClient.java. Using fallback presentation compiler.
2026.05.08 10:33:44 INFO  no build target found for /Users/zachwinslett/Code/strava-cli/src/main/java/com/zwinslett/strava/api/StravaAPIClient.java. Using fallback presentation compiler.
2026.05.08 10:33:44 INFO  no build target found for /Users/zachwinslett/Code/strava-cli/src/main/java/com/zwinslett/strava/api/StravaAPIClient.java. Using fallback presentation compiler.
2026.05.08 10:33:44 INFO  no build target found for /Users/zachwinslett/Code/strava-cli/src/main/java/com/zwinslett/strava/api/StravaAPIClient.java. Using fallback presentation compiler.
2026.05.08 10:33:44 INFO  no build target found for /Users/zachwinslett/Code/strava-cli/src/main/java/com/zwinslett/strava/api/StravaAPIClient.java. Using fallback presentation compiler.
2026.05.08 10:33:44 INFO  no build target found for /Users/zachwinslett/Code/strava-cli/src/main/java/com/zwinslett/strava/api/StravaAPIClient.java. Using fallback presentation compiler.
2026.05.08 10:33:45 INFO  no build target found for /Users/zachwinslett/Code/strava-cli/src/main/java/com/zwinslett/strava/api/StravaAPIClient.java. Using fallback presentation compiler.
2026.05.08 10:33:44 INFO  no build target found for /Users/zachwinslett/Code/strava-cli/src/main/java/com/zwinslett/strava/api/StravaAPIClient.java. Using fallback presentation compiler.
2026.05.08 10:33:46 INFO  no build target found for /Users/zachwinslett/Code/strava-cli/src/main/java/com/zwinslett/strava/api/StravaAPIClient.java. Using fallback presentation compiler.
2026.05.08 10:33:46 INFO  no build target found for /Users/zachwinslett/Code/strava-cli/src/main/java/com/zwinslett/strava/api/StravaAPIClient.java. Using fallback presentation compiler.
2026.05.08 10:33:46 INFO  no build target found for /Users/zachwinslett/Code/strava-cli/src/main/java/com/zwinslett/strava/api/StravaAPIClient.java. Using fallback presentation compiler.
2026.05.08 10:33:46 INFO  no build target found for /Users/zachwinslett/Code/strava-cli/src/main/java/com/zwinslett/strava/api/StravaAPIClient.java. Using fallback presentation compiler.
2026.05.08 10:33:46 INFO  no build target found for /Users/zachwinslett/Code/strava-cli/src/main/java/com/zwinslett/strava/api/StravaAPIClient.java. Using fallback presentation compiler.
2026.05.08 10:33:46 INFO  no build target found for /Users/zachwinslett/Code/strava-cli/src/main/java/com/zwinslett/strava/api/StravaAPIClient.java. Using fallback presentation compiler.
2026.05.08 10:33:46 INFO  no build target found for /Users/zachwinslett/Code/strava-cli/src/main/java/com/zwinslett/strava/api/StravaAPIClient.java. Using fallback presentation compiler.
2026.05.08 10:33:46 INFO  no build target found for /Users/zachwinslett/Code/strava-cli/src/main/java/com/zwinslett/strava/api/StravaAPIClient.java. Using fallback presentation compiler.
2026.05.08 10:33:46 INFO  no build target found for /Users/zachwinslett/Code/strava-cli/src/main/java/com/zwinslett/strava/api/StravaAPIClient.java. Using fallback presentation compiler.
2026.05.08 10:33:47 INFO  no build target found for /Users/zachwinslett/Code/strava-cli/src/main/java/com/zwinslett/strava/api/StravaAPIClient.java. Using fallback presentation compiler.
2026.05.08 10:33:46 INFO  no build target found for /Users/zachwinslett/Code/strava-cli/src/main/java/com/zwinslett/strava/api/StravaAPIClient.java. Using fallback presentation compiler.
2026.05.08 10:33:46 INFO  no build target found for /Users/zachwinslett/Code/strava-cli/src/main/java/com/zwinslett/strava/api/StravaAPIClient.java. Using fallback presentation compiler.
2026.05.08 10:33:47 INFO  no build target found for /Users/zachwinslett/Code/strava-cli/src/main/java/com/zwinslett/strava/api/StravaAPIClient.java. Using fallback presentation compiler.
2026.05.08 10:33:50 INFO  no build target found for /Users/zachwinslett/Code/strava-cli/src/main/java/com/zwinslett/strava/api/StravaAPIClient.java. Using fallback presentation compiler.
2026.05.08 10:33:50 INFO  no build target found for /Users/zachwinslett/Code/strava-cli/src/main/java/com/zwinslett/strava/api/StravaAPIClient.java. Using fallback presentation compiler.
2026.05.08 10:33:50 INFO  no build target found for /Users/zachwinslett/Code/strava-cli/src/main/java/com/zwinslett/strava/api/StravaAPIClient.java. Using fallback presentation compiler.
2026.05.08 10:33:50 INFO  no build target found for /Users/zachwinslett/Code/strava-cli/src/main/java/com/zwinslett/strava/api/StravaAPIClient.java. Using fallback presentation compiler.
2026.05.08 10:33:50 INFO  no build target found for /Users/zachwinslett/Code/strava-cli/src/main/java/com/zwinslett/strava/api/StravaAPIClient.java. Using fallback presentation compiler.
2026.05.08 10:33:52 INFO  no build target found for /Users/zachwinslett/Code/strava-cli/src/main/java/com/zwinslett/strava/api/StravaAPIClient.java. Using fallback presentation compiler.
2026.05.08 10:33:52 INFO  no build target found for /Users/zachwinslett/Code/strava-cli/src/main/java/com/zwinslett/strava/api/StravaAPIClient.java. Using fallback presentation compiler.
2026.05.08 10:33:52 INFO  no build target found for /Users/zachwinslett/Code/strava-cli/src/main/java/com/zwinslett/strava/api/StravaAPIClient.java. Using fallback presentation compiler.
2026.05.08 10:33:52 INFO  no build target found for /Users/zachwinslett/Code/strava-cli/src/main/java/com/zwinslett/strava/api/StravaAPIClient.java. Using fallback presentation compiler.
May 08, 2026 10:33:52 AM org.eclipse.lsp4j.jsonrpc.RemoteEndpoint handleCancellation
WARNING: Unmatched cancel notification for request id 1777
2026.05.08 10:33:52 INFO  no build target found for /Users/zachwinslett/Code/strava-cli/src/main/java/com/zwinslett/strava/api/StravaAPIClient.java. Using fallback presentation compiler.
2026.05.08 10:33:52 INFO  no build target found for /Users/zachwinslett/Code/strava-cli/src/main/java/com/zwinslett/strava/api/StravaAPIClient.java. Using fallback presentation compiler.
2026.05.08 10:33:52 INFO  no build target found for /Users/zachwinslett/Code/strava-cli/src/main/java/com/zwinslett/strava/api/StravaAPIClient.java. Using fallback presentation compiler.
2026.05.08 10:33:52 INFO  no build target found for /Users/zachwinslett/Code/strava-cli/src/main/java/com/zwinslett/strava/api/StravaAPIClient.java. Using fallback presentation compiler.
2026.05.08 10:33:52 INFO  no build target found for /Users/zachwinslett/Code/strava-cli/src/main/java/com/zwinslett/strava/api/StravaAPIClient.java. Using fallback presentation compiler.
2026.05.08 10:33:53 INFO  no build target found for /Users/zachwinslett/Code/strava-cli/src/main/java/com/zwinslett/strava/api/StravaAPIClient.java. Using fallback presentation compiler.
2026.05.08 10:33:53 INFO  no build target found for /Users/zachwinslett/Code/strava-cli/src/main/java/com/zwinslett/strava/api/StravaAPIClient.java. Using fallback presentation compiler.
2026.05.08 10:33:53 INFO  no build target found for /Users/zachwinslett/Code/strava-cli/src/main/java/com/zwinslett/strava/api/StravaAPIClient.java. Using fallback presentation compiler.
2026.05.08 10:33:53 INFO  no build target found for /Users/zachwinslett/Code/strava-cli/src/main/java/com/zwinslett/strava/api/StravaAPIClient.java. Using fallback presentation compiler.
2026.05.08 10:33:53 INFO  no build target found for /Users/zachwinslett/Code/strava-cli/src/main/java/com/zwinslett/strava/api/StravaAPIClient.java. Using fallback presentation compiler.
2026.05.08 10:33:53 INFO  no build target found for /Users/zachwinslett/Code/strava-cli/src/main/java/com/zwinslett/strava/api/StravaAPIClient.java. Using fallback presentation compiler.
2026.05.08 10:33:54 INFO  no build target found for /Users/zachwinslett/Code/strava-cli/src/main/java/com/zwinslett/strava/api/StravaAPIClient.java. Using fallback presentation compiler.
2026.05.08 10:33:53 INFO  no build target found for /Users/zachwinslett/Code/strava-cli/src/main/java/com/zwinslett/strava/api/StravaAPIClient.java. Using fallback presentation compiler.
2026.05.08 10:33:53 INFO  no build target found for /Users/zachwinslett/Code/strava-cli/src/main/java/com/zwinslett/strava/api/StravaAPIClient.java. Using fallback presentation compiler.
2026.05.08 10:33:53 INFO  no build target found for /Users/zachwinslett/Code/strava-cli/src/main/java/com/zwinslett/strava/api/StravaAPIClient.java. Using fallback presentation compiler.
2026.05.08 10:33:54 INFO  no build target found for /Users/zachwinslett/Code/strava-cli/src/main/java/com/zwinslett/strava/api/StravaAPIClient.java. Using fallback presentation compiler.
2026.05.08 10:33:54 INFO  no build target found for /Users/zachwinslett/Code/strava-cli/src/main/java/com/zwinslett/strava/api/StravaAPIClient.java. Using fallback presentation compiler.
2026.05.08 10:33:54 INFO  no build target found for /Users/zachwinslett/Code/strava-cli/src/main/java/com/zwinslett/strava/api/StravaAPIClient.java. Using fallback presentation compiler.
2026.05.08 10:33:54 INFO  no build target found for /Users/zachwinslett/Code/strava-cli/src/main/java/com/zwinslett/strava/api/StravaAPIClient.java. Using fallback presentation compiler.
2026.05.08 10:33:54 INFO  no build target found for /Users/zachwinslett/Code/strava-cli/src/main/java/com/zwinslett/strava/api/StravaAPIClient.java. Using fallback presentation compiler.
2026.05.08 10:33:54 INFO  no build target found for /Users/zachwinslett/Code/strava-cli/src/main/java/com/zwinslett/strava/api/StravaAPIClient.java. Using fallback presentation compiler.
2026.05.08 10:33:57 INFO  no build target found for /Users/zachwinslett/Code/strava-cli/src/main/java/com/zwinslett/strava/api/StravaAPIClient.java. Using fallback presentation compiler.
2026.05.08 10:33:57 INFO  no build target found for /Users/zachwinslett/Code/strava-cli/src/main/java/com/zwinslett/strava/api/StravaAPIClient.java. Using fallback presentation compiler.
2026.05.08 10:33:58 INFO  no build target found for /Users/zachwinslett/Code/strava-cli/src/main/java/com/zwinslett/strava/api/StravaAPIClient.java. Using fallback presentation compiler.
2026.05.08 10:33:58 INFO  no build target found for /Users/zachwinslett/Code/strava-cli/src/main/java/com/zwinslett/strava/api/StravaAPIClient.java. Using fallback presentation compiler.
2026.05.08 10:33:58 INFO  no build target found for /Users/zachwinslett/Code/strava-cli/src/main/java/com/zwinslett/strava/api/StravaAPIClient.java. Using fallback presentation compiler.
2026.05.08 10:33:58 INFO  no build target found for /Users/zachwinslett/Code/strava-cli/src/main/java/com/zwinslett/strava/api/StravaAPIClient.java. Using fallback presentation compiler.
2026.05.08 10:33:59 INFO  no build target found for /Users/zachwinslett/Code/strava-cli/src/main/java/com/zwinslett/strava/api/StravaAPIClient.java. Using fallback presentation compiler.
2026.05.08 10:34:02 INFO  no build target found for /Users/zachwinslett/Code/strava-cli/src/main/java/com/zwinslett/strava/api/StravaAPIClient.java. Using fallback presentation compiler.
2026.05.08 10:34:02 INFO  no build target found for /Users/zachwinslett/Code/strava-cli/src/main/java/com/zwinslett/strava/api/StravaAPIClient.java. Using fallback presentation compiler.
2026.05.08 10:34:16 INFO  no build target found for /Users/zachwinslett/Code/strava-cli/src/main/java/com/zwinslett/strava/api/StravaAPIClient.java. Using fallback presentation compiler.
2026.05.08 10:34:17 INFO  no build target found for /Users/zachwinslett/Code/strava-cli/src/main/java/com/zwinslett/strava/api/StravaAPIClient.java. Using fallback presentation compiler.
2026.05.08 10:34:17 INFO  no build target found for /Users/zachwinslett/Code/strava-cli/src/main/java/com/zwinslett/strava/api/StravaAPIClient.java. Using fallback presentation compiler.
2026.05.08 10:34:19 INFO  no build target found for /Users/zachwinslett/Code/strava-cli/src/main/java/com/zwinslett/strava/api/StravaAPIClient.java. Using fallback presentation compiler.
2026.05.08 10:34:19 INFO  no build target found for /Users/zachwinslett/Code/strava-cli/src/main/java/com/zwinslett/strava/api/StravaAPIClient.java. Using fallback presentation compiler.
2026.05.08 10:34:21 INFO  no build target found for /Users/zachwinslett/Code/strava-cli/src/main/java/com/zwinslett/strava/api/StravaAPIClient.java. Using fallback presentation compiler.
2026.05.08 10:34:21 INFO  no build target found for /Users/zachwinslett/Code/strava-cli/src/main/java/com/zwinslett/strava/api/StravaAPIClient.java. Using fallback presentation compiler.
2026.05.08 10:34:21 INFO  no build target found for /Users/zachwinslett/Code/strava-cli/src/main/java/com/zwinslett/strava/api/StravaAPIClient.java. Using fallback presentation compiler.
2026.05.08 10:34:21 INFO  empty definition using pc, found symbol in pc: java/lang/String# (full report at: "/Users/zachwinslett/Code/strava-cli/.metals/.reports/metals-full/2026-05-08/r_empty-definition_10-33-05-871.md")
2026.05.08 10:34:21 INFO  Created report: Optional[file:///Users/zachwinslett/Code/strava-cli/src/main/java/com/zwinslett/strava/api/StravaAPIClient.java]
2026.05.08 10:34:21 INFO  empty definition using pc, found symbol in pc: java/util/Map# (full report at: "/Users/zachwinslett/Code/strava-cli/.metals/.reports/metals-full/2026-05-08/r_empty-definition_10-34-21-629.md")
2026.05.08 10:34:21 INFO  no build target found for /Users/zachwinslett/Code/strava-cli/src/main/java/com/zwinslett/strava/api/StravaAPIClient.java. Using fallback presentation compiler.
2026.05.08 10:34:21 INFO  no build target found for /Users/zachwinslett/Code/strava-cli/src/main/java/com/zwinslett/strava/api/StravaAPIClient.java. Using fallback presentation compiler.
2026.05.08 10:34:25 INFO  no build target found for /Users/zachwinslett/Code/strava-cli/src/main/java/com/zwinslett/strava/api/StravaAPIClient.java. Using fallback presentation compiler.
2026.05.08 10:34:25 INFO  no build target found for /Users/zachwinslett/Code/strava-cli/src/main/java/com/zwinslett/strava/api/StravaAPIClient.java. Using fallback presentation compiler.
2026.05.08 10:34:25 INFO  no build target found for /Users/zachwinslett/Code/strava-cli/src/main/java/com/zwinslett/strava/api/StravaAPIClient.java. Using fallback presentation compiler.
2026.05.08 10:34:26 INFO  no build target found for /Users/zachwinslett/Code/strava-cli/src/main/java/com/zwinslett/strava/api/StravaAPIClient.java. Using fallback presentation compiler.
2026.05.08 10:34:26 INFO  no build target found for /Users/zachwinslett/Code/strava-cli/src/main/java/com/zwinslett/strava/api/StravaAPIClient.java. Using fallback presentation compiler.
2026.05.08 10:34:26 INFO  no build target found for /Users/zachwinslett/Code/strava-cli/src/main/java/com/zwinslett/strava/api/StravaAPIClient.java. Using fallback presentation compiler.
2026.05.08 10:34:26 INFO  empty definition using pc, found symbol in pc: java/net/http/HttpResponse# (full report at: "/Users/zachwinslett/Code/strava-cli/.metals/.reports/metals-full/2026-03-22/r_empty-definition_09-11-36-977.md")
2026.05.08 10:34:28 INFO  no build target found for /Users/zachwinslett/Code/strava-cli/src/main/java/com/zwinslett/strava/api/StravaAPIClient.java. Using fallback presentation compiler.
2026.05.08 10:34:28 INFO  no build target found for /Users/zachwinslett/Code/strava-cli/src/main/java/com/zwinslett/strava/api/StravaAPIClient.java. Using fallback presentation compiler.
2026.05.08 10:34:43 INFO  no build target found for /Users/zachwinslett/Code/strava-cli/src/main/java/com/zwinslett/strava/api/StravaAPIClient.java. Using fallback presentation compiler.
2026.05.08 10:34:43 INFO  no build target found for /Users/zachwinslett/Code/strava-cli/src/main/java/com/zwinslett/strava/api/StravaAPIClient.java. Using fallback presentation compiler.
2026.05.08 10:34:56 INFO  no build target found for /Users/zachwinslett/Code/strava-cli/src/main/java/com/zwinslett/strava/api/StravaAPIClient.java. Using fallback presentation compiler.
2026.05.08 10:34:56 INFO  no build target found for /Users/zachwinslett/Code/strava-cli/src/main/java/com/zwinslett/strava/api/StravaAPIClient.java. Using fallback presentation compiler.
2026.05.08 10:34:56 INFO  no build target found for /Users/zachwinslett/Code/strava-cli/src/main/java/com/zwinslett/strava/api/StravaAPIClient.java. Using fallback presentation compiler.
2026.05.08 10:34:56 INFO  no build target found for /Users/zachwinslett/Code/strava-cli/src/main/java/com/zwinslett/strava/api/StravaAPIClient.java. Using fallback presentation compiler.
2026.05.08 10:34:56 INFO  no build target found for /Users/zachwinslett/Code/strava-cli/src/main/java/com/zwinslett/strava/api/StravaAPIClient.java. Using fallback presentation compiler.
2026.05.08 10:34:56 INFO  no build target found for /Users/zachwinslett/Code/strava-cli/src/main/java/com/zwinslett/strava/api/StravaAPIClient.java. Using fallback presentation compiler.
2026.05.08 10:34:57 INFO  no build target found for /Users/zachwinslett/Code/strava-cli/src/main/java/com/zwinslett/strava/api/StravaAPIClient.java. Using fallback presentation compiler.
2026.05.08 10:34:57 INFO  no build target found for /Users/zachwinslett/Code/strava-cli/src/main/java/com/zwinslett/strava/api/StravaAPIClient.java. Using fallback presentation compiler.
2026.05.08 10:34:57 INFO  no build target found for /Users/zachwinslett/Code/strava-cli/src/main/java/com/zwinslett/strava/api/StravaAPIClient.java. Using fallback presentation compiler.
2026.05.08 10:34:57 INFO  no build target found for /Users/zachwinslett/Code/strava-cli/src/main/java/com/zwinslett/strava/api/StravaAPIClient.java. Using fallback presentation compiler.
2026.05.08 10:34:57 INFO  no build target found for /Users/zachwinslett/Code/strava-cli/src/main/java/com/zwinslett/strava/api/StravaAPIClient.java. Using fallback presentation compiler.
2026.05.08 10:34:57 INFO  no build target found for /Users/zachwinslett/Code/strava-cli/src/main/java/com/zwinslett/strava/api/StravaAPIClient.java. Using fallback presentation compiler.
2026.05.08 10:34:57 INFO  no build target found for /Users/zachwinslett/Code/strava-cli/src/main/java/com/zwinslett/strava/api/StravaAPIClient.java. Using fallback presentation compiler.
2026.05.08 10:34:58 INFO  no build target found for /Users/zachwinslett/Code/strava-cli/src/main/java/com/zwinslett/strava/api/StravaAPIClient.java. Using fallback presentation compiler.
2026.05.08 10:34:57 INFO  no build target found for /Users/zachwinslett/Code/strava-cli/src/main/java/com/zwinslett/strava/api/StravaAPIClient.java. Using fallback presentation compiler.
2026.05.08 10:34:58 INFO  no build target found for /Users/zachwinslett/Code/strava-cli/src/main/java/com/zwinslett/strava/api/StravaAPIClient.java. Using fallback presentation compiler.
2026.05.08 10:34:58 INFO  no build target found for /Users/zachwinslett/Code/strava-cli/src/main/java/com/zwinslett/strava/api/StravaAPIClient.java. Using fallback presentation compiler.
2026.05.08 10:34:59 INFO  no build target found for /Users/zachwinslett/Code/strava-cli/src/main/java/com/zwinslett/strava/api/StravaAPIClient.java. Using fallback presentation compiler.
2026.05.08 10:34:59 INFO  no build target found for /Users/zachwinslett/Code/strava-cli/src/main/java/com/zwinslett/strava/api/StravaAPIClient.java. Using fallback presentation compiler.
2026.05.08 10:35:01 INFO  no build target found for /Users/zachwinslett/Code/strava-cli/src/main/java/com/zwinslett/strava/api/StravaAPIClient.java. Using fallback presentation compiler.
2026.05.08 10:35:01 INFO  no build target found for /Users/zachwinslett/Code/strava-cli/src/main/java/com/zwinslett/strava/api/StravaAPIClient.java. Using fallback presentation compiler.
2026.05.08 10:35:01 INFO  no build target found for /Users/zachwinslett/Code/strava-cli/src/main/java/com/zwinslett/strava/api/StravaAPIClient.java. Using fallback presentation compiler.
2026.05.08 10:35:05 INFO  no build target found for /Users/zachwinslett/Code/strava-cli/src/main/java/com/zwinslett/strava/api/StravaAPIClient.java. Using fallback presentation compiler.
2026.05.08 10:35:07 INFO  no build target found for /Users/zachwinslett/Code/strava-cli/src/main/java/com/zwinslett/strava/api/StravaAPIClient.java. Using fallback presentation compiler.
2026.05.08 10:35:07 INFO  no build target found for /Users/zachwinslett/Code/strava-cli/src/main/java/com/zwinslett/strava/api/StravaAPIClient.java. Using fallback presentation compiler.
2026.05.08 10:35:07 INFO  no build target found for /Users/zachwinslett/Code/strava-cli/src/main/java/com/zwinslett/strava/api/StravaAPIClient.java. Using fallback presentation compiler.
2026.05.08 10:35:08 INFO  no build target found for /Users/zachwinslett/Code/strava-cli/src/main/java/com/zwinslett/strava/api/StravaAPIClient.java. Using fallback presentation compiler.
2026.05.08 10:35:08 INFO  no build target found for /Users/zachwinslett/Code/strava-cli/src/main/java/com/zwinslett/strava/api/StravaAPIClient.java. Using fallback presentation compiler.
2026.05.08 10:35:08 INFO  no build target found for /Users/zachwinslett/Code/strava-cli/src/main/java/com/zwinslett/strava/api/StravaAPIClient.java. Using fallback presentation compiler.
2026.05.08 10:35:09 INFO  no build target found for /Users/zachwinslett/Code/strava-cli/src/main/java/com/zwinslett/strava/api/StravaAPIClient.java. Using fallback presentation compiler.
2026.05.08 10:35:09 INFO  no build target found for /Users/zachwinslett/Code/strava-cli/src/main/java/com/zwinslett/strava/api/StravaAPIClient.java. Using fallback presentation compiler.
2026.05.08 10:35:09 INFO  no build target found for /Users/zachwinslett/Code/strava-cli/src/main/java/com/zwinslett/strava/api/StravaAPIClient.java. Using fallback presentation compiler.
2026.05.08 10:35:09 INFO  empty definition using pc, found symbol in pc: java/net/http/HttpRequest# (full report at: "/Users/zachwinslett/Code/strava-cli/.metals/.reports/metals-full/2026-03-22/r_empty-definition_09-28-09-627.md")
2026.05.08 10:35:09 INFO  Created report: Optional[file:///Users/zachwinslett/Code/strava-cli/src/main/java/com/zwinslett/strava/api/StravaAPIClient.java]
2026.05.08 10:35:09 INFO  empty definition using pc, found symbol in pc: java/net/http/HttpRequest#Builder#header(). (full report at: "/Users/zachwinslett/Code/strava-cli/.metals/.reports/metals-full/2026-05-08/r_empty-definition_10-35-09-554.md")
2026.05.08 10:35:09 INFO  no build target found for /Users/zachwinslett/Code/strava-cli/src/main/java/com/zwinslett/strava/api/StravaAPIClient.java. Using fallback presentation compiler.
2026.05.08 10:35:09 INFO  empty definition using pc, found symbol in pc: java/lang/String# (full report at: "/Users/zachwinslett/Code/strava-cli/.metals/.reports/metals-full/2026-05-08/r_empty-definition_10-33-05-871.md")
2026.05.08 10:35:09 INFO  no build target found for /Users/zachwinslett/Code/strava-cli/src/main/java/com/zwinslett/strava/api/StravaAPIClient.java. Using fallback presentation compiler.
2026.05.08 10:35:09 INFO  no build target found for /Users/zachwinslett/Code/strava-cli/src/main/java/com/zwinslett/strava/api/StravaAPIClient.java. Using fallback presentation compiler.
2026.05.08 10:35:11 INFO  no build target found for /Users/zachwinslett/Code/strava-cli/src/main/java/com/zwinslett/strava/api/StravaAPIClient.java. Using fallback presentation compiler.
2026.05.08 10:35:11 INFO  no build target found for /Users/zachwinslett/Code/strava-cli/src/main/java/com/zwinslett/strava/api/StravaAPIClient.java. Using fallback presentation compiler.
2026.05.08 10:35:12 INFO  no build target found for /Users/zachwinslett/Code/strava-cli/src/main/java/com/zwinslett/strava/api/StravaAPIClient.java. Using fallback presentation compiler.
2026.05.08 10:35:12 INFO  no build target found for /Users/zachwinslett/Code/strava-cli/src/main/java/com/zwinslett/strava/api/StravaAPIClient.java. Using fallback presentation compiler.
2026.05.08 10:35:24 INFO  no build target found for /Users/zachwinslett/Code/strava-cli/src/main/java/com/zwinslett/strava/api/StravaAPIClient.java. Using fallback presentation compiler.
2026.05.08 10:35:24 INFO  no build target found for /Users/zachwinslett/Code/strava-cli/src/main/java/com/zwinslett/strava/api/StravaAPIClient.java. Using fallback presentation compiler.
2026.05.08 10:35:29 INFO  no build target found for /Users/zachwinslett/Code/strava-cli/src/main/java/com/zwinslett/strava/api/StravaAPIClient.java. Using fallback presentation compiler.
2026.05.08 10:36:02 INFO  no build target found for /Users/zachwinslett/Code/strava-cli/src/main/java/com/zwinslett/strava/api/StravaAPIClient.java. Using fallback presentation compiler.
2026.05.08 10:36:07 INFO  no build target found for /Users/zachwinslett/Code/strava-cli/src/main/java/com/zwinslett/strava/api/StravaAPIClient.java. Using fallback presentation compiler.
2026.05.08 10:36:07 INFO  no build target found for /Users/zachwinslett/Code/strava-cli/src/main/java/com/zwinslett/strava/api/StravaAPIClient.java. Using fallback presentation compiler.
2026.05.08 10:36:08 INFO  no build target found for /Users/zachwinslett/Code/strava-cli/src/main/java/com/zwinslett/strava/api/StravaAPIClient.java. Using fallback presentation compiler.
2026.05.08 10:36:08 INFO  no build target found for /Users/zachwinslett/Code/strava-cli/src/main/java/com/zwinslett/strava/api/StravaAPIClient.java. Using fallback presentation compiler.
2026.05.08 10:36:08 INFO  no build target found for /Users/zachwinslett/Code/strava-cli/src/main/java/com/zwinslett/strava/api/StravaAPIClient.java. Using fallback presentation compiler.
2026.05.08 10:36:08 INFO  no build target found for /Users/zachwinslett/Code/strava-cli/src/main/java/com/zwinslett/strava/api/StravaAPIClient.java. Using fallback presentation compiler.
2026.05.08 10:36:08 INFO  no build target found for /Users/zachwinslett/Code/strava-cli/src/main/java/com/zwinslett/strava/api/StravaAPIClient.java. Using fallback presentation compiler.
2026.05.08 10:36:08 INFO  no build target found for /Users/zachwinslett/Code/strava-cli/src/main/java/com/zwinslett/strava/api/StravaAPIClient.java. Using fallback presentation compiler.
2026.05.08 10:36:10 INFO  no build target found for /Users/zachwinslett/Code/strava-cli/src/main/java/com/zwinslett/strava/api/StravaAPIClient.java. Using fallback presentation compiler.
2026.05.08 10:36:10 INFO  no build target found for /Users/zachwinslett/Code/strava-cli/src/main/java/com/zwinslett/strava/api/StravaAPIClient.java. Using fallback presentation compiler.
2026.05.08 10:36:10 INFO  no build target found for /Users/zachwinslett/Code/strava-cli/src/main/java/com/zwinslett/strava/api/StravaAPIClient.java. Using fallback presentation compiler.
2026.05.08 10:36:10 INFO  no build target found for /Users/zachwinslett/Code/strava-cli/src/main/java/com/zwinslett/strava/api/StravaAPIClient.java. Using fallback presentation compiler.
2026.05.08 10:36:10 INFO  no build target found for /Users/zachwinslett/Code/strava-cli/src/main/java/com/zwinslett/strava/api/StravaAPIClient.java. Using fallback presentation compiler.
2026.05.08 10:36:10 INFO  no build target found for /Users/zachwinslett/Code/strava-cli/src/main/java/com/zwinslett/strava/api/StravaAPIClient.java. Using fallback presentation compiler.
2026.05.08 10:36:11 INFO  no build target found for /Users/zachwinslett/Code/strava-cli/src/main/java/com/zwinslett/strava/api/StravaAPIClient.java. Using fallback presentation compiler.
2026.05.08 10:36:11 INFO  no build target found for /Users/zachwinslett/Code/strava-cli/src/main/java/com/zwinslett/strava/api/StravaAPIClient.java. Using fallback presentation compiler.
2026.05.08 10:36:13 INFO  no build target found for /Users/zachwinslett/Code/strava-cli/src/main/java/com/zwinslett/strava/api/StravaAPIClient.java. Using fallback presentation compiler.
2026.05.08 10:36:13 INFO  no build target found for /Users/zachwinslett/Code/strava-cli/src/main/java/com/zwinslett/strava/api/StravaAPIClient.java. Using fallback presentation compiler.
2026.05.08 10:36:14 INFO  no build target found for /Users/zachwinslett/Code/strava-cli/src/main/java/com/zwinslett/strava/api/StravaAPIClient.java. Using fallback presentation compiler.
2026.05.08 10:36:14 INFO  no build target found for /Users/zachwinslett/Code/strava-cli/src/main/java/com/zwinslett/strava/api/StravaAPIClient.java. Using fallback presentation compiler.
2026.05.08 10:36:20 INFO  no build target found for /Users/zachwinslett/Code/strava-cli/src/main/java/com/zwinslett/strava/api/StravaAPIClient.java. Using fallback presentation compiler.
2026.05.08 10:36:20 INFO  no build target found for /Users/zachwinslett/Code/strava-cli/src/main/java/com/zwinslett/strava/api/StravaAPIClient.java. Using fallback presentation compiler.
2026.05.08 10:36:20 INFO  no build target found for /Users/zachwinslett/Code/strava-cli/src/main/java/com/zwinslett/strava/api/StravaAPIClient.java. Using fallback presentation compiler.
2026.05.08 10:36:33 INFO  no build target found for /Users/zachwinslett/Code/strava-cli/src/main/java/com/zwinslett/strava/api/StravaAPIClient.java. Using fallback presentation compiler.
2026.05.08 10:36:51 INFO  no build target found for /Users/zachwinslett/Code/strava-cli/src/main/java/com/zwinslett/strava/api/StravaAPIClient.java. Using fallback presentation compiler.
2026.05.08 10:36:51 INFO  no build target found for /Users/zachwinslett/Code/strava-cli/src/main/java/com/zwinslett/strava/api/StravaAPIClient.java. Using fallback presentation compiler.
2026.05.08 10:36:51 INFO  no build target found for /Users/zachwinslett/Code/strava-cli/src/main/java/com/zwinslett/strava/api/StravaAPIClient.java. Using fallback presentation compiler.
2026.05.08 10:36:51 INFO  no build target found for /Users/zachwinslett/Code/strava-cli/src/main/java/com/zwinslett/strava/api/StravaAPIClient.java. Using fallback presentation compiler.
2026.05.08 10:36:51 INFO  no build target found for /Users/zachwinslett/Code/strava-cli/src/main/java/com/zwinslett/strava/api/StravaAPIClient.java. Using fallback presentation compiler.
2026.05.08 10:36:52 INFO  no build target found for /Users/zachwinslett/Code/strava-cli/src/main/java/com/zwinslett/strava/api/StravaAPIClient.java. Using fallback presentation compiler.
2026.05.08 10:36:52 INFO  no build target found for /Users/zachwinslett/Code/strava-cli/src/main/java/com/zwinslett/strava/api/StravaAPIClient.java. Using fallback presentation compiler.
2026.05.08 10:36:52 INFO  no build target found for /Users/zachwinslett/Code/strava-cli/src/main/java/com/zwinslett/strava/api/StravaAPIClient.java. Using fallback presentation compiler.
2026.05.08 10:36:56 INFO  no build target found for /Users/zachwinslett/Code/strava-cli/src/main/java/com/zwinslett/strava/api/StravaAPIClient.java. Using fallback presentation compiler.
2026.05.08 10:36:56 INFO  no build target found for /Users/zachwinslett/Code/strava-cli/src/main/java/com/zwinslett/strava/api/StravaAPIClient.java. Using fallback presentation compiler.
2026.05.08 10:36:56 INFO  no build target found for /Users/zachwinslett/Code/strava-cli/src/main/java/com/zwinslett/strava/api/StravaAPIClient.java. Using fallback presentation compiler.
2026.05.08 10:36:56 INFO  no build target found for /Users/zachwinslett/Code/strava-cli/src/main/java/com/zwinslett/strava/api/StravaAPIClient.java. Using fallback presentation compiler.
2026.05.08 10:36:56 INFO  no build target found for /Users/zachwinslett/Code/strava-cli/src/main/java/com/zwinslett/strava/api/StravaAPIClient.java. Using fallback presentation compiler.
2026.05.08 10:36:56 INFO  no build target found for /Users/zachwinslett/Code/strava-cli/src/main/java/com/zwinslett/strava/api/StravaAPIClient.java. Using fallback presentation compiler.
2026.05.08 10:36:56 INFO  no build target found for /Users/zachwinslett/Code/strava-cli/src/main/java/com/zwinslett/strava/api/StravaAPIClient.java. Using fallback presentation compiler.
2026.05.08 10:36:56 INFO  no build target found for /Users/zachwinslett/Code/strava-cli/src/main/java/com/zwinslett/strava/api/StravaAPIClient.java. Using fallback presentation compiler.
2026.05.08 10:36:56 INFO  no build target found for /Users/zachwinslett/Code/strava-cli/src/main/java/com/zwinslett/strava/api/StravaAPIClient.java. Using fallback presentation compiler.
2026.05.08 10:36:56 INFO  no build target found for /Users/zachwinslett/Code/strava-cli/src/main/java/com/zwinslett/strava/api/StravaAPIClient.java. Using fallback presentation compiler.
2026.05.08 10:36:56 INFO  no build target found for /Users/zachwinslett/Code/strava-cli/src/main/java/com/zwinslett/strava/api/StravaAPIClient.java. Using fallback presentation compiler.
2026.05.08 10:36:57 INFO  no build target found for /Users/zachwinslett/Code/strava-cli/src/main/java/com/zwinslett/strava/api/StravaAPIClient.java. Using fallback presentation compiler.
2026.05.08 10:36:57 INFO  no build target found for /Users/zachwinslett/Code/strava-cli/src/main/java/com/zwinslett/strava/api/StravaAPIClient.java. Using fallback presentation compiler.
2026.05.08 10:36:57 INFO  no build target found for /Users/zachwinslett/Code/strava-cli/src/main/java/com/zwinslett/strava/api/StravaAPIClient.java. Using fallback presentation compiler.
2026.05.08 10:36:57 INFO  no build target found for /Users/zachwinslett/Code/strava-cli/src/main/java/com/zwinslett/strava/api/StravaAPIClient.java. Using fallback presentation compiler.
2026.05.08 10:36:57 INFO  no build target found for /Users/zachwinslett/Code/strava-cli/src/main/java/com/zwinslett/strava/api/StravaAPIClient.java. Using fallback presentation compiler.
2026.05.08 10:36:57 INFO  no build target found for /Users/zachwinslett/Code/strava-cli/src/main/java/com/zwinslett/strava/api/StravaAPIClient.java. Using fallback presentation compiler.
2026.05.08 10:36:57 INFO  no build target found for /Users/zachwinslett/Code/strava-cli/src/main/java/com/zwinslett/strava/api/StravaAPIClient.java. Using fallback presentation compiler.
2026.05.08 10:36:57 INFO  no build target found for /Users/zachwinslett/Code/strava-cli/src/main/java/com/zwinslett/strava/api/StravaAPIClient.java. Using fallback presentation compiler.
2026.05.08 10:36:57 INFO  no build target found for /Users/zachwinslett/Code/strava-cli/src/main/java/com/zwinslett/strava/api/StravaAPIClient.java. Using fallback presentation compiler.
2026.05.08 10:36:57 INFO  no build target found for /Users/zachwinslett/Code/strava-cli/src/main/java/com/zwinslett/strava/api/StravaAPIClient.java. Using fallback presentation compiler.
2026.05.08 10:36:58 INFO  no build target found for /Users/zachwinslett/Code/strava-cli/src/main/java/com/zwinslett/strava/api/StravaAPIClient.java. Using fallback presentation compiler.
2026.05.08 10:36:57 INFO  no build target found for /Users/zachwinslett/Code/strava-cli/src/main/java/com/zwinslett/strava/api/StravaAPIClient.java. Using fallback presentation compiler.
2026.05.08 10:36:57 INFO  no build target found for /Users/zachwinslett/Code/strava-cli/src/main/java/com/zwinslett/strava/api/StravaAPIClient.java. Using fallback presentation compiler.
2026.05.08 10:36:57 INFO  no build target found for /Users/zachwinslett/Code/strava-cli/src/main/java/com/zwinslett/strava/api/StravaAPIClient.java. Using fallback presentation compiler.
2026.05.08 10:36:57 INFO  no build target found for /Users/zachwinslett/Code/strava-cli/src/main/java/com/zwinslett/strava/api/StravaAPIClient.java. Using fallback presentation compiler.
2026.05.08 10:36:58 INFO  no build target found for /Users/zachwinslett/Code/strava-cli/src/main/java/com/zwinslett/strava/api/StravaAPIClient.java. Using fallback presentation compiler.
2026.05.08 10:36:58 INFO  no build target found for /Users/zachwinslett/Code/strava-cli/src/main/java/com/zwinslett/strava/api/StravaAPIClient.java. Using fallback presentation compiler.
2026.05.08 10:36:58 INFO  no build target found for /Users/zachwinslett/Code/strava-cli/src/main/java/com/zwinslett/strava/api/StravaAPIClient.java. Using fallback presentation compiler.
2026.05.08 10:36:58 INFO  no build target found for /Users/zachwinslett/Code/strava-cli/src/main/java/com/zwinslett/strava/api/StravaAPIClient.java. Using fallback presentation compiler.
2026.05.08 10:36:58 INFO  no build target found for /Users/zachwinslett/Code/strava-cli/src/main/java/com/zwinslett/strava/api/StravaAPIClient.java. Using fallback presentation compiler.
2026.05.08 10:36:59 INFO  no build target found for /Users/zachwinslett/Code/strava-cli/src/main/java/com/zwinslett/strava/api/StravaAPIClient.java. Using fallback presentation compiler.
2026.05.08 10:36:58 INFO  no build target found for /Users/zachwinslett/Code/strava-cli/src/main/java/com/zwinslett/strava/api/StravaAPIClient.java. Using fallback presentation compiler.
2026.05.08 10:36:58 INFO  no build target found for /Users/zachwinslett/Code/strava-cli/src/main/java/com/zwinslett/strava/api/StravaAPIClient.java. Using fallback presentation compiler.
2026.05.08 10:36:58 INFO  no build target found for /Users/zachwinslett/Code/strava-cli/src/main/java/com/zwinslett/strava/api/StravaAPIClient.java. Using fallback presentation compiler.
2026.05.08 10:36:59 INFO  no build target found for /Users/zachwinslett/Code/strava-cli/src/main/java/com/zwinslett/strava/api/StravaAPIClient.java. Using fallback presentation compiler.
2026.05.08 10:36:58 INFO  no build target found for /Users/zachwinslett/Code/strava-cli/src/main/java/com/zwinslett/strava/api/StravaAPIClient.java. Using fallback presentation compiler.
2026.05.08 10:36:59 INFO  no build target found for /Users/zachwinslett/Code/strava-cli/src/main/java/com/zwinslett/strava/api/StravaAPIClient.java. Using fallback presentation compiler.
2026.05.08 10:36:59 INFO  no build target found for /Users/zachwinslett/Code/strava-cli/src/main/java/com/zwinslett/strava/api/StravaAPIClient.java. Using fallback presentation compiler.
2026.05.08 10:36:59 INFO  no build target found for /Users/zachwinslett/Code/strava-cli/src/main/java/com/zwinslett/strava/api/StravaAPIClient.java. Using fallback presentation compiler.
2026.05.08 10:37:00 INFO  no build target found for /Users/zachwinslett/Code/strava-cli/src/main/java/com/zwinslett/strava/api/StravaAPIClient.java. Using fallback presentation compiler.
2026.05.08 10:36:59 INFO  no build target found for /Users/zachwinslett/Code/strava-cli/src/main/java/com/zwinslett/strava/api/StravaAPIClient.java. Using fallback presentation compiler.
2026.05.08 10:36:59 INFO  no build target found for /Users/zachwinslett/Code/strava-cli/src/main/java/com/zwinslett/strava/api/StravaAPIClient.java. Using fallback presentation compiler.
2026.05.08 10:36:59 INFO  no build target found for /Users/zachwinslett/Code/strava-cli/src/main/java/com/zwinslett/strava/api/StravaAPIClient.java. Using fallback presentation compiler.
2026.05.08 10:37:00 INFO  no build target found for /Users/zachwinslett/Code/strava-cli/src/main/java/com/zwinslett/strava/api/StravaAPIClient.java. Using fallback presentation compiler.
2026.05.08 10:37:00 INFO  no build target found for /Users/zachwinslett/Code/strava-cli/src/main/java/com/zwinslett/strava/api/StravaAPIClient.java. Using fallback presentation compiler.
2026.05.08 10:37:00 INFO  no build target found for /Users/zachwinslett/Code/strava-cli/src/main/java/com/zwinslett/strava/api/StravaAPIClient.java. Using fallback presentation compiler.
2026.05.08 10:37:00 INFO  no build target found for /Users/zachwinslett/Code/strava-cli/src/main/java/com/zwinslett/strava/api/StravaAPIClient.java. Using fallback presentation compiler.
2026.05.08 10:37:01 INFO  no build target found for /Users/zachwinslett/Code/strava-cli/src/main/java/com/zwinslett/strava/api/StravaAPIClient.java. Using fallback presentation compiler.
2026.05.08 10:37:00 INFO  no build target found for /Users/zachwinslett/Code/strava-cli/src/main/java/com/zwinslett/strava/api/StravaAPIClient.java. Using fallback presentation compiler.
2026.05.08 10:37:02 INFO  no build target found for /Users/zachwinslett/Code/strava-cli/src/main/java/com/zwinslett/strava/api/StravaAPIClient.java. Using fallback presentation compiler.
2026.05.08 10:37:02 INFO  no build target found for /Users/zachwinslett/Code/strava-cli/src/main/java/com/zwinslett/strava/api/StravaAPIClient.java. Using fallback presentation compiler.
2026.05.08 10:37:02 INFO  no build target found for /Users/zachwinslett/Code/strava-cli/src/main/java/com/zwinslett/strava/api/StravaAPIClient.java. Using fallback presentation compiler.
2026.05.08 10:37:02 INFO  no build target found for /Users/zachwinslett/Code/strava-cli/src/main/java/com/zwinslett/strava/api/StravaAPIClient.java. Using fallback presentation compiler.
2026.05.08 10:37:02 INFO  no build target found for /Users/zachwinslett/Code/strava-cli/src/main/java/com/zwinslett/strava/api/StravaAPIClient.java. Using fallback presentation compiler.
2026.05.08 10:37:02 INFO  no build target found for /Users/zachwinslett/Code/strava-cli/src/main/java/com/zwinslett/strava/api/StravaAPIClient.java. Using fallback presentation compiler.
2026.05.08 10:37:02 INFO  no build target found for /Users/zachwinslett/Code/strava-cli/src/main/java/com/zwinslett/strava/api/StravaAPIClient.java. Using fallback presentation compiler.
2026.05.08 10:37:02 INFO  no build target found for /Users/zachwinslett/Code/strava-cli/src/main/java/com/zwinslett/strava/api/StravaAPIClient.java. Using fallback presentation compiler.
2026.05.08 10:37:03 INFO  no build target found for /Users/zachwinslett/Code/strava-cli/src/main/java/com/zwinslett/strava/api/StravaAPIClient.java. Using fallback presentation compiler.
2026.05.08 10:37:03 INFO  no build target found for /Users/zachwinslett/Code/strava-cli/src/main/java/com/zwinslett/strava/api/StravaAPIClient.java. Using fallback presentation compiler.
2026.05.08 10:37:03 INFO  no build target found for /Users/zachwinslett/Code/strava-cli/src/main/java/com/zwinslett/strava/api/StravaAPIClient.java. Using fallback presentation compiler.
2026.05.08 10:37:03 INFO  no build target found for /Users/zachwinslett/Code/strava-cli/src/main/java/com/zwinslett/strava/api/StravaAPIClient.java. Using fallback presentation compiler.
2026.05.08 10:37:03 INFO  no build target found for /Users/zachwinslett/Code/strava-cli/src/main/java/com/zwinslett/strava/api/StravaAPIClient.java. Using fallback presentation compiler.
2026.05.08 10:37:03 INFO  no build target found for /Users/zachwinslett/Code/strava-cli/src/main/java/com/zwinslett/strava/api/StravaAPIClient.java. Using fallback presentation compiler.
2026.05.08 10:37:04 INFO  no build target found for /Users/zachwinslett/Code/strava-cli/src/main/java/com/zwinslett/strava/api/StravaAPIClient.java. Using fallback presentation compiler.
2026.05.08 10:37:03 INFO  no build target found for /Users/zachwinslett/Code/strava-cli/src/main/java/com/zwinslett/strava/api/StravaAPIClient.java. Using fallback presentation compiler.
2026.05.08 10:37:03 INFO  no build target found for /Users/zachwinslett/Code/strava-cli/src/main/java/com/zwinslett/strava/api/StravaAPIClient.java. Using fallback presentation compiler.
2026.05.08 10:37:03 INFO  no build target found for /Users/zachwinslett/Code/strava-cli/src/main/java/com/zwinslett/strava/api/StravaAPIClient.java. Using fallback presentation compiler.
2026.05.08 10:37:04 INFO  no build target found for /Users/zachwinslett/Code/strava-cli/src/main/java/com/zwinslett/strava/api/StravaAPIClient.java. Using fallback presentation compiler.
2026.05.08 10:37:04 INFO  no build target found for /Users/zachwinslett/Code/strava-cli/src/main/java/com/zwinslett/strava/api/StravaAPIClient.java. Using fallback presentation compiler.
2026.05.08 10:37:04 INFO  no build target found for /Users/zachwinslett/Code/strava-cli/src/main/java/com/zwinslett/strava/api/StravaAPIClient.java. Using fallback presentation compiler.
2026.05.08 10:37:05 INFO  no build target found for /Users/zachwinslett/Code/strava-cli/src/main/java/com/zwinslett/strava/api/StravaAPIClient.java. Using fallback presentation compiler.
2026.05.08 10:37:04 INFO  no build target found for /Users/zachwinslett/Code/strava-cli/src/main/java/com/zwinslett/strava/api/StravaAPIClient.java. Using fallback presentation compiler.
2026.05.08 10:37:04 INFO  no build target found for /Users/zachwinslett/Code/strava-cli/src/main/java/com/zwinslett/strava/api/StravaAPIClient.java. Using fallback presentation compiler.
2026.05.08 10:37:04 INFO  no build target found for /Users/zachwinslett/Code/strava-cli/src/main/java/com/zwinslett/strava/api/StravaAPIClient.java. Using fallback presentation compiler.
2026.05.08 10:37:04 INFO  no build target found for /Users/zachwinslett/Code/strava-cli/src/main/java/com/zwinslett/strava/api/StravaAPIClient.java. Using fallback presentation compiler.
2026.05.08 10:37:05 INFO  no build target found for /Users/zachwinslett/Code/strava-cli/src/main/java/com/zwinslett/strava/api/StravaAPIClient.java. Using fallback presentation compiler.
2026.05.08 10:37:04 INFO  no build target found for /Users/zachwinslett/Code/strava-cli/src/main/java/com/zwinslett/strava/api/StravaAPIClient.java. Using fallback presentation compiler.
2026.05.08 10:37:06 INFO  no build target found for /Users/zachwinslett/Code/strava-cli/src/main/java/com/zwinslett/strava/api/StravaAPIClient.java. Using fallback presentation compiler.
2026.05.08 10:37:06 INFO  no build target found for /Users/zachwinslett/Code/strava-cli/src/main/java/com/zwinslett/strava/api/StravaAPIClient.java. Using fallback presentation compiler.
2026.05.08 10:37:07 INFO  no build target found for /Users/zachwinslett/Code/strava-cli/src/main/java/com/zwinslett/strava/api/StravaAPIClient.java. Using fallback presentation compiler.
2026.05.08 10:37:07 INFO  no build target found for /Users/zachwinslett/Code/strava-cli/src/main/java/com/zwinslett/strava/api/StravaAPIClient.java. Using fallback presentation compiler.
2026.05.08 10:37:07 INFO  no build target found for /Users/zachwinslett/Code/strava-cli/src/main/java/com/zwinslett/strava/api/StravaAPIClient.java. Using fallback presentation compiler.
2026.05.08 10:37:07 INFO  no build target found for /Users/zachwinslett/Code/strava-cli/src/main/java/com/zwinslett/strava/api/StravaAPIClient.java. Using fallback presentation compiler.
2026.05.08 10:37:07 INFO  no build target found for /Users/zachwinslett/Code/strava-cli/src/main/java/com/zwinslett/strava/api/StravaAPIClient.java. Using fallback presentation compiler.
2026.05.08 10:37:07 INFO  no build target found for /Users/zachwinslett/Code/strava-cli/src/main/java/com/zwinslett/strava/api/StravaAPIClient.java. Using fallback presentation compiler.
2026.05.08 10:37:08 INFO  no build target found for /Users/zachwinslett/Code/strava-cli/src/main/java/com/zwinslett/strava/api/StravaAPIClient.java. Using fallback presentation compiler.
2026.05.08 10:37:08 INFO  no build target found for /Users/zachwinslett/Code/strava-cli/src/main/java/com/zwinslett/strava/api/StravaAPIClient.java. Using fallback presentation compiler.
2026.05.08 10:37:08 INFO  no build target found for /Users/zachwinslett/Code/strava-cli/src/main/java/com/zwinslett/strava/api/StravaAPIClient.java. Using fallback presentation compiler.
2026.05.08 10:37:10 INFO  no build target found for /Users/zachwinslett/Code/strava-cli/src/main/java/com/zwinslett/strava/api/StravaAPIClient.java. Using fallback presentation compiler.
2026.05.08 10:37:10 INFO  no build target found for /Users/zachwinslett/Code/strava-cli/src/main/java/com/zwinslett/strava/api/StravaAPIClient.java. Using fallback presentation compiler.
2026.05.08 10:37:11 INFO  no build target found for /Users/zachwinslett/Code/strava-cli/src/main/java/com/zwinslett/strava/api/StravaAPIClient.java. Using fallback presentation compiler.
2026.05.08 10:37:10 INFO  no build target found for /Users/zachwinslett/Code/strava-cli/src/main/java/com/zwinslett/strava/api/StravaAPIClient.java. Using fallback presentation compiler.
2026.05.08 10:37:10 INFO  no build target found for /Users/zachwinslett/Code/strava-cli/src/main/java/com/zwinslett/strava/api/StravaAPIClient.java. Using fallback presentation compiler.
2026.05.08 10:37:11 INFO  no build target found for /Users/zachwinslett/Code/strava-cli/src/main/java/com/zwinslett/strava/api/StravaAPIClient.java. Using fallback presentation compiler.
2026.05.08 10:37:11 INFO  no build target found for /Users/zachwinslett/Code/strava-cli/src/main/java/com/zwinslett/strava/api/StravaAPIClient.java. Using fallback presentation compiler.
2026.05.08 10:37:11 INFO  no build target found for /Users/zachwinslett/Code/strava-cli/src/main/java/com/zwinslett/strava/api/StravaAPIClient.java. Using fallback presentation compiler.
2026.05.08 10:37:11 INFO  no build target found for /Users/zachwinslett/Code/strava-cli/src/main/java/com/zwinslett/strava/api/StravaAPIClient.java. Using fallback presentation compiler.
2026.05.08 10:37:11 INFO  no build target found for /Users/zachwinslett/Code/strava-cli/src/main/java/com/zwinslett/strava/api/StravaAPIClient.java. Using fallback presentation compiler.
2026.05.08 10:37:11 INFO  no build target found for /Users/zachwinslett/Code/strava-cli/src/main/java/com/zwinslett/strava/api/StravaAPIClient.java. Using fallback presentation compiler.
2026.05.08 10:37:11 INFO  no build target found for /Users/zachwinslett/Code/strava-cli/src/main/java/com/zwinslett/strava/api/StravaAPIClient.java. Using fallback presentation compiler.
2026.05.08 10:37:12 INFO  no build target found for /Users/zachwinslett/Code/strava-cli/src/main/java/com/zwinslett/strava/api/StravaAPIClient.java. Using fallback presentation compiler.
2026.05.08 10:37:12 INFO  no build target found for /Users/zachwinslett/Code/strava-cli/src/main/java/com/zwinslett/strava/api/StravaAPIClient.java. Using fallback presentation compiler.
2026.05.08 10:37:12 INFO  no build target found for /Users/zachwinslett/Code/strava-cli/src/main/java/com/zwinslett/strava/api/StravaAPIClient.java. Using fallback presentation compiler.
2026.05.08 10:37:13 INFO  no build target found for /Users/zachwinslett/Code/strava-cli/src/main/java/com/zwinslett/strava/api/StravaAPIClient.java. Using fallback presentation compiler.
2026.05.08 10:37:12 INFO  no build target found for /Users/zachwinslett/Code/strava-cli/src/main/java/com/zwinslett/strava/api/StravaAPIClient.java. Using fallback presentation compiler.
2026.05.08 10:37:14 INFO  no build target found for /Users/zachwinslett/Code/strava-cli/src/main/java/com/zwinslett/strava/api/StravaAPIClient.java. Using fallback presentation compiler.
2026.05.08 10:37:18 INFO  no build target found for /Users/zachwinslett/Code/strava-cli/src/main/java/com/zwinslett/strava/api/StravaAPIClient.java. Using fallback presentation compiler.
2026.05.08 10:37:18 INFO  no build target found for /Users/zachwinslett/Code/strava-cli/src/main/java/com/zwinslett/strava/api/StravaAPIClient.java. Using fallback presentation compiler.
2026.05.08 10:37:18 INFO  no build target found for /Users/zachwinslett/Code/strava-cli/src/main/java/com/zwinslett/strava/api/StravaAPIClient.java. Using fallback presentation compiler.
2026.05.08 10:37:18 INFO  no build target found for /Users/zachwinslett/Code/strava-cli/src/main/java/com/zwinslett/strava/api/StravaAPIClient.java. Using fallback presentation compiler.
2026.05.08 10:37:18 INFO  no build target found for /Users/zachwinslett/Code/strava-cli/src/main/java/com/zwinslett/strava/api/StravaAPIClient.java. Using fallback presentation compiler.
2026.05.08 10:37:18 INFO  no build target found for /Users/zachwinslett/Code/strava-cli/src/main/java/com/zwinslett/strava/api/StravaAPIClient.java. Using fallback presentation compiler.
2026.05.08 10:37:18 INFO  no build target found for /Users/zachwinslett/Code/strava-cli/src/main/java/com/zwinslett/strava/api/StravaAPIClient.java. Using fallback presentation compiler.
2026.05.08 10:37:19 INFO  no build target found for /Users/zachwinslett/Code/strava-cli/src/main/java/com/zwinslett/strava/api/StravaAPIClient.java. Using fallback presentation compiler.
2026.05.08 10:37:19 INFO  no build target found for /Users/zachwinslett/Code/strava-cli/src/main/java/com/zwinslett/strava/api/StravaAPIClient.java. Using fallback presentation compiler.
2026.05.08 10:37:19 INFO  no build target found for /Users/zachwinslett/Code/strava-cli/src/main/java/com/zwinslett/strava/api/StravaAPIClient.java. Using fallback presentation compiler.
2026.05.08 10:37:19 INFO  no build target found for /Users/zachwinslett/Code/strava-cli/src/main/java/com/zwinslett/strava/api/StravaAPIClient.java. Using fallback presentation compiler.
2026.05.08 10:37:20 INFO  no build target found for /Users/zachwinslett/Code/strava-cli/src/main/java/com/zwinslett/strava/api/StravaAPIClient.java. Using fallback presentation compiler.
2026.05.08 10:37:21 INFO  no build target found for /Users/zachwinslett/Code/strava-cli/src/main/java/com/zwinslett/strava/api/StravaAPIClient.java. Using fallback presentation compiler.
2026.05.08 10:37:21 INFO  no build target found for /Users/zachwinslett/Code/strava-cli/src/main/java/com/zwinslett/strava/api/StravaAPIClient.java. Using fallback presentation compiler.
2026.05.08 10:37:21 INFO  no build target found for /Users/zachwinslett/Code/strava-cli/src/main/java/com/zwinslett/strava/api/StravaAPIClient.java. Using fallback presentation compiler.
2026.05.08 10:37:22 INFO  no build target found for /Users/zachwinslett/Code/strava-cli/src/main/java/com/zwinslett/strava/api/StravaAPIClient.java. Using fallback presentation compiler.
2026.05.08 10:37:22 INFO  no build target found for /Users/zachwinslett/Code/strava-cli/src/main/java/com/zwinslett/strava/api/StravaAPIClient.java. Using fallback presentation compiler.
2026.05.08 10:37:23 INFO  no build target found for /Users/zachwinslett/Code/strava-cli/src/main/java/com/zwinslett/strava/api/StravaAPIClient.java. Using fallback presentation compiler.
2026.05.08 10:37:22 INFO  no build target found for /Users/zachwinslett/Code/strava-cli/src/main/java/com/zwinslett/strava/api/StravaAPIClient.java. Using fallback presentation compiler.
2026.05.08 10:37:22 INFO  no build target found for /Users/zachwinslett/Code/strava-cli/src/main/java/com/zwinslett/strava/api/StravaAPIClient.java. Using fallback presentation compiler.
2026.05.08 10:37:23 INFO  no build target found for /Users/zachwinslett/Code/strava-cli/src/main/java/com/zwinslett/strava/api/StravaAPIClient.java. Using fallback presentation compiler.
2026.05.08 10:37:22 INFO  no build target found for /Users/zachwinslett/Code/strava-cli/src/main/java/com/zwinslett/strava/api/StravaAPIClient.java. Using fallback presentation compiler.
2026.05.08 10:37:23 INFO  no build target found for /Users/zachwinslett/Code/strava-cli/src/main/java/com/zwinslett/strava/api/StravaAPIClient.java. Using fallback presentation compiler.
2026.05.08 10:37:23 INFO  no build target found for /Users/zachwinslett/Code/strava-cli/src/main/java/com/zwinslett/strava/api/StravaAPIClient.java. Using fallback presentation compiler.
2026.05.08 10:37:23 INFO  no build target found for /Users/zachwinslett/Code/strava-cli/src/main/java/com/zwinslett/strava/api/StravaAPIClient.java. Using fallback presentation compiler.
2026.05.08 10:37:23 INFO  no build target found for /Users/zachwinslett/Code/strava-cli/src/main/java/com/zwinslett/strava/api/StravaAPIClient.java. Using fallback presentation compiler.
2026.05.08 10:37:23 INFO  no build target found for /Users/zachwinslett/Code/strava-cli/src/main/java/com/zwinslett/strava/api/StravaAPIClient.java. Using fallback presentation compiler.
2026.05.08 10:37:23 INFO  no build target found for /Users/zachwinslett/Code/strava-cli/src/main/java/com/zwinslett/strava/api/StravaAPIClient.java. Using fallback presentation compiler.
2026.05.08 10:37:24 INFO  no build target found for /Users/zachwinslett/Code/strava-cli/src/main/java/com/zwinslett/strava/api/StravaAPIClient.java. Using fallback presentation compiler.
2026.05.08 10:37:23 INFO  no build target found for /Users/zachwinslett/Code/strava-cli/src/main/java/com/zwinslett/strava/api/StravaAPIClient.java. Using fallback presentation compiler.
2026.05.08 10:37:25 INFO  no build target found for /Users/zachwinslett/Code/strava-cli/src/main/java/com/zwinslett/strava/api/StravaAPIClient.java. Using fallback presentation compiler.
2026.05.08 10:37:25 INFO  no build target found for /Users/zachwinslett/Code/strava-cli/src/main/java/com/zwinslett/strava/api/StravaAPIClient.java. Using fallback presentation compiler.
2026.05.08 10:37:25 INFO  no build target found for /Users/zachwinslett/Code/strava-cli/src/main/java/com/zwinslett/strava/api/StravaAPIClient.java. Using fallback presentation compiler.
2026.05.08 10:37:25 INFO  no build target found for /Users/zachwinslett/Code/strava-cli/src/main/java/com/zwinslett/strava/api/StravaAPIClient.java. Using fallback presentation compiler.
2026.05.08 10:37:25 INFO  no build target found for /Users/zachwinslett/Code/strava-cli/src/main/java/com/zwinslett/strava/api/StravaAPIClient.java. Using fallback presentation compiler.
2026.05.08 10:37:25 INFO  no build target found for /Users/zachwinslett/Code/strava-cli/src/main/java/com/zwinslett/strava/api/StravaAPIClient.java. Using fallback presentation compiler.
2026.05.08 10:37:25 INFO  no build target found for /Users/zachwinslett/Code/strava-cli/src/main/java/com/zwinslett/strava/api/StravaAPIClient.java. Using fallback presentation compiler.
2026.05.08 10:37:26 INFO  no build target found for /Users/zachwinslett/Code/strava-cli/src/main/java/com/zwinslett/strava/api/StravaAPIClient.java. Using fallback presentation compiler.
2026.05.08 10:37:26 INFO  no build target found for /Users/zachwinslett/Code/strava-cli/src/main/java/com/zwinslett/strava/api/StravaAPIClient.java. Using fallback presentation compiler.
2026.05.08 10:37:26 INFO  no build target found for /Users/zachwinslett/Code/strava-cli/src/main/java/com/zwinslett/strava/api/StravaAPIClient.java. Using fallback presentation compiler.
2026.05.08 10:37:26 INFO  no build target found for /Users/zachwinslett/Code/strava-cli/src/main/java/com/zwinslett/strava/api/StravaAPIClient.java. Using fallback presentation compiler.
2026.05.08 10:37:26 INFO  no build target found for /Users/zachwinslett/Code/strava-cli/src/main/java/com/zwinslett/strava/api/StravaAPIClient.java. Using fallback presentation compiler.
2026.05.08 10:37:26 INFO  no build target found for /Users/zachwinslett/Code/strava-cli/src/main/java/com/zwinslett/strava/api/StravaAPIClient.java. Using fallback presentation compiler.
2026.05.08 10:37:26 INFO  no build target found for /Users/zachwinslett/Code/strava-cli/src/main/java/com/zwinslett/strava/api/StravaAPIClient.java. Using fallback presentation compiler.
2026.05.08 10:37:26 INFO  no build target found for /Users/zachwinslett/Code/strava-cli/src/main/java/com/zwinslett/strava/api/StravaAPIClient.java. Using fallback presentation compiler.
2026.05.08 10:37:27 INFO  no build target found for /Users/zachwinslett/Code/strava-cli/src/main/java/com/zwinslett/strava/api/StravaAPIClient.java. Using fallback presentation compiler.
2026.05.08 10:37:30 INFO  no build target found for /Users/zachwinslett/Code/strava-cli/src/main/java/com/zwinslett/strava/api/StravaAPIClient.java. Using fallback presentation compiler.
2026.05.08 10:37:30 INFO  no build target found for /Users/zachwinslett/Code/strava-cli/src/main/java/com/zwinslett/strava/api/StravaAPIClient.java. Using fallback presentation compiler.
2026.05.08 10:37:30 INFO  no build target found for /Users/zachwinslett/Code/strava-cli/src/main/java/com/zwinslett/strava/api/StravaAPIClient.java. Using fallback presentation compiler.
2026.05.08 10:37:30 INFO  no build target found for /Users/zachwinslett/Code/strava-cli/src/main/java/com/zwinslett/strava/api/StravaAPIClient.java. Using fallback presentation compiler.
2026.05.08 10:37:31 INFO  no build target found for /Users/zachwinslett/Code/strava-cli/src/main/java/com/zwinslett/strava/api/StravaAPIClient.java. Using fallback presentation compiler.
2026.05.08 10:37:31 INFO  no build target found for /Users/zachwinslett/Code/strava-cli/src/main/java/com/zwinslett/strava/api/StravaAPIClient.java. Using fallback presentation compiler.
2026.05.08 10:37:31 INFO  no build target found for /Users/zachwinslett/Code/strava-cli/src/main/java/com/zwinslett/strava/api/StravaAPIClient.java. Using fallback presentation compiler.
2026.05.08 10:37:32 INFO  no build target found for /Users/zachwinslett/Code/strava-cli/src/main/java/com/zwinslett/strava/api/StravaAPIClient.java. Using fallback presentation compiler.
2026.05.08 10:37:32 INFO  no build target found for /Users/zachwinslett/Code/strava-cli/src/main/java/com/zwinslett/strava/api/StravaAPIClient.java. Using fallback presentation compiler.
2026.05.08 10:37:32 INFO  no build target found for /Users/zachwinslett/Code/strava-cli/src/main/java/com/zwinslett/strava/api/StravaAPIClient.java. Using fallback presentation compiler.
2026.05.08 10:37:32 INFO  no build target found for /Users/zachwinslett/Code/strava-cli/src/main/java/com/zwinslett/strava/api/StravaAPIClient.java. Using fallback presentation compiler.
2026.05.08 10:37:32 INFO  no build target found for /Users/zachwinslett/Code/strava-cli/src/main/java/com/zwinslett/strava/api/StravaAPIClient.java. Using fallback presentation compiler.
2026.05.08 10:37:32 INFO  no build target found for /Users/zachwinslett/Code/strava-cli/src/main/java/com/zwinslett/strava/api/StravaAPIClient.java. Using fallback presentation compiler.
2026.05.08 10:37:32 INFO  no build target found for /Users/zachwinslett/Code/strava-cli/src/main/java/com/zwinslett/strava/api/StravaAPIClient.java. Using fallback presentation compiler.
2026.05.08 10:37:32 INFO  no build target found for /Users/zachwinslett/Code/strava-cli/src/main/java/com/zwinslett/strava/api/StravaAPIClient.java. Using fallback presentation compiler.
2026.05.08 10:37:32 INFO  no build target found for /Users/zachwinslett/Code/strava-cli/src/main/java/com/zwinslett/strava/api/StravaAPIClient.java. Using fallback presentation compiler.
2026.05.08 10:37:32 INFO  no build target found for /Users/zachwinslett/Code/strava-cli/src/main/java/com/zwinslett/strava/api/StravaAPIClient.java. Using fallback presentation compiler.
2026.05.08 10:37:33 INFO  no build target found for /Users/zachwinslett/Code/strava-cli/src/main/java/com/zwinslett/strava/api/StravaAPIClient.java. Using fallback presentation compiler.
2026.05.08 10:37:33 INFO  no build target found for /Users/zachwinslett/Code/strava-cli/src/main/java/com/zwinslett/strava/api/StravaAPIClient.java. Using fallback presentation compiler.
2026.05.08 10:37:33 INFO  no build target found for /Users/zachwinslett/Code/strava-cli/src/main/java/com/zwinslett/strava/api/StravaAPIClient.java. Using fallback presentation compiler.
2026.05.08 10:37:35 INFO  no build target found for /Users/zachwinslett/Code/strava-cli/src/main/java/com/zwinslett/strava/api/StravaAPIClient.java. Using fallback presentation compiler.
2026.05.08 10:37:35 INFO  no build target found for /Users/zachwinslett/Code/strava-cli/src/main/java/com/zwinslett/strava/api/StravaAPIClient.java. Using fallback presentation compiler.
2026.05.08 10:37:35 INFO  no build target found for /Users/zachwinslett/Code/strava-cli/src/main/java/com/zwinslett/strava/api/StravaAPIClient.java. Using fallback presentation compiler.
2026.05.08 10:37:35 INFO  no build target found for /Users/zachwinslett/Code/strava-cli/src/main/java/com/zwinslett/strava/api/StravaAPIClient.java. Using fallback presentation compiler.
2026.05.08 10:37:40 INFO  no build target found for /Users/zachwinslett/Code/strava-cli/src/main/java/com/zwinslett/strava/api/StravaAPIClient.java. Using fallback presentation compiler.
2026.05.08 10:37:40 INFO  no build target found for /Users/zachwinslett/Code/strava-cli/src/main/java/com/zwinslett/strava/api/StravaAPIClient.java. Using fallback presentation compiler.
2026.05.08 10:37:40 INFO  no build target found for /Users/zachwinslett/Code/strava-cli/src/main/java/com/zwinslett/strava/api/StravaAPIClient.java. Using fallback presentation compiler.
2026.05.08 10:37:40 INFO  no build target found for /Users/zachwinslett/Code/strava-cli/src/main/java/com/zwinslett/strava/api/StravaAPIClient.java. Using fallback presentation compiler.
2026.05.08 10:37:40 INFO  no build target found for /Users/zachwinslett/Code/strava-cli/src/main/java/com/zwinslett/strava/api/StravaAPIClient.java. Using fallback presentation compiler.
2026.05.08 10:37:40 INFO  no build target found for /Users/zachwinslett/Code/strava-cli/src/main/java/com/zwinslett/strava/api/StravaAPIClient.java. Using fallback presentation compiler.
2026.05.08 10:37:41 INFO  no build target found for /Users/zachwinslett/Code/strava-cli/src/main/java/com/zwinslett/strava/api/StravaAPIClient.java. Using fallback presentation compiler.
2026.05.08 10:37:41 INFO  no build target found for /Users/zachwinslett/Code/strava-cli/src/main/java/com/zwinslett/strava/api/StravaAPIClient.java. Using fallback presentation compiler.
2026.05.08 10:37:41 INFO  no build target found for /Users/zachwinslett/Code/strava-cli/src/main/java/com/zwinslett/strava/api/StravaAPIClient.java. Using fallback presentation compiler.
2026.05.08 10:37:41 INFO  no build target found for /Users/zachwinslett/Code/strava-cli/src/main/java/com/zwinslett/strava/api/StravaAPIClient.java. Using fallback presentation compiler.
2026.05.08 10:37:41 INFO  no build target found for /Users/zachwinslett/Code/strava-cli/src/main/java/com/zwinslett/strava/api/StravaAPIClient.java. Using fallback presentation compiler.
2026.05.08 10:37:42 INFO  no build target found for /Users/zachwinslett/Code/strava-cli/src/main/java/com/zwinslett/strava/api/StravaAPIClient.java. Using fallback presentation compiler.
2026.05.08 10:37:41 INFO  no build target found for /Users/zachwinslett/Code/strava-cli/src/main/java/com/zwinslett/strava/api/StravaAPIClient.java. Using fallback presentation compiler.
2026.05.08 10:37:42 INFO  no build target found for /Users/zachwinslett/Code/strava-cli/src/main/java/com/zwinslett/strava/api/StravaAPIClient.java. Using fallback presentation compiler.
2026.05.08 10:37:44 INFO  no build target found for /Users/zachwinslett/Code/strava-cli/src/main/java/com/zwinslett/strava/api/StravaAPIClient.java. Using fallback presentation compiler.
2026.05.08 10:37:44 INFO  no build target found for /Users/zachwinslett/Code/strava-cli/src/main/java/com/zwinslett/strava/api/StravaAPIClient.java. Using fallback presentation compiler.
2026.05.08 10:37:44 INFO  no build target found for /Users/zachwinslett/Code/strava-cli/src/main/java/com/zwinslett/strava/api/StravaAPIClient.java. Using fallback presentation compiler.
2026.05.08 10:37:44 INFO  no build target found for /Users/zachwinslett/Code/strava-cli/src/main/java/com/zwinslett/strava/api/StravaAPIClient.java. Using fallback presentation compiler.
2026.05.08 10:37:45 INFO  no build target found for /Users/zachwinslett/Code/strava-cli/src/main/java/com/zwinslett/strava/api/StravaAPIClient.java. Using fallback presentation compiler.
2026.05.08 10:37:45 INFO  no build target found for /Users/zachwinslett/Code/strava-cli/src/main/java/com/zwinslett/strava/api/StravaAPIClient.java. Using fallback presentation compiler.
2026.05.08 10:37:45 INFO  no build target found for /Users/zachwinslett/Code/strava-cli/src/main/java/com/zwinslett/strava/api/StravaAPIClient.java. Using fallback presentation compiler.
2026.05.08 10:37:45 INFO  no build target found for /Users/zachwinslett/Code/strava-cli/src/main/java/com/zwinslett/strava/api/StravaAPIClient.java. Using fallback presentation compiler.
2026.05.08 10:37:45 INFO  no build target found for /Users/zachwinslett/Code/strava-cli/src/main/java/com/zwinslett/strava/api/StravaAPIClient.java. Using fallback presentation compiler.
2026.05.08 10:37:45 INFO  no build target found for /Users/zachwinslett/Code/strava-cli/src/main/java/com/zwinslett/strava/api/StravaAPIClient.java. Using fallback presentation compiler.
2026.05.08 10:37:45 INFO  no build target found for /Users/zachwinslett/Code/strava-cli/src/main/java/com/zwinslett/strava/api/StravaAPIClient.java. Using fallback presentation compiler.
2026.05.08 10:37:45 INFO  no build target found for /Users/zachwinslett/Code/strava-cli/src/main/java/com/zwinslett/strava/api/StravaAPIClient.java. Using fallback presentation compiler.
2026.05.08 10:37:46 INFO  no build target found for /Users/zachwinslett/Code/strava-cli/src/main/java/com/zwinslett/strava/api/StravaAPIClient.java. Using fallback presentation compiler.
2026.05.08 10:37:46 INFO  no build target found for /Users/zachwinslett/Code/strava-cli/src/main/java/com/zwinslett/strava/api/StravaAPIClient.java. Using fallback presentation compiler.
2026.05.08 10:37:46 INFO  no build target found for /Users/zachwinslett/Code/strava-cli/src/main/java/com/zwinslett/strava/api/StravaAPIClient.java. Using fallback presentation compiler.
2026.05.08 10:37:46 INFO  no build target found for /Users/zachwinslett/Code/strava-cli/src/main/java/com/zwinslett/strava/api/StravaAPIClient.java. Using fallback presentation compiler.
2026.05.08 10:37:46 INFO  no build target found for /Users/zachwinslett/Code/strava-cli/src/main/java/com/zwinslett/strava/api/StravaAPIClient.java. Using fallback presentation compiler.
2026.05.08 10:37:46 INFO  no build target found for /Users/zachwinslett/Code/strava-cli/src/main/java/com/zwinslett/strava/api/StravaAPIClient.java. Using fallback presentation compiler.
2026.05.08 10:37:46 INFO  no build target found for /Users/zachwinslett/Code/strava-cli/src/main/java/com/zwinslett/strava/api/StravaAPIClient.java. Using fallback presentation compiler.
2026.05.08 10:37:47 INFO  no build target found for /Users/zachwinslett/Code/strava-cli/src/main/java/com/zwinslett/strava/api/StravaAPIClient.java. Using fallback presentation compiler.
2026.05.08 10:37:46 INFO  no build target found for /Users/zachwinslett/Code/strava-cli/src/main/java/com/zwinslett/strava/api/StravaAPIClient.java. Using fallback presentation compiler.
2026.05.08 10:37:46 INFO  no build target found for /Users/zachwinslett/Code/strava-cli/src/main/java/com/zwinslett/strava/api/StravaAPIClient.java. Using fallback presentation compiler.
2026.05.08 10:37:46 INFO  no build target found for /Users/zachwinslett/Code/strava-cli/src/main/java/com/zwinslett/strava/api/StravaAPIClient.java. Using fallback presentation compiler.
2026.05.08 10:37:47 INFO  no build target found for /Users/zachwinslett/Code/strava-cli/src/main/java/com/zwinslett/strava/api/StravaAPIClient.java. Using fallback presentation compiler.
2026.05.08 10:37:47 INFO  no build target found for /Users/zachwinslett/Code/strava-cli/src/main/java/com/zwinslett/strava/api/StravaAPIClient.java. Using fallback presentation compiler.
2026.05.08 10:37:47 INFO  no build target found for /Users/zachwinslett/Code/strava-cli/src/main/java/com/zwinslett/strava/api/StravaAPIClient.java. Using fallback presentation compiler.
2026.05.08 10:37:47 INFO  no build target found for /Users/zachwinslett/Code/strava-cli/src/main/java/com/zwinslett/strava/api/StravaAPIClient.java. Using fallback presentation compiler.
2026.05.08 10:37:47 INFO  no build target found for /Users/zachwinslett/Code/strava-cli/src/main/java/com/zwinslett/strava/api/StravaAPIClient.java. Using fallback presentation compiler.
2026.05.08 10:37:47 INFO  no build target found for /Users/zachwinslett/Code/strava-cli/src/main/java/com/zwinslett/strava/api/StravaAPIClient.java. Using fallback presentation compiler.
2026.05.08 10:37:47 INFO  no build target found for /Users/zachwinslett/Code/strava-cli/src/main/java/com/zwinslett/strava/api/StravaAPIClient.java. Using fallback presentation compiler.
2026.05.08 10:37:47 INFO  no build target found for /Users/zachwinslett/Code/strava-cli/src/main/java/com/zwinslett/strava/api/StravaAPIClient.java. Using fallback presentation compiler.
2026.05.08 10:37:47 INFO  no build target found for /Users/zachwinslett/Code/strava-cli/src/main/java/com/zwinslett/strava/api/StravaAPIClient.java. Using fallback presentation compiler.
2026.05.08 10:37:47 INFO  no build target found for /Users/zachwinslett/Code/strava-cli/src/main/java/com/zwinslett/strava/api/StravaAPIClient.java. Using fallback presentation compiler.
2026.05.08 10:37:47 INFO  no build target found for /Users/zachwinslett/Code/strava-cli/src/main/java/com/zwinslett/strava/api/StravaAPIClient.java. Using fallback presentation compiler.
2026.05.08 10:37:48 INFO  no build target found for /Users/zachwinslett/Code/strava-cli/src/main/java/com/zwinslett/strava/api/StravaAPIClient.java. Using fallback presentation compiler.
2026.05.08 10:37:48 INFO  no build target found for /Users/zachwinslett/Code/strava-cli/src/main/java/com/zwinslett/strava/api/StravaAPIClient.java. Using fallback presentation compiler.
2026.05.08 10:37:51 INFO  no build target found for /Users/zachwinslett/Code/strava-cli/src/main/java/com/zwinslett/strava/api/StravaAPIClient.java. Using fallback presentation compiler.
2026.05.08 10:37:51 INFO  no build target found for /Users/zachwinslett/Code/strava-cli/src/main/java/com/zwinslett/strava/api/StravaAPIClient.java. Using fallback presentation compiler.
2026.05.08 10:37:51 INFO  no build target found for /Users/zachwinslett/Code/strava-cli/src/main/java/com/zwinslett/strava/api/StravaAPIClient.java. Using fallback presentation compiler.
2026.05.08 10:37:52 INFO  no build target found for /Users/zachwinslett/Code/strava-cli/src/main/java/com/zwinslett/strava/api/StravaAPIClient.java. Using fallback presentation compiler.
2026.05.08 10:37:51 INFO  no build target found for /Users/zachwinslett/Code/strava-cli/src/main/java/com/zwinslett/strava/api/StravaAPIClient.java. Using fallback presentation compiler.
2026.05.08 10:37:53 INFO  no build target found for /Users/zachwinslett/Code/strava-cli/src/main/java/com/zwinslett/strava/api/StravaAPIClient.java. Using fallback presentation compiler.
2026.05.08 10:37:53 INFO  no build target found for /Users/zachwinslett/Code/strava-cli/src/main/java/com/zwinslett/strava/api/StravaAPIClient.java. Using fallback presentation compiler.
2026.05.08 10:37:53 INFO  no build target found for /Users/zachwinslett/Code/strava-cli/src/main/java/com/zwinslett/strava/api/StravaAPIClient.java. Using fallback presentation compiler.
2026.05.08 10:37:54 INFO  no build target found for /Users/zachwinslett/Code/strava-cli/src/main/java/com/zwinslett/strava/api/StravaAPIClient.java. Using fallback presentation compiler.
2026.05.08 10:37:54 INFO  no build target found for /Users/zachwinslett/Code/strava-cli/src/main/java/com/zwinslett/strava/api/StravaAPIClient.java. Using fallback presentation compiler.
2026.05.08 10:37:58 INFO  no build target found for /Users/zachwinslett/Code/strava-cli/src/main/java/com/zwinslett/strava/api/StravaAPIClient.java. Using fallback presentation compiler.
2026.05.08 10:37:58 INFO  no build target found for /Users/zachwinslett/Code/strava-cli/src/main/java/com/zwinslett/strava/api/StravaAPIClient.java. Using fallback presentation compiler.
2026.05.08 10:37:59 INFO  no build target found for /Users/zachwinslett/Code/strava-cli/src/main/java/com/zwinslett/strava/api/StravaAPIClient.java. Using fallback presentation compiler.
2026.05.08 10:38:29 INFO  no build target found for /Users/zachwinslett/Code/strava-cli/src/main/java/com/zwinslett/strava/api/StravaAPIClient.java. Using fallback presentation compiler.
2026.05.08 10:38:29 INFO  no build target found for /Users/zachwinslett/Code/strava-cli/src/main/java/com/zwinslett/strava/api/StravaAPIClient.java. Using fallback presentation compiler.
2026.05.08 10:39:32 INFO  no build target found for /Users/zachwinslett/Code/strava-cli/src/main/java/com/zwinslett/strava/api/StravaAPIClient.java. Using fallback presentation compiler.
2026.05.08 10:39:32 INFO  no build target found for /Users/zachwinslett/Code/strava-cli/src/main/java/com/zwinslett/strava/api/StravaAPIClient.java. Using fallback presentation compiler.
2026.05.08 10:39:32 INFO  no build target found for /Users/zachwinslett/Code/strava-cli/src/main/java/com/zwinslett/strava/api/StravaAPIClient.java. Using fallback presentation compiler.
2026.05.08 10:39:32 INFO  no build target found for /Users/zachwinslett/Code/strava-cli/src/main/java/com/zwinslett/strava/api/StravaAPIClient.java. Using fallback presentation compiler.
2026.05.08 10:39:33 INFO  no build target found for /Users/zachwinslett/Code/strava-cli/src/main/java/com/zwinslett/strava/api/StravaAPIClient.java. Using fallback presentation compiler.
2026.05.08 10:39:33 INFO  no build target found for /Users/zachwinslett/Code/strava-cli/src/main/java/com/zwinslett/strava/api/StravaAPIClient.java. Using fallback presentation compiler.
2026.05.08 10:39:33 INFO  no build target found for /Users/zachwinslett/Code/strava-cli/src/main/java/com/zwinslett/strava/api/StravaAPIClient.java. Using fallback presentation compiler.
2026.05.08 10:39:33 INFO  no build target found for /Users/zachwinslett/Code/strava-cli/src/main/java/com/zwinslett/strava/api/StravaAPIClient.java. Using fallback presentation compiler.
2026.05.08 10:39:34 INFO  no build target found for /Users/zachwinslett/Code/strava-cli/src/main/java/com/zwinslett/strava/api/StravaAPIClient.java. Using fallback presentation compiler.
2026.05.08 10:39:33 INFO  no build target found for /Users/zachwinslett/Code/strava-cli/src/main/java/com/zwinslett/strava/api/StravaAPIClient.java. Using fallback presentation compiler.
2026.05.08 10:39:33 INFO  no build target found for /Users/zachwinslett/Code/strava-cli/src/main/java/com/zwinslett/strava/api/StravaAPIClient.java. Using fallback presentation compiler.
2026.05.08 10:39:35 INFO  no build target found for /Users/zachwinslett/Code/strava-cli/src/main/java/com/zwinslett/strava/api/StravaAPIClient.java. Using fallback presentation compiler.
2026.05.08 10:39:35 INFO  no build target found for /Users/zachwinslett/Code/strava-cli/src/main/java/com/zwinslett/strava/api/StravaAPIClient.java. Using fallback presentation compiler.
2026.05.08 10:39:35 INFO  no build target found for /Users/zachwinslett/Code/strava-cli/src/main/java/com/zwinslett/strava/api/StravaAPIClient.java. Using fallback presentation compiler.
2026.05.08 10:39:35 INFO  no build target found for /Users/zachwinslett/Code/strava-cli/src/main/java/com/zwinslett/strava/api/StravaAPIClient.java. Using fallback presentation compiler.
2026.05.08 10:39:35 INFO  no build target found for /Users/zachwinslett/Code/strava-cli/src/main/java/com/zwinslett/strava/api/StravaAPIClient.java. Using fallback presentation compiler.
2026.05.08 10:39:35 INFO  no build target found for /Users/zachwinslett/Code/strava-cli/src/main/java/com/zwinslett/strava/api/StravaAPIClient.java. Using fallback presentation compiler.
2026.05.08 10:39:36 INFO  no build target found for /Users/zachwinslett/Code/strava-cli/src/main/java/com/zwinslett/strava/api/StravaAPIClient.java. Using fallback presentation compiler.
2026.05.08 10:39:37 INFO  no build target found for /Users/zachwinslett/Code/strava-cli/src/main/java/com/zwinslett/strava/api/StravaAPIClient.java. Using fallback presentation compiler.
2026.05.08 10:39:37 INFO  no build target found for /Users/zachwinslett/Code/strava-cli/src/main/java/com/zwinslett/strava/api/StravaAPIClient.java. Using fallback presentation compiler.
2026.05.08 10:39:37 INFO  no build target found for /Users/zachwinslett/Code/strava-cli/src/main/java/com/zwinslett/strava/api/StravaAPIClient.java. Using fallback presentation compiler.
2026.05.08 10:39:37 INFO  no build target found for /Users/zachwinslett/Code/strava-cli/src/main/java/com/zwinslett/strava/api/StravaAPIClient.java. Using fallback presentation compiler.
2026.05.08 10:39:37 INFO  no build target found for /Users/zachwinslett/Code/strava-cli/src/main/java/com/zwinslett/strava/api/StravaAPIClient.java. Using fallback presentation compiler.
2026.05.08 10:39:37 INFO  no build target found for /Users/zachwinslett/Code/strava-cli/src/main/java/com/zwinslett/strava/api/StravaAPIClient.java. Using fallback presentation compiler.
2026.05.08 10:39:38 INFO  no build target found for /Users/zachwinslett/Code/strava-cli/src/main/java/com/zwinslett/strava/api/StravaAPIClient.java. Using fallback presentation compiler.
2026.05.08 10:39:38 INFO  no build target found for /Users/zachwinslett/Code/strava-cli/src/main/java/com/zwinslett/strava/api/StravaAPIClient.java. Using fallback presentation compiler.
2026.05.08 10:39:38 INFO  no build target found for /Users/zachwinslett/Code/strava-cli/src/main/java/com/zwinslett/strava/api/StravaAPIClient.java. Using fallback presentation compiler.
2026.05.08 10:39:38 INFO  no build target found for /Users/zachwinslett/Code/strava-cli/src/main/java/com/zwinslett/strava/api/StravaAPIClient.java. Using fallback presentation compiler.
2026.05.08 10:39:38 INFO  no build target found for /Users/zachwinslett/Code/strava-cli/src/main/java/com/zwinslett/strava/api/StravaAPIClient.java. Using fallback presentation compiler.
2026.05.08 10:39:38 INFO  no build target found for /Users/zachwinslett/Code/strava-cli/src/main/java/com/zwinslett/strava/api/StravaAPIClient.java. Using fallback presentation compiler.
2026.05.08 10:39:39 INFO  no build target found for /Users/zachwinslett/Code/strava-cli/src/main/java/com/zwinslett/strava/api/StravaAPIClient.java. Using fallback presentation compiler.
2026.05.08 10:39:39 INFO  no build target found for /Users/zachwinslett/Code/strava-cli/src/main/java/com/zwinslett/strava/api/StravaAPIClient.java. Using fallback presentation compiler.
2026.05.08 10:39:39 INFO  no build target found for /Users/zachwinslett/Code/strava-cli/src/main/java/com/zwinslett/strava/api/StravaAPIClient.java. Using fallback presentation compiler.
2026.05.08 10:39:39 INFO  no build target found for /Users/zachwinslett/Code/strava-cli/src/main/java/com/zwinslett/strava/api/StravaAPIClient.java. Using fallback presentation compiler.
2026.05.08 10:39:39 INFO  no build target found for /Users/zachwinslett/Code/strava-cli/src/main/java/com/zwinslett/strava/api/StravaAPIClient.java. Using fallback presentation compiler.
2026.05.08 10:39:39 INFO  no build target found for /Users/zachwinslett/Code/strava-cli/src/main/java/com/zwinslett/strava/api/StravaAPIClient.java. Using fallback presentation compiler.
2026.05.08 10:39:40 INFO  no build target found for /Users/zachwinslett/Code/strava-cli/src/main/java/com/zwinslett/strava/api/StravaAPIClient.java. Using fallback presentation compiler.
2026.05.08 10:39:40 INFO  no build target found for /Users/zachwinslett/Code/strava-cli/src/main/java/com/zwinslett/strava/api/StravaAPIClient.java. Using fallback presentation compiler.
2026.05.08 10:39:41 INFO  no build target found for /Users/zachwinslett/Code/strava-cli/src/main/java/com/zwinslett/strava/api/StravaAPIClient.java. Using fallback presentation compiler.
2026.05.08 10:39:40 INFO  no build target found for /Users/zachwinslett/Code/strava-cli/src/main/java/com/zwinslett/strava/api/StravaAPIClient.java. Using fallback presentation compiler.
2026.05.08 10:39:40 INFO  no build target found for /Users/zachwinslett/Code/strava-cli/src/main/java/com/zwinslett/strava/api/StravaAPIClient.java. Using fallback presentation compiler.
2026.05.08 10:39:40 INFO  no build target found for /Users/zachwinslett/Code/strava-cli/src/main/java/com/zwinslett/strava/api/StravaAPIClient.java. Using fallback presentation compiler.
2026.05.08 10:39:41 INFO  no build target found for /Users/zachwinslett/Code/strava-cli/src/main/java/com/zwinslett/strava/api/StravaAPIClient.java. Using fallback presentation compiler.
2026.05.08 10:39:41 INFO  no build target found for /Users/zachwinslett/Code/strava-cli/src/main/java/com/zwinslett/strava/api/StravaAPIClient.java. Using fallback presentation compiler.
2026.05.08 10:39:41 INFO  no build target found for /Users/zachwinslett/Code/strava-cli/src/main/java/com/zwinslett/strava/api/StravaAPIClient.java. Using fallback presentation compiler.
2026.05.08 10:39:41 INFO  no build target found for /Users/zachwinslett/Code/strava-cli/src/main/java/com/zwinslett/strava/api/StravaAPIClient.java. Using fallback presentation compiler.
2026.05.08 10:39:41 INFO  no build target found for /Users/zachwinslett/Code/strava-cli/src/main/java/com/zwinslett/strava/api/StravaAPIClient.java. Using fallback presentation compiler.
2026.05.08 10:39:42 INFO  no build target found for /Users/zachwinslett/Code/strava-cli/src/main/java/com/zwinslett/strava/api/StravaAPIClient.java. Using fallback presentation compiler.
2026.05.08 10:39:41 INFO  no build target found for /Users/zachwinslett/Code/strava-cli/src/main/java/com/zwinslett/strava/api/StravaAPIClient.java. Using fallback presentation compiler.
2026.05.08 10:39:41 INFO  no build target found for /Users/zachwinslett/Code/strava-cli/src/main/java/com/zwinslett/strava/api/StravaAPIClient.java. Using fallback presentation compiler.
2026.05.08 10:39:41 INFO  no build target found for /Users/zachwinslett/Code/strava-cli/src/main/java/com/zwinslett/strava/api/StravaAPIClient.java. Using fallback presentation compiler.
2026.05.08 10:39:42 INFO  no build target found for /Users/zachwinslett/Code/strava-cli/src/main/java/com/zwinslett/strava/api/StravaAPIClient.java. Using fallback presentation compiler.
2026.05.08 10:39:43 INFO  no build target found for /Users/zachwinslett/Code/strava-cli/src/main/java/com/zwinslett/strava/api/StravaAPIClient.java. Using fallback presentation compiler.
2026.05.08 10:39:43 INFO  no build target found for /Users/zachwinslett/Code/strava-cli/src/main/java/com/zwinslett/strava/api/StravaAPIClient.java. Using fallback presentation compiler.
2026.05.08 10:39:43 INFO  no build target found for /Users/zachwinslett/Code/strava-cli/src/main/java/com/zwinslett/strava/api/StravaAPIClient.java. Using fallback presentation compiler.
2026.05.08 10:39:43 INFO  no build target found for /Users/zachwinslett/Code/strava-cli/src/main/java/com/zwinslett/strava/api/StravaAPIClient.java. Using fallback presentation compiler.
2026.05.08 10:39:43 INFO  no build target found for /Users/zachwinslett/Code/strava-cli/src/main/java/com/zwinslett/strava/api/StravaAPIClient.java. Using fallback presentation compiler.
2026.05.08 10:39:43 INFO  no build target found for /Users/zachwinslett/Code/strava-cli/src/main/java/com/zwinslett/strava/api/StravaAPIClient.java. Using fallback presentation compiler.
2026.05.08 10:39:43 INFO  no build target found for /Users/zachwinslett/Code/strava-cli/src/main/java/com/zwinslett/strava/api/StravaAPIClient.java. Using fallback presentation compiler.
2026.05.08 10:39:43 INFO  no build target found for /Users/zachwinslett/Code/strava-cli/src/main/java/com/zwinslett/strava/api/StravaAPIClient.java. Using fallback presentation compiler.
2026.05.08 10:39:44 INFO  no build target found for /Users/zachwinslett/Code/strava-cli/src/main/java/com/zwinslett/strava/api/StravaAPIClient.java. Using fallback presentation compiler.
2026.05.08 10:39:44 INFO  no build target found for /Users/zachwinslett/Code/strava-cli/src/main/java/com/zwinslett/strava/api/StravaAPIClient.java. Using fallback presentation compiler.
2026.05.08 10:39:44 INFO  no build target found for /Users/zachwinslett/Code/strava-cli/src/main/java/com/zwinslett/strava/api/StravaAPIClient.java. Using fallback presentation compiler.
2026.05.08 10:39:44 INFO  no build target found for /Users/zachwinslett/Code/strava-cli/src/main/java/com/zwinslett/strava/api/StravaAPIClient.java. Using fallback presentation compiler.
2026.05.08 10:39:44 INFO  no build target found for /Users/zachwinslett/Code/strava-cli/src/main/java/com/zwinslett/strava/api/StravaAPIClient.java. Using fallback presentation compiler.
2026.05.08 10:39:44 INFO  no build target found for /Users/zachwinslett/Code/strava-cli/src/main/java/com/zwinslett/strava/api/StravaAPIClient.java. Using fallback presentation compiler.
2026.05.08 10:39:44 INFO  no build target found for /Users/zachwinslett/Code/strava-cli/src/main/java/com/zwinslett/strava/api/StravaAPIClient.java. Using fallback presentation compiler.
2026.05.08 10:39:44 INFO  no build target found for /Users/zachwinslett/Code/strava-cli/src/main/java/com/zwinslett/strava/api/StravaAPIClient.java. Using fallback presentation compiler.
2026.05.08 10:39:45 INFO  no build target found for /Users/zachwinslett/Code/strava-cli/src/main/java/com/zwinslett/strava/api/StravaAPIClient.java. Using fallback presentation compiler.
2026.05.08 10:39:51 INFO  no build target found for /Users/zachwinslett/Code/strava-cli/src/main/java/com/zwinslett/strava/api/StravaAPIClient.java. Using fallback presentation compiler.
2026.05.08 10:39:51 INFO  no build target found for /Users/zachwinslett/Code/strava-cli/src/main/java/com/zwinslett/strava/api/StravaAPIClient.java. Using fallback presentation compiler.
2026.05.08 10:40:30 INFO  no build target found for /Users/zachwinslett/Code/strava-cli/src/main/java/com/zwinslett/strava/api/StravaAPIClient.java. Using fallback presentation compiler.
2026.05.08 10:40:30 INFO  no build target found for /Users/zachwinslett/Code/strava-cli/src/main/java/com/zwinslett/strava/api/StravaAPIClient.java. Using fallback presentation compiler.
2026.05.08 10:40:30 INFO  no build target found for /Users/zachwinslett/Code/strava-cli/src/main/java/com/zwinslett/strava/api/StravaAPIClient.java. Using fallback presentation compiler.
2026.05.08 10:40:30 INFO  no build target found for /Users/zachwinslett/Code/strava-cli/src/main/java/com/zwinslett/strava/api/StravaAPIClient.java. Using fallback presentation compiler.
2026.05.08 10:40:30 INFO  no build target found for /Users/zachwinslett/Code/strava-cli/src/main/java/com/zwinslett/strava/api/StravaAPIClient.java. Using fallback presentation compiler.
2026.05.08 10:40:30 INFO  no build target found for /Users/zachwinslett/Code/strava-cli/src/main/java/com/zwinslett/strava/api/StravaAPIClient.java. Using fallback presentation compiler.
2026.05.08 10:40:30 INFO  no build target found for /Users/zachwinslett/Code/strava-cli/src/main/java/com/zwinslett/strava/api/StravaAPIClient.java. Using fallback presentation compiler.
2026.05.08 10:40:30 INFO  no build target found for /Users/zachwinslett/Code/strava-cli/src/main/java/com/zwinslett/strava/api/StravaAPIClient.java. Using fallback presentation compiler.
2026.05.08 10:40:31 INFO  no build target found for /Users/zachwinslett/Code/strava-cli/src/main/java/com/zwinslett/strava/api/StravaAPIClient.java. Using fallback presentation compiler.
2026.05.08 10:40:31 INFO  no build target found for /Users/zachwinslett/Code/strava-cli/src/main/java/com/zwinslett/strava/api/StravaAPIClient.java. Using fallback presentation compiler.
2026.05.08 10:40:31 INFO  no build target found for /Users/zachwinslett/Code/strava-cli/src/main/java/com/zwinslett/strava/api/StravaAPIClient.java. Using fallback presentation compiler.
2026.05.08 10:40:31 INFO  no build target found for /Users/zachwinslett/Code/strava-cli/src/main/java/com/zwinslett/strava/api/StravaAPIClient.java. Using fallback presentation compiler.
2026.05.08 10:40:32 INFO  no build target found for /Users/zachwinslett/Code/strava-cli/src/main/java/com/zwinslett/strava/api/StravaAPIClient.java. Using fallback presentation compiler.
2026.05.08 10:40:31 INFO  no build target found for /Users/zachwinslett/Code/strava-cli/src/main/java/com/zwinslett/strava/api/StravaAPIClient.java. Using fallback presentation compiler.
2026.05.08 10:40:31 INFO  no build target found for /Users/zachwinslett/Code/strava-cli/src/main/java/com/zwinslett/strava/api/StravaAPIClient.java. Using fallback presentation compiler.
2026.05.08 10:40:31 INFO  no build target found for /Users/zachwinslett/Code/strava-cli/src/main/java/com/zwinslett/strava/api/StravaAPIClient.java. Using fallback presentation compiler.
2026.05.08 10:40:32 INFO  no build target found for /Users/zachwinslett/Code/strava-cli/src/main/java/com/zwinslett/strava/api/StravaAPIClient.java. Using fallback presentation compiler.
2026.05.08 10:40:32 INFO  no build target found for /Users/zachwinslett/Code/strava-cli/src/main/java/com/zwinslett/strava/api/StravaAPIClient.java. Using fallback presentation compiler.
2026.05.08 10:40:32 INFO  no build target found for /Users/zachwinslett/Code/strava-cli/src/main/java/com/zwinslett/strava/api/StravaAPIClient.java. Using fallback presentation compiler.
2026.05.08 10:40:34 INFO  no build target found for /Users/zachwinslett/Code/strava-cli/src/main/java/com/zwinslett/strava/api/StravaAPIClient.java. Using fallback presentation compiler.
2026.05.08 10:40:34 INFO  no build target found for /Users/zachwinslett/Code/strava-cli/src/main/java/com/zwinslett/strava/api/StravaAPIClient.java. Using fallback presentation compiler.
2026.05.08 10:40:34 INFO  no build target found for /Users/zachwinslett/Code/strava-cli/src/main/java/com/zwinslett/strava/api/StravaAPIClient.java. Using fallback presentation compiler.
2026.05.08 10:40:34 INFO  no build target found for /Users/zachwinslett/Code/strava-cli/src/main/java/com/zwinslett/strava/api/StravaAPIClient.java. Using fallback presentation compiler.
2026.05.08 10:40:35 INFO  no build target found for /Users/zachwinslett/Code/strava-cli/src/main/java/com/zwinslett/strava/api/StravaAPIClient.java. Using fallback presentation compiler.
2026.05.08 10:40:35 INFO  no build target found for /Users/zachwinslett/Code/strava-cli/src/main/java/com/zwinslett/strava/api/StravaAPIClient.java. Using fallback presentation compiler.
2026.05.08 10:40:35 INFO  no build target found for /Users/zachwinslett/Code/strava-cli/src/main/java/com/zwinslett/strava/api/StravaAPIClient.java. Using fallback presentation compiler.
2026.05.08 10:40:35 INFO  no build target found for /Users/zachwinslett/Code/strava-cli/src/main/java/com/zwinslett/strava/api/StravaAPIClient.java. Using fallback presentation compiler.
2026.05.08 10:40:35 INFO  no build target found for /Users/zachwinslett/Code/strava-cli/src/main/java/com/zwinslett/strava/api/StravaAPIClient.java. Using fallback presentation compiler.
2026.05.08 10:40:35 INFO  no build target found for /Users/zachwinslett/Code/strava-cli/src/main/java/com/zwinslett/strava/api/StravaAPIClient.java. Using fallback presentation compiler.
2026.05.08 10:40:36 INFO  no build target found for /Users/zachwinslett/Code/strava-cli/src/main/java/com/zwinslett/strava/api/StravaAPIClient.java. Using fallback presentation compiler.
2026.05.08 10:40:36 INFO  no build target found for /Users/zachwinslett/Code/strava-cli/src/main/java/com/zwinslett/strava/api/StravaAPIClient.java. Using fallback presentation compiler.
2026.05.08 10:40:36 INFO  no build target found for /Users/zachwinslett/Code/strava-cli/src/main/java/com/zwinslett/strava/api/StravaAPIClient.java. Using fallback presentation compiler.
2026.05.08 10:40:37 INFO  no build target found for /Users/zachwinslett/Code/strava-cli/src/main/java/com/zwinslett/strava/api/StravaAPIClient.java. Using fallback presentation compiler.
2026.05.08 10:40:36 INFO  no build target found for /Users/zachwinslett/Code/strava-cli/src/main/java/com/zwinslett/strava/api/StravaAPIClient.java. Using fallback presentation compiler.
2026.05.08 10:40:36 INFO  no build target found for /Users/zachwinslett/Code/strava-cli/src/main/java/com/zwinslett/strava/api/StravaAPIClient.java. Using fallback presentation compiler.
2026.05.08 10:40:37 INFO  no build target found for /Users/zachwinslett/Code/strava-cli/src/main/java/com/zwinslett/strava/api/StravaAPIClient.java. Using fallback presentation compiler.
2026.05.08 10:40:37 INFO  no build target found for /Users/zachwinslett/Code/strava-cli/src/main/java/com/zwinslett/strava/api/StravaAPIClient.java. Using fallback presentation compiler.
2026.05.08 10:40:37 INFO  no build target found for /Users/zachwinslett/Code/strava-cli/src/main/java/com/zwinslett/strava/api/StravaAPIClient.java. Using fallback presentation compiler.
2026.05.08 10:40:37 INFO  no build target found for /Users/zachwinslett/Code/strava-cli/src/main/java/com/zwinslett/strava/api/StravaAPIClient.java. Using fallback presentation compiler.
2026.05.08 10:40:37 INFO  no build target found for /Users/zachwinslett/Code/strava-cli/src/main/java/com/zwinslett/strava/api/StravaAPIClient.java. Using fallback presentation compiler.
2026.05.08 10:40:37 INFO  no build target found for /Users/zachwinslett/Code/strava-cli/src/main/java/com/zwinslett/strava/api/StravaAPIClient.java. Using fallback presentation compiler.
2026.05.08 10:40:38 INFO  no build target found for /Users/zachwinslett/Code/strava-cli/src/main/java/com/zwinslett/strava/api/StravaAPIClient.java. Using fallback presentation compiler.
2026.05.08 10:40:37 INFO  no build target found for /Users/zachwinslett/Code/strava-cli/src/main/java/com/zwinslett/strava/api/StravaAPIClient.java. Using fallback presentation compiler.
2026.05.08 10:40:37 INFO  no build target found for /Users/zachwinslett/Code/strava-cli/src/main/java/com/zwinslett/strava/api/StravaAPIClient.java. Using fallback presentation compiler.
2026.05.08 10:40:37 INFO  no build target found for /Users/zachwinslett/Code/strava-cli/src/main/java/com/zwinslett/strava/api/StravaAPIClient.java. Using fallback presentation compiler.
2026.05.08 10:40:37 INFO  no build target found for /Users/zachwinslett/Code/strava-cli/src/main/java/com/zwinslett/strava/api/StravaAPIClient.java. Using fallback presentation compiler.
2026.05.08 10:40:37 INFO  no build target found for /Users/zachwinslett/Code/strava-cli/src/main/java/com/zwinslett/strava/api/StravaAPIClient.java. Using fallback presentation compiler.
2026.05.08 10:40:38 INFO  no build target found for /Users/zachwinslett/Code/strava-cli/src/main/java/com/zwinslett/strava/api/StravaAPIClient.java. Using fallback presentation compiler.
2026.05.08 10:40:38 INFO  no build target found for /Users/zachwinslett/Code/strava-cli/src/main/java/com/zwinslett/strava/api/StravaAPIClient.java. Using fallback presentation compiler.
2026.05.08 10:40:38 INFO  no build target found for /Users/zachwinslett/Code/strava-cli/src/main/java/com/zwinslett/strava/api/StravaAPIClient.java. Using fallback presentation compiler.
2026.05.08 10:40:38 INFO  no build target found for /Users/zachwinslett/Code/strava-cli/src/main/java/com/zwinslett/strava/api/StravaAPIClient.java. Using fallback presentation compiler.
2026.05.08 10:40:38 INFO  no build target found for /Users/zachwinslett/Code/strava-cli/src/main/java/com/zwinslett/strava/api/StravaAPIClient.java. Using fallback presentation compiler.
2026.05.08 10:40:38 INFO  no build target found for /Users/zachwinslett/Code/strava-cli/src/main/java/com/zwinslett/strava/api/StravaAPIClient.java. Using fallback presentation compiler.
2026.05.08 10:40:39 INFO  no build target found for /Users/zachwinslett/Code/strava-cli/src/main/java/com/zwinslett/strava/api/StravaAPIClient.java. Using fallback presentation compiler.
2026.05.08 10:40:44 INFO  no build target found for /Users/zachwinslett/Code/strava-cli/src/main/java/com/zwinslett/strava/api/StravaAPIClient.java. Using fallback presentation compiler.
2026.05.08 10:40:44 INFO  no build target found for /Users/zachwinslett/Code/strava-cli/src/main/java/com/zwinslett/strava/api/StravaAPIClient.java. Using fallback presentation compiler.
2026.05.08 10:40:44 INFO  no build target found for /Users/zachwinslett/Code/strava-cli/src/main/java/com/zwinslett/strava/api/StravaAPIClient.java. Using fallback presentation compiler.
2026.05.08 10:40:44 INFO  no build target found for /Users/zachwinslett/Code/strava-cli/src/main/java/com/zwinslett/strava/api/StravaAPIClient.java. Using fallback presentation compiler.
2026.05.08 10:40:45 INFO  no build target found for /Users/zachwinslett/Code/strava-cli/src/main/java/com/zwinslett/strava/api/StravaAPIClient.java. Using fallback presentation compiler.
2026.05.08 10:40:44 INFO  no build target found for /Users/zachwinslett/Code/strava-cli/src/main/java/com/zwinslett/strava/api/StravaAPIClient.java. Using fallback presentation compiler.
2026.05.08 10:40:44 INFO  no build target found for /Users/zachwinslett/Code/strava-cli/src/main/java/com/zwinslett/strava/api/StravaAPIClient.java. Using fallback presentation compiler.
2026.05.08 10:40:44 INFO  no build target found for /Users/zachwinslett/Code/strava-cli/src/main/java/com/zwinslett/strava/api/StravaAPIClient.java. Using fallback presentation compiler.
2026.05.08 10:40:45 INFO  no build target found for /Users/zachwinslett/Code/strava-cli/src/main/java/com/zwinslett/strava/api/StravaAPIClient.java. Using fallback presentation compiler.
2026.05.08 10:40:44 INFO  no build target found for /Users/zachwinslett/Code/strava-cli/src/main/java/com/zwinslett/strava/api/StravaAPIClient.java. Using fallback presentation compiler.
2026.05.08 10:40:44 INFO  no build target found for /Users/zachwinslett/Code/strava-cli/src/main/java/com/zwinslett/strava/api/StravaAPIClient.java. Using fallback presentation compiler.
2026.05.08 10:40:44 INFO  no build target found for /Users/zachwinslett/Code/strava-cli/src/main/java/com/zwinslett/strava/api/StravaAPIClient.java. Using fallback presentation compiler.
2026.05.08 10:40:45 INFO  no build target found for /Users/zachwinslett/Code/strava-cli/src/main/java/com/zwinslett/strava/api/StravaAPIClient.java. Using fallback presentation compiler.
2026.05.08 10:40:45 INFO  no build target found for /Users/zachwinslett/Code/strava-cli/src/main/java/com/zwinslett/strava/api/StravaAPIClient.java. Using fallback presentation compiler.
2026.05.08 10:40:45 INFO  no build target found for /Users/zachwinslett/Code/strava-cli/src/main/java/com/zwinslett/strava/api/StravaAPIClient.java. Using fallback presentation compiler.
2026.05.08 10:40:46 INFO  no build target found for /Users/zachwinslett/Code/strava-cli/src/main/java/com/zwinslett/strava/api/StravaAPIClient.java. Using fallback presentation compiler.
2026.05.08 10:40:45 INFO  no build target found for /Users/zachwinslett/Code/strava-cli/src/main/java/com/zwinslett/strava/api/StravaAPIClient.java. Using fallback presentation compiler.
2026.05.08 10:40:45 INFO  no build target found for /Users/zachwinslett/Code/strava-cli/src/main/java/com/zwinslett/strava/api/StravaAPIClient.java. Using fallback presentation compiler.
2026.05.08 10:40:46 INFO  no build target found for /Users/zachwinslett/Code/strava-cli/src/main/java/com/zwinslett/strava/api/StravaAPIClient.java. Using fallback presentation compiler.
2026.05.08 10:40:45 INFO  no build target found for /Users/zachwinslett/Code/strava-cli/src/main/java/com/zwinslett/strava/api/StravaAPIClient.java. Using fallback presentation compiler.
2026.05.08 10:40:47 INFO  no build target found for /Users/zachwinslett/Code/strava-cli/src/main/java/com/zwinslett/strava/api/StravaAPIClient.java. Using fallback presentation compiler.
2026.05.08 10:40:49 INFO  no build target found for /Users/zachwinslett/Code/strava-cli/src/main/java/com/zwinslett/strava/api/StravaAPIClient.java. Using fallback presentation compiler.
2026.05.08 10:40:49 INFO  no build target found for /Users/zachwinslett/Code/strava-cli/src/main/java/com/zwinslett/strava/api/StravaAPIClient.java. Using fallback presentation compiler.
2026.05.08 10:40:49 INFO  no build target found for /Users/zachwinslett/Code/strava-cli/src/main/java/com/zwinslett/strava/api/StravaAPIClient.java. Using fallback presentation compiler.
2026.05.08 10:40:49 INFO  no build target found for /Users/zachwinslett/Code/strava-cli/src/main/java/com/zwinslett/strava/api/StravaAPIClient.java. Using fallback presentation compiler.
2026.05.08 10:40:49 INFO  no build target found for /Users/zachwinslett/Code/strava-cli/src/main/java/com/zwinslett/strava/api/StravaAPIClient.java. Using fallback presentation compiler.
2026.05.08 10:40:49 INFO  no build target found for /Users/zachwinslett/Code/strava-cli/src/main/java/com/zwinslett/strava/api/StravaAPIClient.java. Using fallback presentation compiler.
2026.05.08 10:40:49 INFO  no build target found for /Users/zachwinslett/Code/strava-cli/src/main/java/com/zwinslett/strava/api/StravaAPIClient.java. Using fallback presentation compiler.
2026.05.08 10:40:49 INFO  no build target found for /Users/zachwinslett/Code/strava-cli/src/main/java/com/zwinslett/strava/api/StravaAPIClient.java. Using fallback presentation compiler.
2026.05.08 10:40:49 INFO  no build target found for /Users/zachwinslett/Code/strava-cli/src/main/java/com/zwinslett/strava/api/StravaAPIClient.java. Using fallback presentation compiler.
2026.05.08 10:40:50 INFO  no build target found for /Users/zachwinslett/Code/strava-cli/src/main/java/com/zwinslett/strava/api/StravaAPIClient.java. Using fallback presentation compiler.
2026.05.08 10:40:50 INFO  no build target found for /Users/zachwinslett/Code/strava-cli/src/main/java/com/zwinslett/strava/api/StravaAPIClient.java. Using fallback presentation compiler.
2026.05.08 10:40:51 INFO  no build target found for /Users/zachwinslett/Code/strava-cli/src/main/java/com/zwinslett/strava/api/StravaAPIClient.java. Using fallback presentation compiler.
2026.05.08 10:40:50 INFO  no build target found for /Users/zachwinslett/Code/strava-cli/src/main/java/com/zwinslett/strava/api/StravaAPIClient.java. Using fallback presentation compiler.
2026.05.08 10:40:50 INFO  no build target found for /Users/zachwinslett/Code/strava-cli/src/main/java/com/zwinslett/strava/api/StravaAPIClient.java. Using fallback presentation compiler.
2026.05.08 10:40:50 INFO  no build target found for /Users/zachwinslett/Code/strava-cli/src/main/java/com/zwinslett/strava/api/StravaAPIClient.java. Using fallback presentation compiler.
2026.05.08 10:40:51 INFO  no build target found for /Users/zachwinslett/Code/strava-cli/src/main/java/com/zwinslett/strava/api/StravaAPIClient.java. Using fallback presentation compiler.
2026.05.08 10:40:51 INFO  no build target found for /Users/zachwinslett/Code/strava-cli/src/main/java/com/zwinslett/strava/api/StravaAPIClient.java. Using fallback presentation compiler.
2026.05.08 10:41:04 INFO  no build target found for /Users/zachwinslett/Code/strava-cli/src/main/java/com/zwinslett/strava/api/StravaAPIClient.java. Using fallback presentation compiler.
2026.05.08 10:41:04 INFO  no build target found for /Users/zachwinslett/Code/strava-cli/src/main/java/com/zwinslett/strava/api/StravaAPIClient.java. Using fallback presentation compiler.
2026.05.08 10:41:04 INFO  no build target found for /Users/zachwinslett/Code/strava-cli/src/main/java/com/zwinslett/strava/api/StravaAPIClient.java. Using fallback presentation compiler.
2026.05.08 10:41:04 INFO  no build target found for /Users/zachwinslett/Code/strava-cli/src/main/java/com/zwinslett/strava/api/StravaAPIClient.java. Using fallback presentation compiler.
2026.05.08 10:41:04 INFO  no build target found for /Users/zachwinslett/Code/strava-cli/src/main/java/com/zwinslett/strava/api/StravaAPIClient.java. Using fallback presentation compiler.
2026.05.08 10:41:04 INFO  no build target found for /Users/zachwinslett/Code/strava-cli/src/main/java/com/zwinslett/strava/api/StravaAPIClient.java. Using fallback presentation compiler.
2026.05.08 10:41:04 INFO  no build target found for /Users/zachwinslett/Code/strava-cli/src/main/java/com/zwinslett/strava/api/StravaAPIClient.java. Using fallback presentation compiler.
2026.05.08 10:41:04 INFO  no build target found for /Users/zachwinslett/Code/strava-cli/src/main/java/com/zwinslett/strava/api/StravaAPIClient.java. Using fallback presentation compiler.
2026.05.08 10:41:05 INFO  no build target found for /Users/zachwinslett/Code/strava-cli/src/main/java/com/zwinslett/strava/api/StravaAPIClient.java. Using fallback presentation compiler.
2026.05.08 10:41:04 INFO  no build target found for /Users/zachwinslett/Code/strava-cli/src/main/java/com/zwinslett/strava/api/StravaAPIClient.java. Using fallback presentation compiler.
2026.05.08 10:41:04 INFO  no build target found for /Users/zachwinslett/Code/strava-cli/src/main/java/com/zwinslett/strava/api/StravaAPIClient.java. Using fallback presentation compiler.
2026.05.08 10:41:04 INFO  no build target found for /Users/zachwinslett/Code/strava-cli/src/main/java/com/zwinslett/strava/api/StravaAPIClient.java. Using fallback presentation compiler.
2026.05.08 10:41:05 INFO  no build target found for /Users/zachwinslett/Code/strava-cli/src/main/java/com/zwinslett/strava/api/StravaAPIClient.java. Using fallback presentation compiler.
2026.05.08 10:41:05 INFO  no build target found for /Users/zachwinslett/Code/strava-cli/src/main/java/com/zwinslett/strava/api/StravaAPIClient.java. Using fallback presentation compiler.
2026.05.08 10:41:05 INFO  no build target found for /Users/zachwinslett/Code/strava-cli/src/main/java/com/zwinslett/strava/api/StravaAPIClient.java. Using fallback presentation compiler.
2026.05.08 10:41:05 INFO  no build target found for /Users/zachwinslett/Code/strava-cli/src/main/java/com/zwinslett/strava/api/StravaAPIClient.java. Using fallback presentation compiler.
2026.05.08 10:41:05 INFO  no build target found for /Users/zachwinslett/Code/strava-cli/src/main/java/com/zwinslett/strava/api/StravaAPIClient.java. Using fallback presentation compiler.
2026.05.08 10:41:05 INFO  no build target found for /Users/zachwinslett/Code/strava-cli/src/main/java/com/zwinslett/strava/api/StravaAPIClient.java. Using fallback presentation compiler.
2026.05.08 10:41:05 INFO  no build target found for /Users/zachwinslett/Code/strava-cli/src/main/java/com/zwinslett/strava/api/StravaAPIClient.java. Using fallback presentation compiler.
2026.05.08 10:41:06 INFO  no build target found for /Users/zachwinslett/Code/strava-cli/src/main/java/com/zwinslett/strava/api/StravaAPIClient.java. Using fallback presentation compiler.
2026.05.08 10:41:06 INFO  no build target found for /Users/zachwinslett/Code/strava-cli/src/main/java/com/zwinslett/strava/api/StravaAPIClient.java. Using fallback presentation compiler.
2026.05.08 10:41:06 INFO  no build target found for /Users/zachwinslett/Code/strava-cli/src/main/java/com/zwinslett/strava/api/StravaAPIClient.java. Using fallback presentation compiler.
2026.05.08 10:41:06 INFO  no build target found for /Users/zachwinslett/Code/strava-cli/src/main/java/com/zwinslett/strava/api/StravaAPIClient.java. Using fallback presentation compiler.
2026.05.08 10:41:06 INFO  no build target found for /Users/zachwinslett/Code/strava-cli/src/main/java/com/zwinslett/strava/api/StravaAPIClient.java. Using fallback presentation compiler.
2026.05.08 10:41:07 INFO  no build target found for /Users/zachwinslett/Code/strava-cli/src/main/java/com/zwinslett/strava/api/StravaAPIClient.java. Using fallback presentation compiler.
2026.05.08 10:41:06 INFO  no build target found for /Users/zachwinslett/Code/strava-cli/src/main/java/com/zwinslett/strava/api/StravaAPIClient.java. Using fallback presentation compiler.
2026.05.08 10:41:13 INFO  no build target found for /Users/zachwinslett/Code/strava-cli/src/main/java/com/zwinslett/strava/api/StravaAPIClient.java. Using fallback presentation compiler.
2026.05.08 10:41:13 INFO  no build target found for /Users/zachwinslett/Code/strava-cli/src/main/java/com/zwinslett/strava/api/StravaAPIClient.java. Using fallback presentation compiler.
2026.05.08 10:41:14 INFO  no build target found for /Users/zachwinslett/Code/strava-cli/src/main/java/com/zwinslett/strava/api/StravaAPIClient.java. Using fallback presentation compiler.
2026.05.08 10:41:14 INFO  no build target found for /Users/zachwinslett/Code/strava-cli/src/main/java/com/zwinslett/strava/api/StravaAPIClient.java. Using fallback presentation compiler.
2026.05.08 10:41:14 INFO  no build target found for /Users/zachwinslett/Code/strava-cli/src/main/java/com/zwinslett/strava/api/StravaAPIClient.java. Using fallback presentation compiler.
2026.05.08 10:41:14 INFO  no build target found for /Users/zachwinslett/Code/strava-cli/src/main/java/com/zwinslett/strava/api/StravaAPIClient.java. Using fallback presentation compiler.
2026.05.08 10:41:15 INFO  no build target found for /Users/zachwinslett/Code/strava-cli/src/main/java/com/zwinslett/strava/api/StravaAPIClient.java. Using fallback presentation compiler.
2026.05.08 10:41:14 INFO  no build target found for /Users/zachwinslett/Code/strava-cli/src/main/java/com/zwinslett/strava/api/StravaAPIClient.java. Using fallback presentation compiler.
2026.05.08 10:41:14 INFO  no build target found for /Users/zachwinslett/Code/strava-cli/src/main/java/com/zwinslett/strava/api/StravaAPIClient.java. Using fallback presentation compiler.
2026.05.08 10:41:15 INFO  no build target found for /Users/zachwinslett/Code/strava-cli/src/main/java/com/zwinslett/strava/api/StravaAPIClient.java. Using fallback presentation compiler.
2026.05.08 10:41:14 INFO  no build target found for /Users/zachwinslett/Code/strava-cli/src/main/java/com/zwinslett/strava/api/StravaAPIClient.java. Using fallback presentation compiler.
2026.05.08 10:41:14 INFO  no build target found for /Users/zachwinslett/Code/strava-cli/src/main/java/com/zwinslett/strava/api/StravaAPIClient.java. Using fallback presentation compiler.
2026.05.08 10:41:15 INFO  no build target found for /Users/zachwinslett/Code/strava-cli/src/main/java/com/zwinslett/strava/api/StravaAPIClient.java. Using fallback presentation compiler.
2026.05.08 10:41:15 INFO  no build target found for /Users/zachwinslett/Code/strava-cli/src/main/java/com/zwinslett/strava/api/StravaAPIClient.java. Using fallback presentation compiler.
2026.05.08 10:41:15 INFO  no build target found for /Users/zachwinslett/Code/strava-cli/src/main/java/com/zwinslett/strava/api/StravaAPIClient.java. Using fallback presentation compiler.
2026.05.08 10:41:15 INFO  no build target found for /Users/zachwinslett/Code/strava-cli/src/main/java/com/zwinslett/strava/api/StravaAPIClient.java. Using fallback presentation compiler.
2026.05.08 10:41:17 INFO  no build target found for /Users/zachwinslett/Code/strava-cli/src/main/java/com/zwinslett/strava/api/StravaAPIClient.java. Using fallback presentation compiler.
2026.05.08 10:41:17 INFO  no build target found for /Users/zachwinslett/Code/strava-cli/src/main/java/com/zwinslett/strava/api/StravaAPIClient.java. Using fallback presentation compiler.
2026.05.08 10:41:17 INFO  no build target found for /Users/zachwinslett/Code/strava-cli/src/main/java/com/zwinslett/strava/api/StravaAPIClient.java. Using fallback presentation compiler.
2026.05.08 10:41:17 INFO  no build target found for /Users/zachwinslett/Code/strava-cli/src/main/java/com/zwinslett/strava/api/StravaAPIClient.java. Using fallback presentation compiler.
2026.05.08 10:41:17 INFO  no build target found for /Users/zachwinslett/Code/strava-cli/src/main/java/com/zwinslett/strava/api/StravaAPIClient.java. Using fallback presentation compiler.
2026.05.08 10:41:18 INFO  no build target found for /Users/zachwinslett/Code/strava-cli/src/main/java/com/zwinslett/strava/api/StravaAPIClient.java. Using fallback presentation compiler.
2026.05.08 10:41:18 INFO  no build target found for /Users/zachwinslett/Code/strava-cli/src/main/java/com/zwinslett/strava/api/StravaAPIClient.java. Using fallback presentation compiler.
2026.05.08 10:41:18 INFO  no build target found for /Users/zachwinslett/Code/strava-cli/src/main/java/com/zwinslett/strava/api/StravaAPIClient.java. Using fallback presentation compiler.
2026.05.08 10:41:19 INFO  no build target found for /Users/zachwinslett/Code/strava-cli/src/main/java/com/zwinslett/strava/api/StravaAPIClient.java. Using fallback presentation compiler.
2026.05.08 10:41:22 INFO  no build target found for /Users/zachwinslett/Code/strava-cli/src/main/java/com/zwinslett/strava/api/StravaAPIClient.java. Using fallback presentation compiler.
2026.05.08 10:41:24 INFO  no build target found for /Users/zachwinslett/Code/strava-cli/src/main/java/com/zwinslett/strava/api/StravaAPIClient.java. Using fallback presentation compiler.
2026.05.08 10:41:24 INFO  no build target found for /Users/zachwinslett/Code/strava-cli/src/main/java/com/zwinslett/strava/api/StravaAPIClient.java. Using fallback presentation compiler.
2026.05.08 10:41:27 INFO  no build target found for /Users/zachwinslett/Code/strava-cli/src/main/java/com/zwinslett/strava/api/StravaAPIClient.java. Using fallback presentation compiler.
2026.05.08 10:41:27 INFO  no build target found for /Users/zachwinslett/Code/strava-cli/src/main/java/com/zwinslett/strava/api/StravaAPIClient.java. Using fallback presentation compiler.
2026.05.08 10:41:27 INFO  no build target found for /Users/zachwinslett/Code/strava-cli/src/main/java/com/zwinslett/strava/api/StravaAPIClient.java. Using fallback presentation compiler.
2026.05.08 10:41:27 INFO  no build target found for /Users/zachwinslett/Code/strava-cli/src/main/java/com/zwinslett/strava/api/StravaAPIClient.java. Using fallback presentation compiler.
2026.05.08 10:41:27 INFO  no build target found for /Users/zachwinslett/Code/strava-cli/src/main/java/com/zwinslett/strava/api/StravaAPIClient.java. Using fallback presentation compiler.
2026.05.08 10:41:28 INFO  no build target found for /Users/zachwinslett/Code/strava-cli/src/main/java/com/zwinslett/strava/api/StravaAPIClient.java. Using fallback presentation compiler.
2026.05.08 10:41:28 INFO  no build target found for /Users/zachwinslett/Code/strava-cli/src/main/java/com/zwinslett/strava/api/StravaAPIClient.java. Using fallback presentation compiler.
2026.05.08 10:41:28 INFO  no build target found for /Users/zachwinslett/Code/strava-cli/src/main/java/com/zwinslett/strava/api/StravaAPIClient.java. Using fallback presentation compiler.
2026.05.08 10:41:28 INFO  no build target found for /Users/zachwinslett/Code/strava-cli/src/main/java/com/zwinslett/strava/api/StravaAPIClient.java. Using fallback presentation compiler.
2026.05.08 10:41:28 INFO  no build target found for /Users/zachwinslett/Code/strava-cli/src/main/java/com/zwinslett/strava/api/StravaAPIClient.java. Using fallback presentation compiler.
2026.05.08 10:41:28 INFO  no build target found for /Users/zachwinslett/Code/strava-cli/src/main/java/com/zwinslett/strava/api/StravaAPIClient.java. Using fallback presentation compiler.
2026.05.08 10:41:29 INFO  no build target found for /Users/zachwinslett/Code/strava-cli/src/main/java/com/zwinslett/strava/api/StravaAPIClient.java. Using fallback presentation compiler.
2026.05.08 10:41:29 INFO  no build target found for /Users/zachwinslett/Code/strava-cli/src/main/java/com/zwinslett/strava/api/StravaAPIClient.java. Using fallback presentation compiler.
2026.05.08 10:41:29 INFO  no build target found for /Users/zachwinslett/Code/strava-cli/src/main/java/com/zwinslett/strava/api/StravaAPIClient.java. Using fallback presentation compiler.
2026.05.08 10:41:29 INFO  no build target found for /Users/zachwinslett/Code/strava-cli/src/main/java/com/zwinslett/strava/api/StravaAPIClient.java. Using fallback presentation compiler.
2026.05.08 10:41:31 INFO  no build target found for /Users/zachwinslett/Code/strava-cli/src/main/java/com/zwinslett/strava/api/StravaAPIClient.java. Using fallback presentation compiler.
2026.05.08 10:41:31 INFO  no build target found for /Users/zachwinslett/Code/strava-cli/src/main/java/com/zwinslett/strava/api/StravaAPIClient.java. Using fallback presentation compiler.
2026.05.08 10:41:32 INFO  no build target found for /Users/zachwinslett/Code/strava-cli/src/main/java/com/zwinslett/strava/api/StravaAPIClient.java. Using fallback presentation compiler.
2026.05.08 10:41:32 INFO  no build target found for /Users/zachwinslett/Code/strava-cli/src/main/java/com/zwinslett/strava/api/StravaAPIClient.java. Using fallback presentation compiler.
2026.05.08 10:41:49 INFO  no build target found for /Users/zachwinslett/Code/strava-cli/src/main/java/com/zwinslett/strava/api/StravaAPIClient.java. Using fallback presentation compiler.
2026.05.08 10:41:49 INFO  no build target found for /Users/zachwinslett/Code/strava-cli/src/main/java/com/zwinslett/strava/api/StravaAPIClient.java. Using fallback presentation compiler.
2026.05.08 10:41:49 INFO  no build target found for /Users/zachwinslett/Code/strava-cli/src/main/java/com/zwinslett/strava/api/StravaAPIClient.java. Using fallback presentation compiler.
2026.05.08 10:41:49 INFO  no build target found for /Users/zachwinslett/Code/strava-cli/src/main/java/com/zwinslett/strava/api/StravaAPIClient.java. Using fallback presentation compiler.
2026.05.08 10:42:12 INFO  no build target found for /Users/zachwinslett/Code/strava-cli/src/main/java/com/zwinslett/strava/api/StravaAPIClient.java. Using fallback presentation compiler.
2026.05.08 10:42:12 INFO  no build target found for /Users/zachwinslett/Code/strava-cli/src/main/java/com/zwinslett/strava/api/StravaAPIClient.java. Using fallback presentation compiler.
2026.05.08 10:42:12 INFO  no build target found for /Users/zachwinslett/Code/strava-cli/src/main/java/com/zwinslett/strava/api/StravaAPIClient.java. Using fallback presentation compiler.
2026.05.08 10:42:12 INFO  no build target found for /Users/zachwinslett/Code/strava-cli/src/main/java/com/zwinslett/strava/api/StravaAPIClient.java. Using fallback presentation compiler.
2026.05.08 10:42:14 INFO  no build target found for /Users/zachwinslett/Code/strava-cli/src/main/java/com/zwinslett/strava/api/StravaAPIClient.java. Using fallback presentation compiler.
2026.05.08 10:42:14 INFO  no build target found for /Users/zachwinslett/Code/strava-cli/src/main/java/com/zwinslett/strava/api/StravaAPIClient.java. Using fallback presentation compiler.
2026.05.08 10:42:14 INFO  no build target found for /Users/zachwinslett/Code/strava-cli/src/main/java/com/zwinslett/strava/api/StravaAPIClient.java. Using fallback presentation compiler.
2026.05.08 10:42:14 INFO  no build target found for /Users/zachwinslett/Code/strava-cli/src/main/java/com/zwinslett/strava/api/StravaAPIClient.java. Using fallback presentation compiler.
2026.05.08 10:42:15 INFO  no build target found for /Users/zachwinslett/Code/strava-cli/src/main/java/com/zwinslett/strava/api/StravaAPIClient.java. Using fallback presentation compiler.
2026.05.08 10:42:15 INFO  no build target found for /Users/zachwinslett/Code/strava-cli/src/main/java/com/zwinslett/strava/api/StravaAPIClient.java. Using fallback presentation compiler.
2026.05.08 10:42:15 INFO  no build target found for /Users/zachwinslett/Code/strava-cli/src/main/java/com/zwinslett/strava/api/StravaAPIClient.java. Using fallback presentation compiler.
2026.05.08 10:42:15 INFO  no build target found for /Users/zachwinslett/Code/strava-cli/src/main/java/com/zwinslett/strava/api/StravaAPIClient.java. Using fallback presentation compiler.
2026.05.08 10:42:15 INFO  no build target found for /Users/zachwinslett/Code/strava-cli/src/main/java/com/zwinslett/strava/api/StravaAPIClient.java. Using fallback presentation compiler.
2026.05.08 10:42:15 INFO  no build target found for /Users/zachwinslett/Code/strava-cli/src/main/java/com/zwinslett/strava/api/StravaAPIClient.java. Using fallback presentation compiler.
2026.05.08 10:42:15 INFO  no build target found for /Users/zachwinslett/Code/strava-cli/src/main/java/com/zwinslett/strava/api/StravaAPIClient.java. Using fallback presentation compiler.
2026.05.08 10:42:15 INFO  no build target found for /Users/zachwinslett/Code/strava-cli/src/main/java/com/zwinslett/strava/api/StravaAPIClient.java. Using fallback presentation compiler.
2026.05.08 10:42:15 INFO  no build target found for /Users/zachwinslett/Code/strava-cli/src/main/java/com/zwinslett/strava/api/StravaAPIClient.java. Using fallback presentation compiler.
2026.05.08 10:42:15 INFO  no build target found for /Users/zachwinslett/Code/strava-cli/src/main/java/com/zwinslett/strava/api/StravaAPIClient.java. Using fallback presentation compiler.
2026.05.08 10:42:15 INFO  no build target found for /Users/zachwinslett/Code/strava-cli/src/main/java/com/zwinslett/strava/api/StravaAPIClient.java. Using fallback presentation compiler.
2026.05.08 10:42:16 INFO  no build target found for /Users/zachwinslett/Code/strava-cli/src/main/java/com/zwinslett/strava/api/StravaAPIClient.java. Using fallback presentation compiler.
2026.05.08 10:42:16 INFO  no build target found for /Users/zachwinslett/Code/strava-cli/src/main/java/com/zwinslett/strava/api/StravaAPIClient.java. Using fallback presentation compiler.
2026.05.08 10:42:16 INFO  no build target found for /Users/zachwinslett/Code/strava-cli/src/main/java/com/zwinslett/strava/api/StravaAPIClient.java. Using fallback presentation compiler.
2026.05.08 10:42:16 INFO  no build target found for /Users/zachwinslett/Code/strava-cli/src/main/java/com/zwinslett/strava/api/StravaAPIClient.java. Using fallback presentation compiler.
2026.05.08 10:42:16 INFO  no build target found for /Users/zachwinslett/Code/strava-cli/src/main/java/com/zwinslett/strava/api/StravaAPIClient.java. Using fallback presentation compiler.
2026.05.08 10:42:16 INFO  no build target found for /Users/zachwinslett/Code/strava-cli/src/main/java/com/zwinslett/strava/api/StravaAPIClient.java. Using fallback presentation compiler.
2026.05.08 10:42:16 INFO  no build target found for /Users/zachwinslett/Code/strava-cli/src/main/java/com/zwinslett/strava/api/StravaAPIClient.java. Using fallback presentation compiler.
2026.05.08 10:42:16 INFO  no build target found for /Users/zachwinslett/Code/strava-cli/src/main/java/com/zwinslett/strava/api/StravaAPIClient.java. Using fallback presentation compiler.
2026.05.08 10:42:16 INFO  no build target found for /Users/zachwinslett/Code/strava-cli/src/main/java/com/zwinslett/strava/api/StravaAPIClient.java. Using fallback presentation compiler.
2026.05.08 10:42:16 INFO  no build target found for /Users/zachwinslett/Code/strava-cli/src/main/java/com/zwinslett/strava/api/StravaAPIClient.java. Using fallback presentation compiler.
2026.05.08 10:42:17 INFO  no build target found for /Users/zachwinslett/Code/strava-cli/src/main/java/com/zwinslett/strava/api/StravaAPIClient.java. Using fallback presentation compiler.
2026.05.08 10:42:17 INFO  no build target found for /Users/zachwinslett/Code/strava-cli/src/main/java/com/zwinslett/strava/api/StravaAPIClient.java. Using fallback presentation compiler.
2026.05.08 10:42:17 INFO  no build target found for /Users/zachwinslett/Code/strava-cli/src/main/java/com/zwinslett/strava/api/StravaAPIClient.java. Using fallback presentation compiler.
2026.05.08 10:42:17 INFO  no build target found for /Users/zachwinslett/Code/strava-cli/src/main/java/com/zwinslett/strava/api/StravaAPIClient.java. Using fallback presentation compiler.
2026.05.08 10:42:17 INFO  no build target found for /Users/zachwinslett/Code/strava-cli/src/main/java/com/zwinslett/strava/api/StravaAPIClient.java. Using fallback presentation compiler.
2026.05.08 10:42:17 INFO  no build target found for /Users/zachwinslett/Code/strava-cli/src/main/java/com/zwinslett/strava/api/StravaAPIClient.java. Using fallback presentation compiler.
2026.05.08 10:42:17 INFO  no build target found for /Users/zachwinslett/Code/strava-cli/src/main/java/com/zwinslett/strava/api/StravaAPIClient.java. Using fallback presentation compiler.
2026.05.08 10:42:17 INFO  no build target found for /Users/zachwinslett/Code/strava-cli/src/main/java/com/zwinslett/strava/api/StravaAPIClient.java. Using fallback presentation compiler.
2026.05.08 10:42:17 INFO  no build target found for /Users/zachwinslett/Code/strava-cli/src/main/java/com/zwinslett/strava/api/StravaAPIClient.java. Using fallback presentation compiler.
2026.05.08 10:42:17 INFO  no build target found for /Users/zachwinslett/Code/strava-cli/src/main/java/com/zwinslett/strava/api/StravaAPIClient.java. Using fallback presentation compiler.
2026.05.08 10:42:18 INFO  no build target found for /Users/zachwinslett/Code/strava-cli/src/main/java/com/zwinslett/strava/api/StravaAPIClient.java. Using fallback presentation compiler.
2026.05.08 10:42:18 INFO  no build target found for /Users/zachwinslett/Code/strava-cli/src/main/java/com/zwinslett/strava/api/StravaAPIClient.java. Using fallback presentation compiler.
2026.05.08 10:42:18 INFO  no build target found for /Users/zachwinslett/Code/strava-cli/src/main/java/com/zwinslett/strava/api/StravaAPIClient.java. Using fallback presentation compiler.
2026.05.08 10:42:18 INFO  no build target found for /Users/zachwinslett/Code/strava-cli/src/main/java/com/zwinslett/strava/api/StravaAPIClient.java. Using fallback presentation compiler.
2026.05.08 10:42:19 INFO  no build target found for /Users/zachwinslett/Code/strava-cli/src/main/java/com/zwinslett/strava/api/StravaAPIClient.java. Using fallback presentation compiler.
2026.05.08 10:42:18 INFO  no build target found for /Users/zachwinslett/Code/strava-cli/src/main/java/com/zwinslett/strava/api/StravaAPIClient.java. Using fallback presentation compiler.
2026.05.08 10:42:20 INFO  no build target found for /Users/zachwinslett/Code/strava-cli/src/main/java/com/zwinslett/strava/api/StravaAPIClient.java. Using fallback presentation compiler.
2026.05.08 10:42:20 INFO  no build target found for /Users/zachwinslett/Code/strava-cli/src/main/java/com/zwinslett/strava/api/StravaAPIClient.java. Using fallback presentation compiler.
2026.05.08 10:42:24 INFO  no build target found for /Users/zachwinslett/Code/strava-cli/src/main/java/com/zwinslett/strava/api/StravaAPIClient.java. Using fallback presentation compiler.
2026.05.08 10:42:24 INFO  no build target found for /Users/zachwinslett/Code/strava-cli/src/main/java/com/zwinslett/strava/api/StravaAPIClient.java. Using fallback presentation compiler.
2026.05.08 10:42:24 INFO  no build target found for /Users/zachwinslett/Code/strava-cli/src/main/java/com/zwinslett/strava/api/StravaAPIClient.java. Using fallback presentation compiler.
2026.05.08 10:42:24 INFO  no build target found for /Users/zachwinslett/Code/strava-cli/src/main/java/com/zwinslett/strava/api/StravaAPIClient.java. Using fallback presentation compiler.
2026.05.08 10:42:24 INFO  no build target found for /Users/zachwinslett/Code/strava-cli/src/main/java/com/zwinslett/strava/api/StravaAPIClient.java. Using fallback presentation compiler.
2026.05.08 10:42:24 INFO  no build target found for /Users/zachwinslett/Code/strava-cli/src/main/java/com/zwinslett/strava/api/StravaAPIClient.java. Using fallback presentation compiler.
2026.05.08 10:42:25 INFO  no build target found for /Users/zachwinslett/Code/strava-cli/src/main/java/com/zwinslett/strava/api/StravaAPIClient.java. Using fallback presentation compiler.
2026.05.08 10:42:25 INFO  no build target found for /Users/zachwinslett/Code/strava-cli/src/main/java/com/zwinslett/strava/api/StravaAPIClient.java. Using fallback presentation compiler.
2026.05.08 10:42:25 INFO  no build target found for /Users/zachwinslett/Code/strava-cli/src/main/java/com/zwinslett/strava/api/StravaAPIClient.java. Using fallback presentation compiler.
2026.05.08 10:42:25 INFO  no build target found for /Users/zachwinslett/Code/strava-cli/src/main/java/com/zwinslett/strava/api/StravaAPIClient.java. Using fallback presentation compiler.
2026.05.08 10:42:25 INFO  no build target found for /Users/zachwinslett/Code/strava-cli/src/main/java/com/zwinslett/strava/api/StravaAPIClient.java. Using fallback presentation compiler.
2026.05.08 10:42:25 INFO  no build target found for /Users/zachwinslett/Code/strava-cli/src/main/java/com/zwinslett/strava/api/StravaAPIClient.java. Using fallback presentation compiler.
2026.05.08 10:42:26 INFO  no build target found for /Users/zachwinslett/Code/strava-cli/src/main/java/com/zwinslett/strava/api/StravaAPIClient.java. Using fallback presentation compiler.
2026.05.08 10:42:26 INFO  no build target found for /Users/zachwinslett/Code/strava-cli/src/main/java/com/zwinslett/strava/api/StravaAPIClient.java. Using fallback presentation compiler.
2026.05.08 10:42:26 INFO  no build target found for /Users/zachwinslett/Code/strava-cli/src/main/java/com/zwinslett/strava/api/StravaAPIClient.java. Using fallback presentation compiler.
2026.05.08 10:42:26 INFO  no build target found for /Users/zachwinslett/Code/strava-cli/src/main/java/com/zwinslett/strava/api/StravaAPIClient.java. Using fallback presentation compiler.
2026.05.08 10:42:26 INFO  no build target found for /Users/zachwinslett/Code/strava-cli/src/main/java/com/zwinslett/strava/api/StravaAPIClient.java. Using fallback presentation compiler.
2026.05.08 10:42:26 INFO  no build target found for /Users/zachwinslett/Code/strava-cli/src/main/java/com/zwinslett/strava/api/StravaAPIClient.java. Using fallback presentation compiler.
2026.05.08 10:42:26 INFO  no build target found for /Users/zachwinslett/Code/strava-cli/src/main/java/com/zwinslett/strava/api/StravaAPIClient.java. Using fallback presentation compiler.
2026.05.08 10:42:26 INFO  no build target found for /Users/zachwinslett/Code/strava-cli/src/main/java/com/zwinslett/strava/api/StravaAPIClient.java. Using fallback presentation compiler.
2026.05.08 10:42:26 INFO  no build target found for /Users/zachwinslett/Code/strava-cli/src/main/java/com/zwinslett/strava/api/StravaAPIClient.java. Using fallback presentation compiler.
2026.05.08 10:42:27 INFO  no build target found for /Users/zachwinslett/Code/strava-cli/src/main/java/com/zwinslett/strava/api/StravaAPIClient.java. Using fallback presentation compiler.
2026.05.08 10:42:27 INFO  no build target found for /Users/zachwinslett/Code/strava-cli/src/main/java/com/zwinslett/strava/api/StravaAPIClient.java. Using fallback presentation compiler.
2026.05.08 10:42:27 INFO  no build target found for /Users/zachwinslett/Code/strava-cli/src/main/java/com/zwinslett/strava/api/StravaAPIClient.java. Using fallback presentation compiler.
2026.05.08 10:42:27 INFO  no build target found for /Users/zachwinslett/Code/strava-cli/src/main/java/com/zwinslett/strava/api/StravaAPIClient.java. Using fallback presentation compiler.
2026.05.08 10:42:27 INFO  no build target found for /Users/zachwinslett/Code/strava-cli/src/main/java/com/zwinslett/strava/api/StravaAPIClient.java. Using fallback presentation compiler.
2026.05.08 10:42:27 INFO  no build target found for /Users/zachwinslett/Code/strava-cli/src/main/java/com/zwinslett/strava/api/StravaAPIClient.java. Using fallback presentation compiler.
2026.05.08 10:42:28 INFO  no build target found for /Users/zachwinslett/Code/strava-cli/src/main/java/com/zwinslett/strava/api/StravaAPIClient.java. Using fallback presentation compiler.
2026.05.08 10:42:27 INFO  no build target found for /Users/zachwinslett/Code/strava-cli/src/main/java/com/zwinslett/strava/api/StravaAPIClient.java. Using fallback presentation compiler.
2026.05.08 10:42:28 INFO  no build target found for /Users/zachwinslett/Code/strava-cli/src/main/java/com/zwinslett/strava/api/StravaAPIClient.java. Using fallback presentation compiler.
2026.05.08 10:42:28 INFO  no build target found for /Users/zachwinslett/Code/strava-cli/src/main/java/com/zwinslett/strava/api/StravaAPIClient.java. Using fallback presentation compiler.
2026.05.08 10:42:28 INFO  no build target found for /Users/zachwinslett/Code/strava-cli/src/main/java/com/zwinslett/strava/api/StravaAPIClient.java. Using fallback presentation compiler.
2026.05.08 10:42:28 INFO  no build target found for /Users/zachwinslett/Code/strava-cli/src/main/java/com/zwinslett/strava/api/StravaAPIClient.java. Using fallback presentation compiler.
2026.05.08 10:42:28 INFO  no build target found for /Users/zachwinslett/Code/strava-cli/src/main/java/com/zwinslett/strava/api/StravaAPIClient.java. Using fallback presentation compiler.
2026.05.08 10:42:29 INFO  no build target found for /Users/zachwinslett/Code/strava-cli/src/main/java/com/zwinslett/strava/api/StravaAPIClient.java. Using fallback presentation compiler.
2026.05.08 10:42:28 INFO  no build target found for /Users/zachwinslett/Code/strava-cli/src/main/java/com/zwinslett/strava/api/StravaAPIClient.java. Using fallback presentation compiler.
2026.05.08 10:42:28 INFO  no build target found for /Users/zachwinslett/Code/strava-cli/src/main/java/com/zwinslett/strava/api/StravaAPIClient.java. Using fallback presentation compiler.
2026.05.08 10:42:29 INFO  no build target found for /Users/zachwinslett/Code/strava-cli/src/main/java/com/zwinslett/strava/api/StravaAPIClient.java. Using fallback presentation compiler.
2026.05.08 10:42:28 INFO  no build target found for /Users/zachwinslett/Code/strava-cli/src/main/java/com/zwinslett/strava/api/StravaAPIClient.java. Using fallback presentation compiler.
2026.05.08 10:42:30 INFO  no build target found for /Users/zachwinslett/Code/strava-cli/src/main/java/com/zwinslett/strava/api/StravaAPIClient.java. Using fallback presentation compiler.
2026.05.08 10:42:30 INFO  no build target found for /Users/zachwinslett/Code/strava-cli/src/main/java/com/zwinslett/strava/api/StravaAPIClient.java. Using fallback presentation compiler.
2026.05.08 10:42:30 INFO  no build target found for /Users/zachwinslett/Code/strava-cli/src/main/java/com/zwinslett/strava/api/StravaAPIClient.java. Using fallback presentation compiler.
2026.05.08 10:42:30 INFO  no build target found for /Users/zachwinslett/Code/strava-cli/src/main/java/com/zwinslett/strava/api/StravaAPIClient.java. Using fallback presentation compiler.
2026.05.08 10:42:31 INFO  no build target found for /Users/zachwinslett/Code/strava-cli/src/main/java/com/zwinslett/strava/api/StravaAPIClient.java. Using fallback presentation compiler.
2026.05.08 10:42:30 INFO  no build target found for /Users/zachwinslett/Code/strava-cli/src/main/java/com/zwinslett/strava/api/StravaAPIClient.java. Using fallback presentation compiler.
2026.05.08 10:42:30 INFO  no build target found for /Users/zachwinslett/Code/strava-cli/src/main/java/com/zwinslett/strava/api/StravaAPIClient.java. Using fallback presentation compiler.
2026.05.08 10:42:31 INFO  no build target found for /Users/zachwinslett/Code/strava-cli/src/main/java/com/zwinslett/strava/api/StravaAPIClient.java. Using fallback presentation compiler.
2026.05.08 10:42:31 INFO  no build target found for /Users/zachwinslett/Code/strava-cli/src/main/java/com/zwinslett/strava/api/StravaAPIClient.java. Using fallback presentation compiler.
2026.05.08 10:42:31 INFO  no build target found for /Users/zachwinslett/Code/strava-cli/src/main/java/com/zwinslett/strava/api/StravaAPIClient.java. Using fallback presentation compiler.
2026.05.08 10:42:31 INFO  no build target found for /Users/zachwinslett/Code/strava-cli/src/main/java/com/zwinslett/strava/api/StravaAPIClient.java. Using fallback presentation compiler.
2026.05.08 10:42:31 INFO  no build target found for /Users/zachwinslett/Code/strava-cli/src/main/java/com/zwinslett/strava/api/StravaAPIClient.java. Using fallback presentation compiler.
2026.05.08 10:42:31 INFO  no build target found for /Users/zachwinslett/Code/strava-cli/src/main/java/com/zwinslett/strava/api/StravaAPIClient.java. Using fallback presentation compiler.
2026.05.08 10:42:31 INFO  no build target found for /Users/zachwinslett/Code/strava-cli/src/main/java/com/zwinslett/strava/api/StravaAPIClient.java. Using fallback presentation compiler.
2026.05.08 10:42:32 INFO  no build target found for /Users/zachwinslett/Code/strava-cli/src/main/java/com/zwinslett/strava/api/StravaAPIClient.java. Using fallback presentation compiler.
2026.05.08 10:42:32 INFO  no build target found for /Users/zachwinslett/Code/strava-cli/src/main/java/com/zwinslett/strava/api/StravaAPIClient.java. Using fallback presentation compiler.
2026.05.08 10:42:32 INFO  no build target found for /Users/zachwinslett/Code/strava-cli/src/main/java/com/zwinslett/strava/api/StravaAPIClient.java. Using fallback presentation compiler.
2026.05.08 10:42:37 INFO  no build target found for /Users/zachwinslett/Code/strava-cli/src/main/java/com/zwinslett/strava/api/StravaAPIClient.java. Using fallback presentation compiler.
2026.05.08 10:42:37 INFO  no build target found for /Users/zachwinslett/Code/strava-cli/src/main/java/com/zwinslett/strava/api/StravaAPIClient.java. Using fallback presentation compiler.
2026.05.08 10:42:37 INFO  no build target found for /Users/zachwinslett/Code/strava-cli/src/main/java/com/zwinslett/strava/api/StravaAPIClient.java. Using fallback presentation compiler.
2026.05.08 10:42:37 INFO  no build target found for /Users/zachwinslett/Code/strava-cli/src/main/java/com/zwinslett/strava/api/StravaAPIClient.java. Using fallback presentation compiler.
2026.05.08 10:42:38 INFO  no build target found for /Users/zachwinslett/Code/strava-cli/src/main/java/com/zwinslett/strava/api/StravaAPIClient.java. Using fallback presentation compiler.
2026.05.08 10:42:38 INFO  no build target found for /Users/zachwinslett/Code/strava-cli/src/main/java/com/zwinslett/strava/api/StravaAPIClient.java. Using fallback presentation compiler.
2026.05.08 10:42:38 INFO  no build target found for /Users/zachwinslett/Code/strava-cli/src/main/java/com/zwinslett/strava/api/StravaAPIClient.java. Using fallback presentation compiler.
2026.05.08 10:42:38 INFO  no build target found for /Users/zachwinslett/Code/strava-cli/src/main/java/com/zwinslett/strava/api/StravaAPIClient.java. Using fallback presentation compiler.
2026.05.08 10:42:38 INFO  no build target found for /Users/zachwinslett/Code/strava-cli/src/main/java/com/zwinslett/strava/api/StravaAPIClient.java. Using fallback presentation compiler.
2026.05.08 10:42:39 INFO  no build target found for /Users/zachwinslett/Code/strava-cli/src/main/java/com/zwinslett/strava/api/StravaAPIClient.java. Using fallback presentation compiler.
2026.05.08 10:42:39 INFO  no build target found for /Users/zachwinslett/Code/strava-cli/src/main/java/com/zwinslett/strava/api/StravaAPIClient.java. Using fallback presentation compiler.
2026.05.08 10:42:39 INFO  no build target found for /Users/zachwinslett/Code/strava-cli/src/main/java/com/zwinslett/strava/api/StravaAPIClient.java. Using fallback presentation compiler.
2026.05.08 10:42:39 INFO  no build target found for /Users/zachwinslett/Code/strava-cli/src/main/java/com/zwinslett/strava/api/StravaAPIClient.java. Using fallback presentation compiler.
2026.05.08 10:42:39 INFO  no build target found for /Users/zachwinslett/Code/strava-cli/src/main/java/com/zwinslett/strava/api/StravaAPIClient.java. Using fallback presentation compiler.
2026.05.08 10:42:40 INFO  no build target found for /Users/zachwinslett/Code/strava-cli/src/main/java/com/zwinslett/strava/api/StravaAPIClient.java. Using fallback presentation compiler.
2026.05.08 10:42:40 INFO  no build target found for /Users/zachwinslett/Code/strava-cli/src/main/java/com/zwinslett/strava/api/StravaAPIClient.java. Using fallback presentation compiler.
2026.05.08 10:42:40 INFO  no build target found for /Users/zachwinslett/Code/strava-cli/src/main/java/com/zwinslett/strava/api/StravaAPIClient.java. Using fallback presentation compiler.
2026.05.08 10:42:40 INFO  no build target found for /Users/zachwinslett/Code/strava-cli/src/main/java/com/zwinslett/strava/api/StravaAPIClient.java. Using fallback presentation compiler.
2026.05.08 10:42:40 INFO  no build target found for /Users/zachwinslett/Code/strava-cli/src/main/java/com/zwinslett/strava/api/StravaAPIClient.java. Using fallback presentation compiler.
2026.05.08 10:42:42 INFO  no build target found for /Users/zachwinslett/Code/strava-cli/src/main/java/com/zwinslett/strava/api/StravaAPIClient.java. Using fallback presentation compiler.
2026.05.08 10:42:42 INFO  no build target found for /Users/zachwinslett/Code/strava-cli/src/main/java/com/zwinslett/strava/api/StravaAPIClient.java. Using fallback presentation compiler.
2026.05.08 10:42:42 INFO  no build target found for /Users/zachwinslett/Code/strava-cli/src/main/java/com/zwinslett/strava/api/StravaAPIClient.java. Using fallback presentation compiler.
2026.05.08 10:42:42 INFO  no build target found for /Users/zachwinslett/Code/strava-cli/src/main/java/com/zwinslett/strava/api/StravaAPIClient.java. Using fallback presentation compiler.
2026.05.08 10:42:42 INFO  no build target found for /Users/zachwinslett/Code/strava-cli/src/main/java/com/zwinslett/strava/api/StravaAPIClient.java. Using fallback presentation compiler.
2026.05.08 10:42:42 INFO  no build target found for /Users/zachwinslett/Code/strava-cli/src/main/java/com/zwinslett/strava/api/StravaAPIClient.java. Using fallback presentation compiler.
2026.05.08 10:42:42 INFO  no build target found for /Users/zachwinslett/Code/strava-cli/src/main/java/com/zwinslett/strava/api/StravaAPIClient.java. Using fallback presentation compiler.
2026.05.08 10:42:42 INFO  no build target found for /Users/zachwinslett/Code/strava-cli/src/main/java/com/zwinslett/strava/api/StravaAPIClient.java. Using fallback presentation compiler.
2026.05.08 10:42:43 INFO  no build target found for /Users/zachwinslett/Code/strava-cli/src/main/java/com/zwinslett/strava/api/StravaAPIClient.java. Using fallback presentation compiler.
2026.05.08 10:42:43 INFO  no build target found for /Users/zachwinslett/Code/strava-cli/src/main/java/com/zwinslett/strava/api/StravaAPIClient.java. Using fallback presentation compiler.
2026.05.08 10:42:43 INFO  no build target found for /Users/zachwinslett/Code/strava-cli/src/main/java/com/zwinslett/strava/api/StravaAPIClient.java. Using fallback presentation compiler.
2026.05.08 10:42:43 INFO  no build target found for /Users/zachwinslett/Code/strava-cli/src/main/java/com/zwinslett/strava/api/StravaAPIClient.java. Using fallback presentation compiler.
2026.05.08 10:42:56 INFO  no build target found for /Users/zachwinslett/Code/strava-cli/src/main/java/com/zwinslett/strava/api/StravaAPIClient.java. Using fallback presentation compiler.
2026.05.08 10:42:56 INFO  no build target found for /Users/zachwinslett/Code/strava-cli/src/main/java/com/zwinslett/strava/api/StravaAPIClient.java. Using fallback presentation compiler.
2026.05.08 10:43:10 INFO  no build target found for /Users/zachwinslett/Code/strava-cli/src/main/java/com/zwinslett/strava/api/StravaAPIClient.java. Using fallback presentation compiler.
2026.05.08 10:43:10 INFO  no build target found for /Users/zachwinslett/Code/strava-cli/src/main/java/com/zwinslett/strava/api/StravaAPIClient.java. Using fallback presentation compiler.
2026.05.08 10:43:18 INFO  no build target found for /Users/zachwinslett/Code/strava-cli/src/main/java/com/zwinslett/strava/api/StravaAPIClient.java. Using fallback presentation compiler.
2026.05.08 10:43:18 INFO  no build target found for /Users/zachwinslett/Code/strava-cli/src/main/java/com/zwinslett/strava/api/StravaAPIClient.java. Using fallback presentation compiler.
2026.05.08 10:43:33 INFO  no build target found for /Users/zachwinslett/Code/strava-cli/src/main/java/com/zwinslett/strava/api/StravaAPIClient.java. Using fallback presentation compiler.
2026.05.08 10:43:35 INFO  no build target found for /Users/zachwinslett/Code/strava-cli/src/main/java/com/zwinslett/strava/api/StravaAPIClient.java. Using fallback presentation compiler.
2026.05.08 10:43:39 INFO  no build target found for /Users/zachwinslett/Code/strava-cli/src/main/java/com/zwinslett/strava/api/StravaAPIClient.java. Using fallback presentation compiler.
2026.05.08 10:43:39 INFO  no build target found for /Users/zachwinslett/Code/strava-cli/src/main/java/com/zwinslett/strava/api/StravaAPIClient.java. Using fallback presentation compiler.
2026.05.08 10:43:40 INFO  no build target found for /Users/zachwinslett/Code/strava-cli/src/main/java/com/zwinslett/strava/api/StravaAPIClient.java. Using fallback presentation compiler.
2026.05.08 10:43:40 INFO  no build target found for /Users/zachwinslett/Code/strava-cli/src/main/java/com/zwinslett/strava/api/StravaAPIClient.java. Using fallback presentation compiler.
2026.05.08 10:43:40 INFO  no build target found for /Users/zachwinslett/Code/strava-cli/src/main/java/com/zwinslett/strava/api/StravaAPIClient.java. Using fallback presentation compiler.
2026.05.08 10:43:41 INFO  no build target found for /Users/zachwinslett/Code/strava-cli/src/main/java/com/zwinslett/strava/api/StravaAPIClient.java. Using fallback presentation compiler.
2026.05.08 10:43:40 INFO  no build target found for /Users/zachwinslett/Code/strava-cli/src/main/java/com/zwinslett/strava/api/StravaAPIClient.java. Using fallback presentation compiler.
2026.05.08 10:43:40 INFO  no build target found for /Users/zachwinslett/Code/strava-cli/src/main/java/com/zwinslett/strava/api/StravaAPIClient.java. Using fallback presentation compiler.
2026.05.08 10:43:40 INFO  no build target found for /Users/zachwinslett/Code/strava-cli/src/main/java/com/zwinslett/strava/api/StravaAPIClient.java. Using fallback presentation compiler.
2026.05.08 10:43:40 INFO  no build target found for /Users/zachwinslett/Code/strava-cli/src/main/java/com/zwinslett/strava/api/StravaAPIClient.java. Using fallback presentation compiler.
2026.05.08 10:43:41 INFO  no build target found for /Users/zachwinslett/Code/strava-cli/src/main/java/com/zwinslett/strava/api/StravaAPIClient.java. Using fallback presentation compiler.
2026.05.08 10:43:40 INFO  no build target found for /Users/zachwinslett/Code/strava-cli/src/main/java/com/zwinslett/strava/api/StravaAPIClient.java. Using fallback presentation compiler.
2026.05.08 10:43:42 INFO  no build target found for /Users/zachwinslett/Code/strava-cli/src/main/java/com/zwinslett/strava/api/StravaAPIClient.java. Using fallback presentation compiler.
2026.05.08 10:43:42 INFO  no build target found for /Users/zachwinslett/Code/strava-cli/src/main/java/com/zwinslett/strava/api/StravaAPIClient.java. Using fallback presentation compiler.
2026.05.08 10:43:42 INFO  no build target found for /Users/zachwinslett/Code/strava-cli/src/main/java/com/zwinslett/strava/api/StravaAPIClient.java. Using fallback presentation compiler.
2026.05.08 10:43:43 INFO  no build target found for /Users/zachwinslett/Code/strava-cli/src/main/java/com/zwinslett/strava/api/StravaAPIClient.java. Using fallback presentation compiler.
2026.05.08 10:43:43 INFO  no build target found for /Users/zachwinslett/Code/strava-cli/src/main/java/com/zwinslett/strava/api/StravaAPIClient.java. Using fallback presentation compiler.
2026.05.08 10:43:43 INFO  no build target found for /Users/zachwinslett/Code/strava-cli/src/main/java/com/zwinslett/strava/api/StravaAPIClient.java. Using fallback presentation compiler.
2026.05.08 10:43:43 INFO  no build target found for /Users/zachwinslett/Code/strava-cli/src/main/java/com/zwinslett/strava/api/StravaAPIClient.java. Using fallback presentation compiler.
2026.05.08 10:43:43 INFO  no build target found for /Users/zachwinslett/Code/strava-cli/src/main/java/com/zwinslett/strava/api/StravaAPIClient.java. Using fallback presentation compiler.
2026.05.08 10:43:43 INFO  no build target found for /Users/zachwinslett/Code/strava-cli/src/main/java/com/zwinslett/strava/api/StravaAPIClient.java. Using fallback presentation compiler.
2026.05.08 10:43:43 INFO  no build target found for /Users/zachwinslett/Code/strava-cli/src/main/java/com/zwinslett/strava/api/StravaAPIClient.java. Using fallback presentation compiler.
May 08, 2026 10:43:44 AM org.eclipse.lsp4j.jsonrpc.RemoteEndpoint handleCancellation
WARNING: Unmatched cancel notification for request id 3430
2026.05.08 10:43:43 INFO  no build target found for /Users/zachwinslett/Code/strava-cli/src/main/java/com/zwinslett/strava/api/StravaAPIClient.java. Using fallback presentation compiler.
2026.05.08 10:43:44 INFO  no build target found for /Users/zachwinslett/Code/strava-cli/src/main/java/com/zwinslett/strava/api/StravaAPIClient.java. Using fallback presentation compiler.
2026.05.08 10:43:44 INFO  no build target found for /Users/zachwinslett/Code/strava-cli/src/main/java/com/zwinslett/strava/api/StravaAPIClient.java. Using fallback presentation compiler.
2026.05.08 10:43:44 INFO  no build target found for /Users/zachwinslett/Code/strava-cli/src/main/java/com/zwinslett/strava/api/StravaAPIClient.java. Using fallback presentation compiler.
2026.05.08 10:43:44 INFO  no build target found for /Users/zachwinslett/Code/strava-cli/src/main/java/com/zwinslett/strava/api/StravaAPIClient.java. Using fallback presentation compiler.
2026.05.08 10:43:44 INFO  no build target found for /Users/zachwinslett/Code/strava-cli/src/main/java/com/zwinslett/strava/api/StravaAPIClient.java. Using fallback presentation compiler.
2026.05.08 10:43:45 INFO  no build target found for /Users/zachwinslett/Code/strava-cli/src/main/java/com/zwinslett/strava/api/StravaAPIClient.java. Using fallback presentation compiler.
2026.05.08 10:43:45 INFO  no build target found for /Users/zachwinslett/Code/strava-cli/src/main/java/com/zwinslett/strava/api/StravaAPIClient.java. Using fallback presentation compiler.
2026.05.08 10:43:45 INFO  no build target found for /Users/zachwinslett/Code/strava-cli/src/main/java/com/zwinslett/strava/api/StravaAPIClient.java. Using fallback presentation compiler.
2026.05.08 10:43:46 INFO  no build target found for /Users/zachwinslett/Code/strava-cli/src/main/java/com/zwinslett/strava/api/StravaAPIClient.java. Using fallback presentation compiler.
2026.05.08 10:43:46 INFO  no build target found for /Users/zachwinslett/Code/strava-cli/src/main/java/com/zwinslett/strava/api/StravaAPIClient.java. Using fallback presentation compiler.
2026.05.08 10:43:58 INFO  no build target found for /Users/zachwinslett/Code/strava-cli/src/main/java/com/zwinslett/strava/api/StravaAPIClient.java. Using fallback presentation compiler.
2026.05.08 10:43:58 INFO  no build target found for /Users/zachwinslett/Code/strava-cli/src/main/java/com/zwinslett/strava/api/StravaAPIClient.java. Using fallback presentation compiler.
2026.05.08 10:43:58 INFO  no build target found for /Users/zachwinslett/Code/strava-cli/src/main/java/com/zwinslett/strava/api/StravaAPIClient.java. Using fallback presentation compiler.
2026.05.08 10:43:58 INFO  no build target found for /Users/zachwinslett/Code/strava-cli/src/main/java/com/zwinslett/strava/api/StravaAPIClient.java. Using fallback presentation compiler.
2026.05.08 10:43:58 INFO  no build target found for /Users/zachwinslett/Code/strava-cli/src/main/java/com/zwinslett/strava/api/StravaAPIClient.java. Using fallback presentation compiler.
2026.05.08 10:43:59 INFO  no build target found for /Users/zachwinslett/Code/strava-cli/src/main/java/com/zwinslett/strava/api/StravaAPIClient.java. Using fallback presentation compiler.
2026.05.08 10:44:01 INFO  no build target found for /Users/zachwinslett/Code/strava-cli/src/main/java/com/zwinslett/strava/api/StravaAPIClient.java. Using fallback presentation compiler.
2026.05.08 10:44:07 INFO  no build target found for /Users/zachwinslett/Code/strava-cli/src/main/java/com/zwinslett/strava/api/StravaAPIClient.java. Using fallback presentation compiler.
2026.05.08 10:44:09 INFO  no build target found for /Users/zachwinslett/Code/strava-cli/src/main/java/com/zwinslett/strava/api/StravaAPIClient.java. Using fallback presentation compiler.
2026.05.08 10:44:09 INFO  no build target found for /Users/zachwinslett/Code/strava-cli/src/main/java/com/zwinslett/strava/api/StravaAPIClient.java. Using fallback presentation compiler.
2026.05.08 10:44:12 INFO  no build target found for /Users/zachwinslett/Code/strava-cli/src/main/java/com/zwinslett/strava/api/StravaAPIClient.java. Using fallback presentation compiler.
2026.05.08 10:44:12 INFO  no build target found for /Users/zachwinslett/Code/strava-cli/src/main/java/com/zwinslett/strava/api/StravaAPIClient.java. Using fallback presentation compiler.
2026.05.08 10:44:21 INFO  no build target found for /Users/zachwinslett/Code/strava-cli/src/main/java/com/zwinslett/strava/api/StravaAPIClient.java. Using fallback presentation compiler.
2026.05.08 10:44:21 INFO  no build target found for /Users/zachwinslett/Code/strava-cli/src/main/java/com/zwinslett/strava/api/StravaAPIClient.java. Using fallback presentation compiler.
2026.05.08 10:44:21 INFO  no build target found for /Users/zachwinslett/Code/strava-cli/src/main/java/com/zwinslett/strava/api/StravaAPIClient.java. Using fallback presentation compiler.
2026.05.08 10:44:21 INFO  no build target found for /Users/zachwinslett/Code/strava-cli/src/main/java/com/zwinslett/strava/api/StravaAPIClient.java. Using fallback presentation compiler.
2026.05.08 10:44:22 INFO  no build target found for /Users/zachwinslett/Code/strava-cli/src/main/java/com/zwinslett/strava/api/StravaAPIClient.java. Using fallback presentation compiler.
2026.05.08 10:44:22 INFO  no build target found for /Users/zachwinslett/Code/strava-cli/src/main/java/com/zwinslett/strava/api/StravaAPIClient.java. Using fallback presentation compiler.
2026.05.08 10:44:22 INFO  no build target found for /Users/zachwinslett/Code/strava-cli/src/main/java/com/zwinslett/strava/api/StravaAPIClient.java. Using fallback presentation compiler.
2026.05.08 10:44:24 INFO  no build target found for /Users/zachwinslett/Code/strava-cli/src/main/java/com/zwinslett/strava/api/StravaAPIClient.java. Using fallback presentation compiler.
2026.05.08 10:44:24 INFO  no build target found for /Users/zachwinslett/Code/strava-cli/src/main/java/com/zwinslett/strava/api/StravaAPIClient.java. Using fallback presentation compiler.
2026.05.08 10:44:24 INFO  no build target found for /Users/zachwinslett/Code/strava-cli/src/main/java/com/zwinslett/strava/api/StravaAPIClient.java. Using fallback presentation compiler.
2026.05.08 10:44:24 INFO  no build target found for /Users/zachwinslett/Code/strava-cli/src/main/java/com/zwinslett/strava/api/StravaAPIClient.java. Using fallback presentation compiler.
2026.05.08 10:44:24 INFO  no build target found for /Users/zachwinslett/Code/strava-cli/src/main/java/com/zwinslett/strava/api/StravaAPIClient.java. Using fallback presentation compiler.
2026.05.08 10:44:24 INFO  no build target found for /Users/zachwinslett/Code/strava-cli/src/main/java/com/zwinslett/strava/api/StravaAPIClient.java. Using fallback presentation compiler.
2026.05.08 10:44:24 INFO  no build target found for /Users/zachwinslett/Code/strava-cli/src/main/java/com/zwinslett/strava/api/StravaAPIClient.java. Using fallback presentation compiler.
2026.05.08 10:44:24 INFO  no build target found for /Users/zachwinslett/Code/strava-cli/src/main/java/com/zwinslett/strava/api/StravaAPIClient.java. Using fallback presentation compiler.
2026.05.08 10:44:24 INFO  no build target found for /Users/zachwinslett/Code/strava-cli/src/main/java/com/zwinslett/strava/api/StravaAPIClient.java. Using fallback presentation compiler.
2026.05.08 10:44:24 INFO  no build target found for /Users/zachwinslett/Code/strava-cli/src/main/java/com/zwinslett/strava/api/StravaAPIClient.java. Using fallback presentation compiler.
2026.05.08 10:44:24 INFO  no build target found for /Users/zachwinslett/Code/strava-cli/src/main/java/com/zwinslett/strava/api/StravaAPIClient.java. Using fallback presentation compiler.
2026.05.08 10:44:24 INFO  no build target found for /Users/zachwinslett/Code/strava-cli/src/main/java/com/zwinslett/strava/api/StravaAPIClient.java. Using fallback presentation compiler.
2026.05.08 10:44:24 INFO  no build target found for /Users/zachwinslett/Code/strava-cli/src/main/java/com/zwinslett/strava/api/StravaAPIClient.java. Using fallback presentation compiler.
2026.05.08 10:44:24 INFO  no build target found for /Users/zachwinslett/Code/strava-cli/src/main/java/com/zwinslett/strava/api/StravaAPIClient.java. Using fallback presentation compiler.
2026.05.08 10:44:25 INFO  no build target found for /Users/zachwinslett/Code/strava-cli/src/main/java/com/zwinslett/strava/api/StravaAPIClient.java. Using fallback presentation compiler.
2026.05.08 10:44:25 INFO  no build target found for /Users/zachwinslett/Code/strava-cli/src/main/java/com/zwinslett/strava/api/StravaAPIClient.java. Using fallback presentation compiler.
2026.05.08 10:44:25 INFO  no build target found for /Users/zachwinslett/Code/strava-cli/src/main/java/com/zwinslett/strava/api/StravaAPIClient.java. Using fallback presentation compiler.
2026.05.08 10:44:25 INFO  no build target found for /Users/zachwinslett/Code/strava-cli/src/main/java/com/zwinslett/strava/api/StravaAPIClient.java. Using fallback presentation compiler.
2026.05.08 10:44:25 INFO  no build target found for /Users/zachwinslett/Code/strava-cli/src/main/java/com/zwinslett/strava/api/StravaAPIClient.java. Using fallback presentation compiler.
2026.05.08 10:44:25 INFO  no build target found for /Users/zachwinslett/Code/strava-cli/src/main/java/com/zwinslett/strava/api/StravaAPIClient.java. Using fallback presentation compiler.
2026.05.08 10:44:25 INFO  no build target found for /Users/zachwinslett/Code/strava-cli/src/main/java/com/zwinslett/strava/api/StravaAPIClient.java. Using fallback presentation compiler.
2026.05.08 10:44:25 INFO  no build target found for /Users/zachwinslett/Code/strava-cli/src/main/java/com/zwinslett/strava/api/StravaAPIClient.java. Using fallback presentation compiler.
2026.05.08 10:44:25 INFO  no build target found for /Users/zachwinslett/Code/strava-cli/src/main/java/com/zwinslett/strava/api/StravaAPIClient.java. Using fallback presentation compiler.
2026.05.08 10:44:25 INFO  no build target found for /Users/zachwinslett/Code/strava-cli/src/main/java/com/zwinslett/strava/api/StravaAPIClient.java. Using fallback presentation compiler.
2026.05.08 10:44:25 INFO  no build target found for /Users/zachwinslett/Code/strava-cli/src/main/java/com/zwinslett/strava/api/StravaAPIClient.java. Using fallback presentation compiler.
2026.05.08 10:44:25 INFO  no build target found for /Users/zachwinslett/Code/strava-cli/src/main/java/com/zwinslett/strava/api/StravaAPIClient.java. Using fallback presentation compiler.
2026.05.08 10:44:25 INFO  no build target found for /Users/zachwinslett/Code/strava-cli/src/main/java/com/zwinslett/strava/api/StravaAPIClient.java. Using fallback presentation compiler.
2026.05.08 10:44:25 INFO  no build target found for /Users/zachwinslett/Code/strava-cli/src/main/java/com/zwinslett/strava/api/StravaAPIClient.java. Using fallback presentation compiler.
2026.05.08 10:44:25 INFO  no build target found for /Users/zachwinslett/Code/strava-cli/src/main/java/com/zwinslett/strava/api/StravaAPIClient.java. Using fallback presentation compiler.
2026.05.08 10:44:25 INFO  no build target found for /Users/zachwinslett/Code/strava-cli/src/main/java/com/zwinslett/strava/api/StravaAPIClient.java. Using fallback presentation compiler.
2026.05.08 10:44:25 INFO  no build target found for /Users/zachwinslett/Code/strava-cli/src/main/java/com/zwinslett/strava/api/StravaAPIClient.java. Using fallback presentation compiler.
2026.05.08 10:44:26 INFO  no build target found for /Users/zachwinslett/Code/strava-cli/src/main/java/com/zwinslett/strava/api/StravaAPIClient.java. Using fallback presentation compiler.
2026.05.08 10:44:26 INFO  no build target found for /Users/zachwinslett/Code/strava-cli/src/main/java/com/zwinslett/strava/api/StravaAPIClient.java. Using fallback presentation compiler.
2026.05.08 10:44:28 INFO  no build target found for /Users/zachwinslett/Code/strava-cli/src/main/java/com/zwinslett/strava/api/StravaAPIClient.java. Using fallback presentation compiler.
2026.05.08 10:44:28 INFO  no build target found for /Users/zachwinslett/Code/strava-cli/src/main/java/com/zwinslett/strava/api/StravaAPIClient.java. Using fallback presentation compiler.
2026.05.08 10:44:28 INFO  no build target found for /Users/zachwinslett/Code/strava-cli/src/main/java/com/zwinslett/strava/api/StravaAPIClient.java. Using fallback presentation compiler.
2026.05.08 10:44:36 INFO  no build target found for /Users/zachwinslett/Code/strava-cli/src/main/java/com/zwinslett/strava/api/StravaAPIClient.java. Using fallback presentation compiler.
2026.05.08 10:44:36 INFO  no build target found for /Users/zachwinslett/Code/strava-cli/src/main/java/com/zwinslett/strava/api/StravaAPIClient.java. Using fallback presentation compiler.
2026.05.08 10:44:36 INFO  no build target found for /Users/zachwinslett/Code/strava-cli/src/main/java/com/zwinslett/strava/api/StravaAPIClient.java. Using fallback presentation compiler.
2026.05.08 10:44:37 INFO  no build target found for /Users/zachwinslett/Code/strava-cli/src/main/java/com/zwinslett/strava/api/StravaAPIClient.java. Using fallback presentation compiler.
2026.05.08 10:44:37 INFO  no build target found for /Users/zachwinslett/Code/strava-cli/src/main/java/com/zwinslett/strava/api/StravaAPIClient.java. Using fallback presentation compiler.
2026.05.08 10:44:39 INFO  no build target found for /Users/zachwinslett/Code/strava-cli/src/main/java/com/zwinslett/strava/api/StravaAPIClient.java. Using fallback presentation compiler.
2026.05.08 10:44:39 INFO  no build target found for /Users/zachwinslett/Code/strava-cli/src/main/java/com/zwinslett/strava/api/StravaAPIClient.java. Using fallback presentation compiler.
2026.05.08 10:44:39 INFO  no build target found for /Users/zachwinslett/Code/strava-cli/src/main/java/com/zwinslett/strava/api/StravaAPIClient.java. Using fallback presentation compiler.
2026.05.08 10:44:40 INFO  no build target found for /Users/zachwinslett/Code/strava-cli/src/main/java/com/zwinslett/strava/api/StravaAPIClient.java. Using fallback presentation compiler.
2026.05.08 10:44:39 INFO  no build target found for /Users/zachwinslett/Code/strava-cli/src/main/java/com/zwinslett/strava/api/StravaAPIClient.java. Using fallback presentation compiler.
2026.05.08 10:44:41 INFO  no build target found for /Users/zachwinslett/Code/strava-cli/src/main/java/com/zwinslett/strava/api/StravaAPIClient.java. Using fallback presentation compiler.
2026.05.08 10:44:43 INFO  no build target found for /Users/zachwinslett/Code/strava-cli/src/main/java/com/zwinslett/strava/api/StravaAPIClient.java. Using fallback presentation compiler.
2026.05.08 10:44:43 INFO  no build target found for /Users/zachwinslett/Code/strava-cli/src/main/java/com/zwinslett/strava/api/StravaAPIClient.java. Using fallback presentation compiler.
2026.05.08 10:44:47 INFO  no build target found for /Users/zachwinslett/Code/strava-cli/src/main/java/com/zwinslett/strava/api/StravaAPIClient.java. Using fallback presentation compiler.
2026.05.08 10:44:47 INFO  no build target found for /Users/zachwinslett/Code/strava-cli/src/main/java/com/zwinslett/strava/api/StravaAPIClient.java. Using fallback presentation compiler.
2026.05.08 10:44:49 INFO  no build target found for /Users/zachwinslett/Code/strava-cli/src/main/java/com/zwinslett/strava/api/StravaAPIClient.java. Using fallback presentation compiler.
2026.05.08 10:44:49 INFO  no build target found for /Users/zachwinslett/Code/strava-cli/src/main/java/com/zwinslett/strava/api/StravaAPIClient.java. Using fallback presentation compiler.
2026.05.08 10:44:49 INFO  no build target found for /Users/zachwinslett/Code/strava-cli/src/main/java/com/zwinslett/strava/api/StravaAPIClient.java. Using fallback presentation compiler.
2026.05.08 10:44:49 INFO  no build target found for /Users/zachwinslett/Code/strava-cli/src/main/java/com/zwinslett/strava/api/StravaAPIClient.java. Using fallback presentation compiler.
2026.05.08 10:44:51 INFO  no build target found for /Users/zachwinslett/Code/strava-cli/src/main/java/com/zwinslett/strava/api/StravaAPIClient.java. Using fallback presentation compiler.
2026.05.08 10:44:51 INFO  no build target found for /Users/zachwinslett/Code/strava-cli/src/main/java/com/zwinslett/strava/api/StravaAPIClient.java. Using fallback presentation compiler.
2026.05.08 10:44:51 INFO  no build target found for /Users/zachwinslett/Code/strava-cli/src/main/java/com/zwinslett/strava/api/StravaAPIClient.java. Using fallback presentation compiler.
2026.05.08 10:45:15 INFO  no build target found for /Users/zachwinslett/Code/strava-cli/src/main/java/com/zwinslett/strava/api/StravaAPIClient.java. Using fallback presentation compiler.
2026.05.08 10:45:17 INFO  no build target found for /Users/zachwinslett/Code/strava-cli/src/main/java/com/zwinslett/strava/api/StravaAPIClient.java. Using fallback presentation compiler.
2026.05.08 10:45:58 INFO  no build target found for /Users/zachwinslett/Code/strava-cli/src/main/java/com/zwinslett/strava/api/StravaAPIClient.java. Using fallback presentation compiler.
2026.05.08 10:45:58 INFO  no build target found for /Users/zachwinslett/Code/strava-cli/src/main/java/com/zwinslett/strava/api/StravaAPIClient.java. Using fallback presentation compiler.
2026.05.08 10:45:58 INFO  no build target found for /Users/zachwinslett/Code/strava-cli/src/main/java/com/zwinslett/strava/api/StravaAPIClient.java. Using fallback presentation compiler.
2026.05.08 10:45:59 INFO  no build target found for /Users/zachwinslett/Code/strava-cli/src/main/java/com/zwinslett/strava/api/StravaAPIClient.java. Using fallback presentation compiler.
2026.05.08 10:46:03 INFO  no build target found for /Users/zachwinslett/Code/strava-cli/src/main/java/com/zwinslett/strava/api/StravaAPIClient.java. Using fallback presentation compiler.
2026.05.08 10:46:03 INFO  no build target found for /Users/zachwinslett/Code/strava-cli/src/main/java/com/zwinslett/strava/api/StravaAPIClient.java. Using fallback presentation compiler.
2026.05.08 10:46:05 INFO  no build target found for /Users/zachwinslett/Code/strava-cli/src/main/java/com/zwinslett/strava/api/StravaAPIClient.java. Using fallback presentation compiler.
2026.05.08 10:46:05 INFO  no build target found for /Users/zachwinslett/Code/strava-cli/src/main/java/com/zwinslett/strava/api/StravaAPIClient.java. Using fallback presentation compiler.
2026.05.08 10:46:05 INFO  no build target found for /Users/zachwinslett/Code/strava-cli/src/main/java/com/zwinslett/strava/api/StravaAPIClient.java. Using fallback presentation compiler.
2026.05.08 10:46:05 INFO  no build target found for /Users/zachwinslett/Code/strava-cli/src/main/java/com/zwinslett/strava/api/StravaAPIClient.java. Using fallback presentation compiler.
2026.05.08 10:46:07 INFO  no build target found for /Users/zachwinslett/Code/strava-cli/src/main/java/com/zwinslett/strava/api/StravaAPIClient.java. Using fallback presentation compiler.
2026.05.08 10:46:07 INFO  no build target found for /Users/zachwinslett/Code/strava-cli/src/main/java/com/zwinslett/strava/api/StravaAPIClient.java. Using fallback presentation compiler.
2026.05.08 10:46:07 INFO  no build target found for /Users/zachwinslett/Code/strava-cli/src/main/java/com/zwinslett/strava/api/StravaAPIClient.java. Using fallback presentation compiler.
2026.05.08 10:46:07 INFO  no build target found for /Users/zachwinslett/Code/strava-cli/src/main/java/com/zwinslett/strava/api/StravaAPIClient.java. Using fallback presentation compiler.
2026.05.08 10:46:07 INFO  no build target found for /Users/zachwinslett/Code/strava-cli/src/main/java/com/zwinslett/strava/api/StravaAPIClient.java. Using fallback presentation compiler.
2026.05.08 10:46:07 INFO  no build target found for /Users/zachwinslett/Code/strava-cli/src/main/java/com/zwinslett/strava/api/StravaAPIClient.java. Using fallback presentation compiler.
2026.05.08 10:46:08 INFO  no build target found for /Users/zachwinslett/Code/strava-cli/src/main/java/com/zwinslett/strava/api/StravaAPIClient.java. Using fallback presentation compiler.
2026.05.08 10:46:08 INFO  no build target found for /Users/zachwinslett/Code/strava-cli/src/main/java/com/zwinslett/strava/api/StravaAPIClient.java. Using fallback presentation compiler.
2026.05.08 10:46:08 INFO  no build target found for /Users/zachwinslett/Code/strava-cli/src/main/java/com/zwinslett/strava/api/StravaAPIClient.java. Using fallback presentation compiler.
2026.05.08 10:46:08 INFO  no build target found for /Users/zachwinslett/Code/strava-cli/src/main/java/com/zwinslett/strava/api/StravaAPIClient.java. Using fallback presentation compiler.
2026.05.08 10:46:08 INFO  no build target found for /Users/zachwinslett/Code/strava-cli/src/main/java/com/zwinslett/strava/api/StravaAPIClient.java. Using fallback presentation compiler.
2026.05.08 10:46:08 INFO  no build target found for /Users/zachwinslett/Code/strava-cli/src/main/java/com/zwinslett/strava/api/StravaAPIClient.java. Using fallback presentation compiler.
2026.05.08 10:46:08 INFO  no build target found for /Users/zachwinslett/Code/strava-cli/src/main/java/com/zwinslett/strava/api/StravaAPIClient.java. Using fallback presentation compiler.
2026.05.08 10:46:08 INFO  no build target found for /Users/zachwinslett/Code/strava-cli/src/main/java/com/zwinslett/strava/api/StravaAPIClient.java. Using fallback presentation compiler.
2026.05.08 10:46:08 INFO  no build target found for /Users/zachwinslett/Code/strava-cli/src/main/java/com/zwinslett/strava/api/StravaAPIClient.java. Using fallback presentation compiler.
2026.05.08 10:46:09 INFO  no build target found for /Users/zachwinslett/Code/strava-cli/src/main/java/com/zwinslett/strava/api/StravaAPIClient.java. Using fallback presentation compiler.
2026.05.08 10:46:09 INFO  no build target found for /Users/zachwinslett/Code/strava-cli/src/main/java/com/zwinslett/strava/api/StravaAPIClient.java. Using fallback presentation compiler.
2026.05.08 10:46:09 INFO  no build target found for /Users/zachwinslett/Code/strava-cli/src/main/java/com/zwinslett/strava/api/StravaAPIClient.java. Using fallback presentation compiler.
2026.05.08 10:46:09 INFO  no build target found for /Users/zachwinslett/Code/strava-cli/src/main/java/com/zwinslett/strava/api/StravaAPIClient.java. Using fallback presentation compiler.
2026.05.08 10:46:09 INFO  no build target found for /Users/zachwinslett/Code/strava-cli/src/main/java/com/zwinslett/strava/api/StravaAPIClient.java. Using fallback presentation compiler.
2026.05.08 10:46:09 INFO  no build target found for /Users/zachwinslett/Code/strava-cli/src/main/java/com/zwinslett/strava/api/StravaAPIClient.java. Using fallback presentation compiler.
2026.05.08 10:46:09 INFO  no build target found for /Users/zachwinslett/Code/strava-cli/src/main/java/com/zwinslett/strava/api/StravaAPIClient.java. Using fallback presentation compiler.
2026.05.08 10:46:10 INFO  no build target found for /Users/zachwinslett/Code/strava-cli/src/main/java/com/zwinslett/strava/api/StravaAPIClient.java. Using fallback presentation compiler.
2026.05.08 10:46:10 INFO  no build target found for /Users/zachwinslett/Code/strava-cli/src/main/java/com/zwinslett/strava/api/StravaAPIClient.java. Using fallback presentation compiler.
2026.05.08 10:46:10 INFO  no build target found for /Users/zachwinslett/Code/strava-cli/src/main/java/com/zwinslett/strava/api/StravaAPIClient.java. Using fallback presentation compiler.
2026.05.08 10:46:10 INFO  no build target found for /Users/zachwinslett/Code/strava-cli/src/main/java/com/zwinslett/strava/api/StravaAPIClient.java. Using fallback presentation compiler.
2026.05.08 10:46:10 INFO  no build target found for /Users/zachwinslett/Code/strava-cli/src/main/java/com/zwinslett/strava/api/StravaAPIClient.java. Using fallback presentation compiler.
2026.05.08 10:46:10 INFO  no build target found for /Users/zachwinslett/Code/strava-cli/src/main/java/com/zwinslett/strava/api/StravaAPIClient.java. Using fallback presentation compiler.
2026.05.08 10:46:10 INFO  no build target found for /Users/zachwinslett/Code/strava-cli/src/main/java/com/zwinslett/strava/api/StravaAPIClient.java. Using fallback presentation compiler.
2026.05.08 10:46:10 INFO  no build target found for /Users/zachwinslett/Code/strava-cli/src/main/java/com/zwinslett/strava/api/StravaAPIClient.java. Using fallback presentation compiler.
2026.05.08 10:46:11 INFO  no build target found for /Users/zachwinslett/Code/strava-cli/src/main/java/com/zwinslett/strava/api/StravaAPIClient.java. Using fallback presentation compiler.
2026.05.08 10:46:11 INFO  no build target found for /Users/zachwinslett/Code/strava-cli/src/main/java/com/zwinslett/strava/api/StravaAPIClient.java. Using fallback presentation compiler.
2026.05.08 10:46:11 INFO  no build target found for /Users/zachwinslett/Code/strava-cli/src/main/java/com/zwinslett/strava/api/StravaAPIClient.java. Using fallback presentation compiler.
2026.05.08 10:46:13 INFO  no build target found for /Users/zachwinslett/Code/strava-cli/src/main/java/com/zwinslett/strava/api/StravaAPIClient.java. Using fallback presentation compiler.
2026.05.08 10:46:13 INFO  no build target found for /Users/zachwinslett/Code/strava-cli/src/main/java/com/zwinslett/strava/api/StravaAPIClient.java. Using fallback presentation compiler.
2026.05.08 10:46:13 INFO  no build target found for /Users/zachwinslett/Code/strava-cli/src/main/java/com/zwinslett/strava/api/StravaAPIClient.java. Using fallback presentation compiler.
2026.05.08 10:46:19 INFO  no build target found for /Users/zachwinslett/Code/strava-cli/src/main/java/com/zwinslett/strava/api/StravaAPIClient.java. Using fallback presentation compiler.
2026.05.08 10:46:19 INFO  no build target found for /Users/zachwinslett/Code/strava-cli/src/main/java/com/zwinslett/strava/api/StravaAPIClient.java. Using fallback presentation compiler.
2026.05.08 10:46:19 INFO  no build target found for /Users/zachwinslett/Code/strava-cli/src/main/java/com/zwinslett/strava/api/StravaAPIClient.java. Using fallback presentation compiler.
2026.05.08 10:46:19 INFO  no build target found for /Users/zachwinslett/Code/strava-cli/src/main/java/com/zwinslett/strava/api/StravaAPIClient.java. Using fallback presentation compiler.
2026.05.08 10:46:24 INFO  no build target found for /Users/zachwinslett/Code/strava-cli/src/main/java/com/zwinslett/strava/api/StravaAPIClient.java. Using fallback presentation compiler.
2026.05.08 10:46:24 INFO  no build target found for /Users/zachwinslett/Code/strava-cli/src/main/java/com/zwinslett/strava/api/StravaAPIClient.java. Using fallback presentation compiler.
2026.05.08 10:46:24 INFO  no build target found for /Users/zachwinslett/Code/strava-cli/src/main/java/com/zwinslett/strava/api/StravaAPIClient.java. Using fallback presentation compiler.
2026.05.08 10:46:25 INFO  no build target found for /Users/zachwinslett/Code/strava-cli/src/main/java/com/zwinslett/strava/api/StravaAPIClient.java. Using fallback presentation compiler.
2026.05.08 10:46:27 INFO  no build target found for /Users/zachwinslett/Code/strava-cli/src/main/java/com/zwinslett/strava/api/StravaAPIClient.java. Using fallback presentation compiler.
2026.05.08 10:46:37 INFO  no build target found for /Users/zachwinslett/Code/strava-cli/src/main/java/com/zwinslett/strava/api/StravaAPIClient.java. Using fallback presentation compiler.
2026.05.08 10:46:44 INFO  no build target found for /Users/zachwinslett/Code/strava-cli/src/main/java/com/zwinslett/strava/api/StravaAPIClient.java. Using fallback presentation compiler.
2026.05.08 10:46:44 INFO  no build target found for /Users/zachwinslett/Code/strava-cli/src/main/java/com/zwinslett/strava/api/StravaAPIClient.java. Using fallback presentation compiler.
2026.05.08 10:46:54 INFO  no build target found for /Users/zachwinslett/Code/strava-cli/src/main/java/com/zwinslett/strava/api/StravaAPIClient.java. Using fallback presentation compiler.
2026.05.08 10:47:13 INFO  no build target found for /Users/zachwinslett/Code/strava-cli/src/main/java/com/zwinslett/strava/api/StravaAPIClient.java. Using fallback presentation compiler.
2026.05.08 10:47:13 INFO  no build target found for /Users/zachwinslett/Code/strava-cli/src/main/java/com/zwinslett/strava/api/StravaAPIClient.java. Using fallback presentation compiler.
2026.05.08 10:47:16 INFO  no build target found for /Users/zachwinslett/Code/strava-cli/src/main/java/com/zwinslett/strava/api/StravaAPIClient.java. Using fallback presentation compiler.
2026.05.08 10:47:25 INFO  no build target found for /Users/zachwinslett/Code/strava-cli/src/main/java/com/zwinslett/strava/api/StravaAPIClient.java. Using fallback presentation compiler.
2026.05.08 10:47:33 INFO  no build target found for /Users/zachwinslett/Code/strava-cli/src/main/java/com/zwinslett/strava/api/StravaAPIClient.java. Using fallback presentation compiler.
2026.05.08 10:47:33 INFO  no build target found for /Users/zachwinslett/Code/strava-cli/src/main/java/com/zwinslett/strava/api/StravaAPIClient.java. Using fallback presentation compiler.
2026.05.08 10:47:34 INFO  no build target found for /Users/zachwinslett/Code/strava-cli/src/main/java/com/zwinslett/strava/api/StravaAPIClient.java. Using fallback presentation compiler.
2026.05.08 10:47:34 INFO  no build target found for /Users/zachwinslett/Code/strava-cli/src/main/java/com/zwinslett/strava/api/StravaAPIClient.java. Using fallback presentation compiler.
2026.05.08 10:47:34 INFO  no build target found for /Users/zachwinslett/Code/strava-cli/src/main/java/com/zwinslett/strava/api/StravaAPIClient.java. Using fallback presentation compiler.
2026.05.08 10:47:34 INFO  no build target found for /Users/zachwinslett/Code/strava-cli/src/main/java/com/zwinslett/strava/api/StravaAPIClient.java. Using fallback presentation compiler.
2026.05.08 10:47:34 INFO  no build target found for /Users/zachwinslett/Code/strava-cli/src/main/java/com/zwinslett/strava/api/StravaAPIClient.java. Using fallback presentation compiler.
2026.05.08 10:47:35 INFO  no build target found for /Users/zachwinslett/Code/strava-cli/src/main/java/com/zwinslett/strava/api/StravaAPIClient.java. Using fallback presentation compiler.
2026.05.08 10:47:37 INFO  no build target found for /Users/zachwinslett/Code/strava-cli/src/main/java/com/zwinslett/strava/api/StravaAPIClient.java. Using fallback presentation compiler.
2026.05.08 10:47:46 INFO  no build target found for /Users/zachwinslett/Code/strava-cli/src/main/java/com/zwinslett/strava/api/StravaAPIClient.java. Using fallback presentation compiler.
2026.05.08 10:47:46 INFO  no build target found for /Users/zachwinslett/Code/strava-cli/src/main/java/com/zwinslett/strava/api/StravaAPIClient.java. Using fallback presentation compiler.
2026.05.08 10:47:46 INFO  no build target found for /Users/zachwinslett/Code/strava-cli/src/main/java/com/zwinslett/strava/api/StravaAPIClient.java. Using fallback presentation compiler.
2026.05.08 10:47:46 INFO  no build target found for /Users/zachwinslett/Code/strava-cli/src/main/java/com/zwinslett/strava/api/StravaAPIClient.java. Using fallback presentation compiler.
2026.05.08 10:47:47 INFO  no build target found for /Users/zachwinslett/Code/strava-cli/src/main/java/com/zwinslett/strava/api/StravaAPIClient.java. Using fallback presentation compiler.
2026.05.08 10:47:46 INFO  no build target found for /Users/zachwinslett/Code/strava-cli/src/main/java/com/zwinslett/strava/api/StravaAPIClient.java. Using fallback presentation compiler.
2026.05.08 10:47:47 INFO  no build target found for /Users/zachwinslett/Code/strava-cli/src/main/java/com/zwinslett/strava/api/StravaAPIClient.java. Using fallback presentation compiler.
2026.05.08 10:47:47 INFO  no build target found for /Users/zachwinslett/Code/strava-cli/src/main/java/com/zwinslett/strava/api/StravaAPIClient.java. Using fallback presentation compiler.
2026.05.08 10:47:47 INFO  no build target found for /Users/zachwinslett/Code/strava-cli/src/main/java/com/zwinslett/strava/api/StravaAPIClient.java. Using fallback presentation compiler.
2026.05.08 10:47:48 INFO  no build target found for /Users/zachwinslett/Code/strava-cli/src/main/java/com/zwinslett/strava/api/StravaAPIClient.java. Using fallback presentation compiler.
2026.05.08 10:47:48 WARN  no build target for: /Users/zachwinslett/Code/strava-cli/src/main/java/com/zwinslett/strava/api/StravaAPIClient.java
2026.05.08 10:47:48 INFO  no build target found for /Users/zachwinslett/Code/strava-cli/src/main/java/com/zwinslett/strava/api/StravaAPIClient.java. Using fallback presentation compiler.
2026.05.08 10:47:50 INFO  no build target found for /Users/zachwinslett/Code/strava-cli/src/main/java/com/zwinslett/strava/api/StravaAPIClient.java. Using fallback presentation compiler.
2026.05.08 10:47:53 INFO  no build target found for /Users/zachwinslett/Code/strava-cli/src/main/java/com/zwinslett/strava/cli/RecentCommand.java. Using fallback presentation compiler.
2026.05.08 10:47:53 INFO  no build target found for /Users/zachwinslett/Code/strava-cli/src/main/java/com/zwinslett/strava/cli/RecentCommand.java. Using fallback presentation compiler.
May 08, 2026 10:47:53 AM org.eclipse.lsp4j.jsonrpc.RemoteEndpoint handleCancellation
WARNING: Unmatched cancel notification for request id 3775
2026.05.08 10:47:53 INFO  no build target found for /Users/zachwinslett/Code/strava-cli/src/main/java/com/zwinslett/strava/cli/RecentCommand.java. Using fallback presentation compiler.
2026.05.08 10:47:56 INFO  no build target found for /Users/zachwinslett/Code/strava-cli/src/main/java/com/zwinslett/strava/cli/RecentCommand.java. Using fallback presentation compiler.
2026.05.08 10:47:56 INFO  no build target found for /Users/zachwinslett/Code/strava-cli/src/main/java/com/zwinslett/strava/cli/ActivityByIdCommand.java. Using fallback presentation compiler.
2026.05.08 10:47:56 INFO  no build target found for /Users/zachwinslett/Code/strava-cli/src/main/java/com/zwinslett/strava/cli/ActivityByIdCommand.java. Using fallback presentation compiler.
2026.05.08 10:47:56 INFO  no build target found for /Users/zachwinslett/Code/strava-cli/src/main/java/com/zwinslett/strava/cli/ActivityByIdCommand.java. Using fallback presentation compiler.
2026.05.08 10:47:58 INFO  no build target found for /Users/zachwinslett/Code/strava-cli/src/main/java/com/zwinslett/strava/cli/ActivityByIdCommand.java. Using fallback presentation compiler.
2026.05.08 10:47:59 INFO  no build target found for /Users/zachwinslett/Code/strava-cli/src/main/java/com/zwinslett/strava/api/StravaAPIClient.java. Using fallback presentation compiler.
2026.05.08 10:47:59 WARN  no build target for: /Users/zachwinslett/Code/strava-cli/src/main/java/com/zwinslett/strava/api/StravaAPIClient.java
2026.05.08 10:47:59 INFO  no build target found for /Users/zachwinslett/Code/strava-cli/src/main/java/com/zwinslett/strava/api/StravaAPIClient.java. Using fallback presentation compiler.
2026.05.08 10:47:59 INFO  no build target found for /Users/zachwinslett/Code/strava-cli/src/main/java/com/zwinslett/strava/api/StravaAPIClient.java. Using fallback presentation compiler.
2026.05.08 10:47:59 INFO  no build target found for /Users/zachwinslett/Code/strava-cli/src/main/java/com/zwinslett/strava/api/StravaAPIClient.java. Using fallback presentation compiler.
2026.05.08 10:47:59 INFO  no build target found for /Users/zachwinslett/Code/strava-cli/src/main/java/com/zwinslett/strava/cli/ActivityByIdCommand.java. Using fallback presentation compiler.
2026.05.08 10:48:00 WARN  no build target for: /Users/zachwinslett/Code/strava-cli/src/main/java/com/zwinslett/strava/cli/ActivityByIdCommand.java
2026.05.08 10:48:00 INFO  no build target found for /Users/zachwinslett/Code/strava-cli/src/main/java/com/zwinslett/strava/cli/ActivityByIdCommand.java. Using fallback presentation compiler.
2026.05.08 10:48:00 INFO  no build target found for /Users/zachwinslett/Code/strava-cli/src/main/java/com/zwinslett/strava/cli/ActivityByIdCommand.java. Using fallback presentation compiler.
2026.05.08 10:48:09 INFO  no build target found for /Users/zachwinslett/Code/strava-cli/src/main/java/com/zwinslett/strava/api/StravaAPIClient.java. Using fallback presentation compiler.
2026.05.08 10:48:09 WARN  no build target for: /Users/zachwinslett/Code/strava-cli/src/main/java/com/zwinslett/strava/api/StravaAPIClient.java
2026.05.08 10:48:09 INFO  no build target found for /Users/zachwinslett/Code/strava-cli/src/main/java/com/zwinslett/strava/api/StravaAPIClient.java. Using fallback presentation compiler.
2026.05.08 10:48:09 INFO  no build target found for /Users/zachwinslett/Code/strava-cli/src/main/java/com/zwinslett/strava/api/StravaAPIClient.java. Using fallback presentation compiler.
2026.05.08 10:48:09 INFO  no build target found for /Users/zachwinslett/Code/strava-cli/src/main/java/com/zwinslett/strava/api/StravaAPIClient.java. Using fallback presentation compiler.
2026.05.08 10:48:20 INFO  no build target found for /Users/zachwinslett/Code/strava-cli/src/main/java/com/zwinslett/strava/api/StravaAPIClient.java. Using fallback presentation compiler.
2026.05.08 10:48:20 INFO  no build target found for /Users/zachwinslett/Code/strava-cli/src/main/java/com/zwinslett/strava/api/StravaAPIClient.java. Using fallback presentation compiler.
2026.05.08 10:48:22 INFO  no build target found for /Users/zachwinslett/Code/strava-cli/src/main/java/com/zwinslett/strava/api/StravaAPIClient.java. Using fallback presentation compiler.
2026.05.08 10:48:28 INFO  no build target found for /Users/zachwinslett/Code/strava-cli/src/main/java/com/zwinslett/strava/api/StravaAPIClient.java. Using fallback presentation compiler.
2026.05.08 10:48:28 INFO  no build target found for /Users/zachwinslett/Code/strava-cli/src/main/java/com/zwinslett/strava/api/StravaAPIClient.java. Using fallback presentation compiler.
2026.05.08 10:48:28 INFO  no build target found for /Users/zachwinslett/Code/strava-cli/src/main/java/com/zwinslett/strava/api/StravaAPIClient.java. Using fallback presentation compiler.
2026.05.08 10:48:28 INFO  no build target found for /Users/zachwinslett/Code/strava-cli/src/main/java/com/zwinslett/strava/api/StravaAPIClient.java. Using fallback presentation compiler.
2026.05.08 10:48:29 INFO  no build target found for /Users/zachwinslett/Code/strava-cli/src/main/java/com/zwinslett/strava/api/StravaAPIClient.java. Using fallback presentation compiler.
2026.05.08 10:48:29 INFO  no build target found for /Users/zachwinslett/Code/strava-cli/src/main/java/com/zwinslett/strava/api/StravaAPIClient.java. Using fallback presentation compiler.
2026.05.08 10:48:30 INFO  no build target found for /Users/zachwinslett/Code/strava-cli/src/main/java/com/zwinslett/strava/api/StravaAPIClient.java. Using fallback presentation compiler.
2026.05.08 10:48:31 INFO  no build target found for /Users/zachwinslett/Code/strava-cli/src/main/java/com/zwinslett/strava/api/StravaAPIClient.java. Using fallback presentation compiler.
2026.05.08 10:48:31 INFO  no build target found for /Users/zachwinslett/Code/strava-cli/src/main/java/com/zwinslett/strava/api/StravaAPIClient.java. Using fallback presentation compiler.
2026.05.08 10:48:31 INFO  no build target found for /Users/zachwinslett/Code/strava-cli/src/main/java/com/zwinslett/strava/api/StravaAPIClient.java. Using fallback presentation compiler.
2026.05.08 10:48:31 INFO  no build target found for /Users/zachwinslett/Code/strava-cli/src/main/java/com/zwinslett/strava/api/StravaAPIClient.java. Using fallback presentation compiler.
2026.05.08 10:48:31 INFO  no build target found for /Users/zachwinslett/Code/strava-cli/src/main/java/com/zwinslett/strava/api/StravaAPIClient.java. Using fallback presentation compiler.
2026.05.08 10:48:31 INFO  no build target found for /Users/zachwinslett/Code/strava-cli/src/main/java/com/zwinslett/strava/api/StravaAPIClient.java. Using fallback presentation compiler.
2026.05.08 10:48:32 INFO  no build target found for /Users/zachwinslett/Code/strava-cli/src/main/java/com/zwinslett/strava/api/StravaAPIClient.java. Using fallback presentation compiler.
2026.05.08 10:48:32 INFO  no build target found for /Users/zachwinslett/Code/strava-cli/src/main/java/com/zwinslett/strava/api/StravaAPIClient.java. Using fallback presentation compiler.
2026.05.08 10:48:33 INFO  no build target found for /Users/zachwinslett/Code/strava-cli/src/main/java/com/zwinslett/strava/api/StravaAPIClient.java. Using fallback presentation compiler.
2026.05.08 10:48:32 INFO  no build target found for /Users/zachwinslett/Code/strava-cli/src/main/java/com/zwinslett/strava/api/StravaAPIClient.java. Using fallback presentation compiler.
2026.05.08 10:48:32 INFO  no build target found for /Users/zachwinslett/Code/strava-cli/src/main/java/com/zwinslett/strava/api/StravaAPIClient.java. Using fallback presentation compiler.
2026.05.08 10:48:32 INFO  no build target found for /Users/zachwinslett/Code/strava-cli/src/main/java/com/zwinslett/strava/api/StravaAPIClient.java. Using fallback presentation compiler.
2026.05.08 10:48:33 INFO  no build target found for /Users/zachwinslett/Code/strava-cli/src/main/java/com/zwinslett/strava/api/StravaAPIClient.java. Using fallback presentation compiler.
2026.05.08 10:48:34 INFO  no build target found for /Users/zachwinslett/Code/strava-cli/src/main/java/com/zwinslett/strava/api/StravaAPIClient.java. Using fallback presentation compiler.
2026.05.08 10:48:42 INFO  no build target found for /Users/zachwinslett/Code/strava-cli/src/main/java/com/zwinslett/strava/api/StravaAPIClient.java. Using fallback presentation compiler.
2026.05.08 10:48:42 INFO  no build target found for /Users/zachwinslett/Code/strava-cli/src/main/java/com/zwinslett/strava/api/StravaAPIClient.java. Using fallback presentation compiler.
2026.05.08 10:48:43 INFO  no build target found for /Users/zachwinslett/Code/strava-cli/src/main/java/com/zwinslett/strava/api/StravaAPIClient.java. Using fallback presentation compiler.
2026.05.08 10:48:43 INFO  no build target found for /Users/zachwinslett/Code/strava-cli/src/main/java/com/zwinslett/strava/api/StravaAPIClient.java. Using fallback presentation compiler.
2026.05.08 10:48:43 INFO  no build target found for /Users/zachwinslett/Code/strava-cli/src/main/java/com/zwinslett/strava/api/StravaAPIClient.java. Using fallback presentation compiler.
2026.05.08 10:48:46 INFO  no build target found for /Users/zachwinslett/Code/strava-cli/src/main/java/com/zwinslett/strava/api/StravaAPIClient.java. Using fallback presentation compiler.
2026.05.08 10:48:46 INFO  no build target found for /Users/zachwinslett/Code/strava-cli/src/main/java/com/zwinslett/strava/api/StravaAPIClient.java. Using fallback presentation compiler.
2026.05.08 10:48:47 INFO  no build target found for /Users/zachwinslett/Code/strava-cli/src/main/java/com/zwinslett/strava/api/StravaAPIClient.java. Using fallback presentation compiler.
2026.05.08 10:48:47 INFO  no build target found for /Users/zachwinslett/Code/strava-cli/src/main/java/com/zwinslett/strava/api/StravaAPIClient.java. Using fallback presentation compiler.
2026.05.08 10:48:47 INFO  no build target found for /Users/zachwinslett/Code/strava-cli/src/main/java/com/zwinslett/strava/api/StravaAPIClient.java. Using fallback presentation compiler.
2026.05.08 10:48:47 INFO  no build target found for /Users/zachwinslett/Code/strava-cli/src/main/java/com/zwinslett/strava/api/StravaAPIClient.java. Using fallback presentation compiler.
2026.05.08 10:48:49 INFO  no build target found for /Users/zachwinslett/Code/strava-cli/src/main/java/com/zwinslett/strava/api/StravaAPIClient.java. Using fallback presentation compiler.
2026.05.08 10:48:49 INFO  no build target found for /Users/zachwinslett/Code/strava-cli/src/main/java/com/zwinslett/strava/api/StravaAPIClient.java. Using fallback presentation compiler.
2026.05.08 10:48:49 INFO  no build target found for /Users/zachwinslett/Code/strava-cli/src/main/java/com/zwinslett/strava/api/StravaAPIClient.java. Using fallback presentation compiler.
2026.05.08 10:48:49 INFO  no build target found for /Users/zachwinslett/Code/strava-cli/src/main/java/com/zwinslett/strava/api/StravaAPIClient.java. Using fallback presentation compiler.
2026.05.08 10:48:50 INFO  no build target found for /Users/zachwinslett/Code/strava-cli/src/main/java/com/zwinslett/strava/api/StravaAPIClient.java. Using fallback presentation compiler.
2026.05.08 10:48:50 INFO  no build target found for /Users/zachwinslett/Code/strava-cli/src/main/java/com/zwinslett/strava/api/StravaAPIClient.java. Using fallback presentation compiler.
2026.05.08 10:48:50 INFO  no build target found for /Users/zachwinslett/Code/strava-cli/src/main/java/com/zwinslett/strava/api/StravaAPIClient.java. Using fallback presentation compiler.
2026.05.08 10:48:50 INFO  no build target found for /Users/zachwinslett/Code/strava-cli/src/main/java/com/zwinslett/strava/api/StravaAPIClient.java. Using fallback presentation compiler.
2026.05.08 10:48:52 INFO  no build target found for /Users/zachwinslett/Code/strava-cli/src/main/java/com/zwinslett/strava/api/StravaAPIClient.java. Using fallback presentation compiler.
2026.05.08 10:48:54 INFO  no build target found for /Users/zachwinslett/Code/strava-cli/src/main/java/com/zwinslett/strava/api/StravaAPIClient.java. Using fallback presentation compiler.
2026.05.08 10:48:54 INFO  no build target found for /Users/zachwinslett/Code/strava-cli/src/main/java/com/zwinslett/strava/api/StravaAPIClient.java. Using fallback presentation compiler.
2026.05.08 10:48:54 INFO  no build target found for /Users/zachwinslett/Code/strava-cli/src/main/java/com/zwinslett/strava/api/StravaAPIClient.java. Using fallback presentation compiler.
2026.05.08 10:48:54 INFO  no build target found for /Users/zachwinslett/Code/strava-cli/src/main/java/com/zwinslett/strava/api/StravaAPIClient.java. Using fallback presentation compiler.
2026.05.08 10:48:54 INFO  no build target found for /Users/zachwinslett/Code/strava-cli/src/main/java/com/zwinslett/strava/api/StravaAPIClient.java. Using fallback presentation compiler.
2026.05.08 10:48:54 INFO  no build target found for /Users/zachwinslett/Code/strava-cli/src/main/java/com/zwinslett/strava/api/StravaAPIClient.java. Using fallback presentation compiler.
2026.05.08 10:48:54 INFO  no build target found for /Users/zachwinslett/Code/strava-cli/src/main/java/com/zwinslett/strava/api/StravaAPIClient.java. Using fallback presentation compiler.
2026.05.08 10:48:54 INFO  no build target found for /Users/zachwinslett/Code/strava-cli/src/main/java/com/zwinslett/strava/api/StravaAPIClient.java. Using fallback presentation compiler.
2026.05.08 10:48:55 INFO  no build target found for /Users/zachwinslett/Code/strava-cli/src/main/java/com/zwinslett/strava/api/StravaAPIClient.java. Using fallback presentation compiler.
2026.05.08 10:48:54 INFO  no build target found for /Users/zachwinslett/Code/strava-cli/src/main/java/com/zwinslett/strava/api/StravaAPIClient.java. Using fallback presentation compiler.
2026.05.08 10:48:54 INFO  no build target found for /Users/zachwinslett/Code/strava-cli/src/main/java/com/zwinslett/strava/api/StravaAPIClient.java. Using fallback presentation compiler.
2026.05.08 10:48:54 INFO  no build target found for /Users/zachwinslett/Code/strava-cli/src/main/java/com/zwinslett/strava/api/StravaAPIClient.java. Using fallback presentation compiler.
2026.05.08 10:48:56 INFO  no build target found for /Users/zachwinslett/Code/strava-cli/src/main/java/com/zwinslett/strava/api/StravaAPIClient.java. Using fallback presentation compiler.
2026.05.08 10:48:56 INFO  no build target found for /Users/zachwinslett/Code/strava-cli/src/main/java/com/zwinslett/strava/api/StravaAPIClient.java. Using fallback presentation compiler.
2026.05.08 10:48:56 INFO  no build target found for /Users/zachwinslett/Code/strava-cli/src/main/java/com/zwinslett/strava/api/StravaAPIClient.java. Using fallback presentation compiler.
2026.05.08 10:48:56 INFO  no build target found for /Users/zachwinslett/Code/strava-cli/src/main/java/com/zwinslett/strava/api/StravaAPIClient.java. Using fallback presentation compiler.
2026.05.08 10:48:56 INFO  no build target found for /Users/zachwinslett/Code/strava-cli/src/main/java/com/zwinslett/strava/api/StravaAPIClient.java. Using fallback presentation compiler.
2026.05.08 10:48:56 INFO  no build target found for /Users/zachwinslett/Code/strava-cli/src/main/java/com/zwinslett/strava/api/StravaAPIClient.java. Using fallback presentation compiler.
2026.05.08 10:48:56 INFO  no build target found for /Users/zachwinslett/Code/strava-cli/src/main/java/com/zwinslett/strava/api/StravaAPIClient.java. Using fallback presentation compiler.
2026.05.08 10:48:56 INFO  no build target found for /Users/zachwinslett/Code/strava-cli/src/main/java/com/zwinslett/strava/api/StravaAPIClient.java. Using fallback presentation compiler.
2026.05.08 10:48:56 INFO  no build target found for /Users/zachwinslett/Code/strava-cli/src/main/java/com/zwinslett/strava/api/StravaAPIClient.java. Using fallback presentation compiler.
2026.05.08 10:48:56 INFO  no build target found for /Users/zachwinslett/Code/strava-cli/src/main/java/com/zwinslett/strava/api/StravaAPIClient.java. Using fallback presentation compiler.
2026.05.08 10:48:56 INFO  no build target found for /Users/zachwinslett/Code/strava-cli/src/main/java/com/zwinslett/strava/api/StravaAPIClient.java. Using fallback presentation compiler.
2026.05.08 10:48:56 INFO  no build target found for /Users/zachwinslett/Code/strava-cli/src/main/java/com/zwinslett/strava/api/StravaAPIClient.java. Using fallback presentation compiler.
2026.05.08 10:48:57 INFO  no build target found for /Users/zachwinslett/Code/strava-cli/src/main/java/com/zwinslett/strava/api/StravaAPIClient.java. Using fallback presentation compiler.
2026.05.08 10:48:57 INFO  no build target found for /Users/zachwinslett/Code/strava-cli/src/main/java/com/zwinslett/strava/api/StravaAPIClient.java. Using fallback presentation compiler.
2026.05.08 10:48:57 INFO  no build target found for /Users/zachwinslett/Code/strava-cli/src/main/java/com/zwinslett/strava/api/StravaAPIClient.java. Using fallback presentation compiler.
2026.05.08 10:49:09 INFO  no build target found for /Users/zachwinslett/Code/strava-cli/src/main/java/com/zwinslett/strava/api/StravaAPIClient.java. Using fallback presentation compiler.
2026.05.08 10:49:09 INFO  no build target found for /Users/zachwinslett/Code/strava-cli/src/main/java/com/zwinslett/strava/api/StravaAPIClient.java. Using fallback presentation compiler.
2026.05.08 10:49:09 INFO  no build target found for /Users/zachwinslett/Code/strava-cli/src/main/java/com/zwinslett/strava/api/StravaAPIClient.java. Using fallback presentation compiler.
2026.05.08 10:49:10 INFO  no build target found for /Users/zachwinslett/Code/strava-cli/src/main/java/com/zwinslett/strava/api/StravaAPIClient.java. Using fallback presentation compiler.
2026.05.08 10:49:09 INFO  no build target found for /Users/zachwinslett/Code/strava-cli/src/main/java/com/zwinslett/strava/api/StravaAPIClient.java. Using fallback presentation compiler.
2026.05.08 10:49:09 INFO  no build target found for /Users/zachwinslett/Code/strava-cli/src/main/java/com/zwinslett/strava/api/StravaAPIClient.java. Using fallback presentation compiler.
2026.05.08 10:49:10 INFO  no build target found for /Users/zachwinslett/Code/strava-cli/src/main/java/com/zwinslett/strava/api/StravaAPIClient.java. Using fallback presentation compiler.
2026.05.08 10:49:11 INFO  no build target found for /Users/zachwinslett/Code/strava-cli/src/main/java/com/zwinslett/strava/api/StravaAPIClient.java. Using fallback presentation compiler.
2026.05.08 10:49:12 INFO  no build target found for /Users/zachwinslett/Code/strava-cli/src/main/java/com/zwinslett/strava/api/StravaAPIClient.java. Using fallback presentation compiler.
2026.05.08 10:49:12 INFO  no build target found for /Users/zachwinslett/Code/strava-cli/src/main/java/com/zwinslett/strava/api/StravaAPIClient.java. Using fallback presentation compiler.
2026.05.08 10:49:12 INFO  no build target found for /Users/zachwinslett/Code/strava-cli/src/main/java/com/zwinslett/strava/api/StravaAPIClient.java. Using fallback presentation compiler.
2026.05.08 10:49:12 INFO  no build target found for /Users/zachwinslett/Code/strava-cli/src/main/java/com/zwinslett/strava/api/StravaAPIClient.java. Using fallback presentation compiler.
2026.05.08 10:49:12 INFO  no build target found for /Users/zachwinslett/Code/strava-cli/src/main/java/com/zwinslett/strava/api/StravaAPIClient.java. Using fallback presentation compiler.
2026.05.08 10:49:12 INFO  no build target found for /Users/zachwinslett/Code/strava-cli/src/main/java/com/zwinslett/strava/api/StravaAPIClient.java. Using fallback presentation compiler.
2026.05.08 10:49:12 INFO  no build target found for /Users/zachwinslett/Code/strava-cli/src/main/java/com/zwinslett/strava/api/StravaAPIClient.java. Using fallback presentation compiler.
2026.05.08 10:49:13 INFO  no build target found for /Users/zachwinslett/Code/strava-cli/src/main/java/com/zwinslett/strava/api/StravaAPIClient.java. Using fallback presentation compiler.
2026.05.08 10:49:13 INFO  no build target found for /Users/zachwinslett/Code/strava-cli/src/main/java/com/zwinslett/strava/api/StravaAPIClient.java. Using fallback presentation compiler.
2026.05.08 10:49:13 INFO  no build target found for /Users/zachwinslett/Code/strava-cli/src/main/java/com/zwinslett/strava/api/StravaAPIClient.java. Using fallback presentation compiler.
2026.05.08 10:49:14 INFO  no build target found for /Users/zachwinslett/Code/strava-cli/src/main/java/com/zwinslett/strava/api/StravaAPIClient.java. Using fallback presentation compiler.
2026.05.08 10:49:14 INFO  no build target found for /Users/zachwinslett/Code/strava-cli/src/main/java/com/zwinslett/strava/api/StravaAPIClient.java. Using fallback presentation compiler.
2026.05.08 10:49:15 INFO  no build target found for /Users/zachwinslett/Code/strava-cli/src/main/java/com/zwinslett/strava/api/StravaAPIClient.java. Using fallback presentation compiler.
2026.05.08 10:49:14 INFO  no build target found for /Users/zachwinslett/Code/strava-cli/src/main/java/com/zwinslett/strava/api/StravaAPIClient.java. Using fallback presentation compiler.
2026.05.08 10:49:14 INFO  no build target found for /Users/zachwinslett/Code/strava-cli/src/main/java/com/zwinslett/strava/api/StravaAPIClient.java. Using fallback presentation compiler.
2026.05.08 10:49:14 INFO  no build target found for /Users/zachwinslett/Code/strava-cli/src/main/java/com/zwinslett/strava/api/StravaAPIClient.java. Using fallback presentation compiler.
2026.05.08 10:49:16 INFO  no build target found for /Users/zachwinslett/Code/strava-cli/src/main/java/com/zwinslett/strava/api/StravaAPIClient.java. Using fallback presentation compiler.
2026.05.08 10:49:16 INFO  no build target found for /Users/zachwinslett/Code/strava-cli/src/main/java/com/zwinslett/strava/api/StravaAPIClient.java. Using fallback presentation compiler.
2026.05.08 10:49:16 INFO  no build target found for /Users/zachwinslett/Code/strava-cli/src/main/java/com/zwinslett/strava/api/StravaAPIClient.java. Using fallback presentation compiler.
2026.05.08 10:49:16 INFO  no build target found for /Users/zachwinslett/Code/strava-cli/src/main/java/com/zwinslett/strava/api/StravaAPIClient.java. Using fallback presentation compiler.
2026.05.08 10:49:16 INFO  no build target found for /Users/zachwinslett/Code/strava-cli/src/main/java/com/zwinslett/strava/api/StravaAPIClient.java. Using fallback presentation compiler.
2026.05.08 10:49:16 INFO  no build target found for /Users/zachwinslett/Code/strava-cli/src/main/java/com/zwinslett/strava/api/StravaAPIClient.java. Using fallback presentation compiler.
2026.05.08 10:49:16 INFO  no build target found for /Users/zachwinslett/Code/strava-cli/src/main/java/com/zwinslett/strava/api/StravaAPIClient.java. Using fallback presentation compiler.
2026.05.08 10:49:16 INFO  no build target found for /Users/zachwinslett/Code/strava-cli/src/main/java/com/zwinslett/strava/api/StravaAPIClient.java. Using fallback presentation compiler.
2026.05.08 10:49:16 INFO  no build target found for /Users/zachwinslett/Code/strava-cli/src/main/java/com/zwinslett/strava/api/StravaAPIClient.java. Using fallback presentation compiler.
2026.05.08 10:49:16 INFO  no build target found for /Users/zachwinslett/Code/strava-cli/src/main/java/com/zwinslett/strava/api/StravaAPIClient.java. Using fallback presentation compiler.
2026.05.08 10:49:16 INFO  no build target found for /Users/zachwinslett/Code/strava-cli/src/main/java/com/zwinslett/strava/api/StravaAPIClient.java. Using fallback presentation compiler.
2026.05.08 10:49:17 INFO  no build target found for /Users/zachwinslett/Code/strava-cli/src/main/java/com/zwinslett/strava/api/StravaAPIClient.java. Using fallback presentation compiler.
2026.05.08 10:49:17 INFO  no build target found for /Users/zachwinslett/Code/strava-cli/src/main/java/com/zwinslett/strava/api/StravaAPIClient.java. Using fallback presentation compiler.
2026.05.08 10:49:17 INFO  no build target found for /Users/zachwinslett/Code/strava-cli/src/main/java/com/zwinslett/strava/api/StravaAPIClient.java. Using fallback presentation compiler.
2026.05.08 10:49:17 INFO  no build target found for /Users/zachwinslett/Code/strava-cli/src/main/java/com/zwinslett/strava/api/StravaAPIClient.java. Using fallback presentation compiler.
2026.05.08 10:49:17 INFO  no build target found for /Users/zachwinslett/Code/strava-cli/src/main/java/com/zwinslett/strava/api/StravaAPIClient.java. Using fallback presentation compiler.
2026.05.08 10:49:17 INFO  no build target found for /Users/zachwinslett/Code/strava-cli/src/main/java/com/zwinslett/strava/api/StravaAPIClient.java. Using fallback presentation compiler.
2026.05.08 10:49:18 INFO  no build target found for /Users/zachwinslett/Code/strava-cli/src/main/java/com/zwinslett/strava/api/StravaAPIClient.java. Using fallback presentation compiler.
2026.05.08 10:49:20 INFO  no build target found for /Users/zachwinslett/Code/strava-cli/src/main/java/com/zwinslett/strava/api/StravaAPIClient.java. Using fallback presentation compiler.
2026.05.08 10:49:20 INFO  no build target found for /Users/zachwinslett/Code/strava-cli/src/main/java/com/zwinslett/strava/api/StravaAPIClient.java. Using fallback presentation compiler.
2026.05.08 10:49:20 INFO  no build target found for /Users/zachwinslett/Code/strava-cli/src/main/java/com/zwinslett/strava/api/StravaAPIClient.java. Using fallback presentation compiler.
2026.05.08 10:49:20 INFO  no build target found for /Users/zachwinslett/Code/strava-cli/src/main/java/com/zwinslett/strava/api/StravaAPIClient.java. Using fallback presentation compiler.
2026.05.08 10:49:23 INFO  no build target found for /Users/zachwinslett/Code/strava-cli/src/main/java/com/zwinslett/strava/api/StravaAPIClient.java. Using fallback presentation compiler.
2026.05.08 10:49:23 INFO  no build target found for /Users/zachwinslett/Code/strava-cli/src/main/java/com/zwinslett/strava/api/StravaAPIClient.java. Using fallback presentation compiler.
2026.05.08 10:49:23 INFO  no build target found for /Users/zachwinslett/Code/strava-cli/src/main/java/com/zwinslett/strava/api/StravaAPIClient.java. Using fallback presentation compiler.
2026.05.08 10:49:24 INFO  no build target found for /Users/zachwinslett/Code/strava-cli/src/main/java/com/zwinslett/strava/api/StravaAPIClient.java. Using fallback presentation compiler.
2026.05.08 10:49:24 INFO  no build target found for /Users/zachwinslett/Code/strava-cli/src/main/java/com/zwinslett/strava/api/StravaAPIClient.java. Using fallback presentation compiler.
2026.05.08 10:49:24 INFO  no build target found for /Users/zachwinslett/Code/strava-cli/src/main/java/com/zwinslett/strava/api/StravaAPIClient.java. Using fallback presentation compiler.
2026.05.08 10:49:24 INFO  no build target found for /Users/zachwinslett/Code/strava-cli/src/main/java/com/zwinslett/strava/api/StravaAPIClient.java. Using fallback presentation compiler.
2026.05.08 10:49:24 INFO  no build target found for /Users/zachwinslett/Code/strava-cli/src/main/java/com/zwinslett/strava/api/StravaAPIClient.java. Using fallback presentation compiler.
2026.05.08 10:49:24 INFO  no build target found for /Users/zachwinslett/Code/strava-cli/src/main/java/com/zwinslett/strava/api/StravaAPIClient.java. Using fallback presentation compiler.
2026.05.08 10:49:24 INFO  no build target found for /Users/zachwinslett/Code/strava-cli/src/main/java/com/zwinslett/strava/api/StravaAPIClient.java. Using fallback presentation compiler.
2026.05.08 10:49:24 INFO  no build target found for /Users/zachwinslett/Code/strava-cli/src/main/java/com/zwinslett/strava/api/StravaAPIClient.java. Using fallback presentation compiler.
2026.05.08 10:49:24 INFO  no build target found for /Users/zachwinslett/Code/strava-cli/src/main/java/com/zwinslett/strava/api/StravaAPIClient.java. Using fallback presentation compiler.
2026.05.08 10:49:25 INFO  no build target found for /Users/zachwinslett/Code/strava-cli/src/main/java/com/zwinslett/strava/api/StravaAPIClient.java. Using fallback presentation compiler.
2026.05.08 10:49:25 INFO  no build target found for /Users/zachwinslett/Code/strava-cli/src/main/java/com/zwinslett/strava/api/StravaAPIClient.java. Using fallback presentation compiler.
2026.05.08 10:49:25 INFO  no build target found for /Users/zachwinslett/Code/strava-cli/src/main/java/com/zwinslett/strava/api/StravaAPIClient.java. Using fallback presentation compiler.
2026.05.08 10:49:25 INFO  no build target found for /Users/zachwinslett/Code/strava-cli/src/main/java/com/zwinslett/strava/api/StravaAPIClient.java. Using fallback presentation compiler.
2026.05.08 10:49:25 INFO  no build target found for /Users/zachwinslett/Code/strava-cli/src/main/java/com/zwinslett/strava/api/StravaAPIClient.java. Using fallback presentation compiler.
2026.05.08 10:49:26 INFO  no build target found for /Users/zachwinslett/Code/strava-cli/src/main/java/com/zwinslett/strava/api/StravaAPIClient.java. Using fallback presentation compiler.
2026.05.08 10:49:25 INFO  no build target found for /Users/zachwinslett/Code/strava-cli/src/main/java/com/zwinslett/strava/api/StravaAPIClient.java. Using fallback presentation compiler.
2026.05.08 10:49:25 INFO  no build target found for /Users/zachwinslett/Code/strava-cli/src/main/java/com/zwinslett/strava/api/StravaAPIClient.java. Using fallback presentation compiler.
2026.05.08 10:49:25 INFO  no build target found for /Users/zachwinslett/Code/strava-cli/src/main/java/com/zwinslett/strava/api/StravaAPIClient.java. Using fallback presentation compiler.
2026.05.08 10:49:25 INFO  no build target found for /Users/zachwinslett/Code/strava-cli/src/main/java/com/zwinslett/strava/api/StravaAPIClient.java. Using fallback presentation compiler.
2026.05.08 10:49:25 INFO  no build target found for /Users/zachwinslett/Code/strava-cli/src/main/java/com/zwinslett/strava/api/StravaAPIClient.java. Using fallback presentation compiler.
2026.05.08 10:49:25 INFO  no build target found for /Users/zachwinslett/Code/strava-cli/src/main/java/com/zwinslett/strava/api/StravaAPIClient.java. Using fallback presentation compiler.
2026.05.08 10:49:26 INFO  no build target found for /Users/zachwinslett/Code/strava-cli/src/main/java/com/zwinslett/strava/api/StravaAPIClient.java. Using fallback presentation compiler.
2026.05.08 10:49:25 INFO  no build target found for /Users/zachwinslett/Code/strava-cli/src/main/java/com/zwinslett/strava/api/StravaAPIClient.java. Using fallback presentation compiler.
2026.05.08 10:49:27 INFO  no build target found for /Users/zachwinslett/Code/strava-cli/src/main/java/com/zwinslett/strava/api/StravaAPIClient.java. Using fallback presentation compiler.
2026.05.08 10:49:27 INFO  no build target found for /Users/zachwinslett/Code/strava-cli/src/main/java/com/zwinslett/strava/api/StravaAPIClient.java. Using fallback presentation compiler.
2026.05.08 10:49:27 INFO  no build target found for /Users/zachwinslett/Code/strava-cli/src/main/java/com/zwinslett/strava/api/StravaAPIClient.java. Using fallback presentation compiler.
2026.05.08 10:49:27 INFO  no build target found for /Users/zachwinslett/Code/strava-cli/src/main/java/com/zwinslett/strava/api/StravaAPIClient.java. Using fallback presentation compiler.
2026.05.08 10:49:28 INFO  no build target found for /Users/zachwinslett/Code/strava-cli/src/main/java/com/zwinslett/strava/api/StravaAPIClient.java. Using fallback presentation compiler.
2026.05.08 10:49:28 INFO  no build target found for /Users/zachwinslett/Code/strava-cli/src/main/java/com/zwinslett/strava/api/StravaAPIClient.java. Using fallback presentation compiler.
2026.05.08 10:49:28 INFO  no build target found for /Users/zachwinslett/Code/strava-cli/src/main/java/com/zwinslett/strava/api/StravaAPIClient.java. Using fallback presentation compiler.
2026.05.08 10:49:28 INFO  no build target found for /Users/zachwinslett/Code/strava-cli/src/main/java/com/zwinslett/strava/api/StravaAPIClient.java. Using fallback presentation compiler.
2026.05.08 10:49:28 INFO  no build target found for /Users/zachwinslett/Code/strava-cli/src/main/java/com/zwinslett/strava/api/StravaAPIClient.java. Using fallback presentation compiler.
2026.05.08 10:49:29 INFO  no build target found for /Users/zachwinslett/Code/strava-cli/src/main/java/com/zwinslett/strava/api/StravaAPIClient.java. Using fallback presentation compiler.
2026.05.08 10:49:28 INFO  no build target found for /Users/zachwinslett/Code/strava-cli/src/main/java/com/zwinslett/strava/api/StravaAPIClient.java. Using fallback presentation compiler.
2026.05.08 10:49:31 INFO  no build target found for /Users/zachwinslett/Code/strava-cli/src/main/java/com/zwinslett/strava/api/StravaAPIClient.java. Using fallback presentation compiler.
2026.05.08 10:49:31 INFO  no build target found for /Users/zachwinslett/Code/strava-cli/src/main/java/com/zwinslett/strava/api/StravaAPIClient.java. Using fallback presentation compiler.
2026.05.08 10:49:31 INFO  no build target found for /Users/zachwinslett/Code/strava-cli/src/main/java/com/zwinslett/strava/api/StravaAPIClient.java. Using fallback presentation compiler.
2026.05.08 10:49:32 INFO  no build target found for /Users/zachwinslett/Code/strava-cli/src/main/java/com/zwinslett/strava/api/StravaAPIClient.java. Using fallback presentation compiler.
2026.05.08 10:49:31 INFO  no build target found for /Users/zachwinslett/Code/strava-cli/src/main/java/com/zwinslett/strava/api/StravaAPIClient.java. Using fallback presentation compiler.
2026.05.08 10:49:38 INFO  no build target found for /Users/zachwinslett/Code/strava-cli/src/main/java/com/zwinslett/strava/api/StravaAPIClient.java. Using fallback presentation compiler.
2026.05.08 10:49:38 INFO  no build target found for /Users/zachwinslett/Code/strava-cli/src/main/java/com/zwinslett/strava/api/StravaAPIClient.java. Using fallback presentation compiler.
2026.05.08 10:49:38 INFO  no build target found for /Users/zachwinslett/Code/strava-cli/src/main/java/com/zwinslett/strava/api/StravaAPIClient.java. Using fallback presentation compiler.
2026.05.08 10:49:38 INFO  no build target found for /Users/zachwinslett/Code/strava-cli/src/main/java/com/zwinslett/strava/api/StravaAPIClient.java. Using fallback presentation compiler.
2026.05.08 10:49:38 INFO  no build target found for /Users/zachwinslett/Code/strava-cli/src/main/java/com/zwinslett/strava/api/StravaAPIClient.java. Using fallback presentation compiler.
2026.05.08 10:49:38 INFO  no build target found for /Users/zachwinslett/Code/strava-cli/src/main/java/com/zwinslett/strava/api/StravaAPIClient.java. Using fallback presentation compiler.
2026.05.08 10:49:38 INFO  no build target found for /Users/zachwinslett/Code/strava-cli/src/main/java/com/zwinslett/strava/api/StravaAPIClient.java. Using fallback presentation compiler.
2026.05.08 10:49:38 INFO  no build target found for /Users/zachwinslett/Code/strava-cli/src/main/java/com/zwinslett/strava/api/StravaAPIClient.java. Using fallback presentation compiler.
2026.05.08 10:49:38 INFO  no build target found for /Users/zachwinslett/Code/strava-cli/src/main/java/com/zwinslett/strava/api/StravaAPIClient.java. Using fallback presentation compiler.
2026.05.08 10:49:39 INFO  no build target found for /Users/zachwinslett/Code/strava-cli/src/main/java/com/zwinslett/strava/api/StravaAPIClient.java. Using fallback presentation compiler.
2026.05.08 10:49:39 INFO  no build target found for /Users/zachwinslett/Code/strava-cli/src/main/java/com/zwinslett/strava/api/StravaAPIClient.java. Using fallback presentation compiler.
2026.05.08 10:49:39 INFO  no build target found for /Users/zachwinslett/Code/strava-cli/src/main/java/com/zwinslett/strava/api/StravaAPIClient.java. Using fallback presentation compiler.
2026.05.08 10:49:39 INFO  no build target found for /Users/zachwinslett/Code/strava-cli/src/main/java/com/zwinslett/strava/api/StravaAPIClient.java. Using fallback presentation compiler.
2026.05.08 10:49:39 INFO  no build target found for /Users/zachwinslett/Code/strava-cli/src/main/java/com/zwinslett/strava/api/StravaAPIClient.java. Using fallback presentation compiler.
2026.05.08 10:49:40 INFO  no build target found for /Users/zachwinslett/Code/strava-cli/src/main/java/com/zwinslett/strava/api/StravaAPIClient.java. Using fallback presentation compiler.
2026.05.08 10:49:40 INFO  no build target found for /Users/zachwinslett/Code/strava-cli/src/main/java/com/zwinslett/strava/api/StravaAPIClient.java. Using fallback presentation compiler.
2026.05.08 10:49:42 INFO  no build target found for /Users/zachwinslett/Code/strava-cli/src/main/java/com/zwinslett/strava/api/StravaAPIClient.java. Using fallback presentation compiler.
2026.05.08 10:49:42 INFO  no build target found for /Users/zachwinslett/Code/strava-cli/src/main/java/com/zwinslett/strava/api/StravaAPIClient.java. Using fallback presentation compiler.
2026.05.08 10:49:42 INFO  no build target found for /Users/zachwinslett/Code/strava-cli/src/main/java/com/zwinslett/strava/api/StravaAPIClient.java. Using fallback presentation compiler.
2026.05.08 10:49:55 INFO  no build target found for /Users/zachwinslett/Code/strava-cli/src/main/java/com/zwinslett/strava/api/StravaAPIClient.java. Using fallback presentation compiler.
2026.05.08 10:49:55 INFO  no build target found for /Users/zachwinslett/Code/strava-cli/src/main/java/com/zwinslett/strava/api/StravaAPIClient.java. Using fallback presentation compiler.
2026.05.08 10:50:19 INFO  no build target found for /Users/zachwinslett/Code/strava-cli/src/main/java/com/zwinslett/strava/api/StravaAPIClient.java. Using fallback presentation compiler.
2026.05.08 10:50:19 INFO  no build target found for /Users/zachwinslett/Code/strava-cli/src/main/java/com/zwinslett/strava/api/StravaAPIClient.java. Using fallback presentation compiler.
2026.05.08 10:50:19 INFO  no build target found for /Users/zachwinslett/Code/strava-cli/src/main/java/com/zwinslett/strava/api/StravaAPIClient.java. Using fallback presentation compiler.
2026.05.08 10:50:20 INFO  no build target found for /Users/zachwinslett/Code/strava-cli/src/main/java/com/zwinslett/strava/api/StravaAPIClient.java. Using fallback presentation compiler.
2026.05.08 10:50:20 INFO  no build target found for /Users/zachwinslett/Code/strava-cli/src/main/java/com/zwinslett/strava/api/StravaAPIClient.java. Using fallback presentation compiler.
2026.05.08 10:50:20 INFO  no build target found for /Users/zachwinslett/Code/strava-cli/src/main/java/com/zwinslett/strava/api/StravaAPIClient.java. Using fallback presentation compiler.
2026.05.08 10:50:20 INFO  no build target found for /Users/zachwinslett/Code/strava-cli/src/main/java/com/zwinslett/strava/api/StravaAPIClient.java. Using fallback presentation compiler.
2026.05.08 10:50:20 INFO  no build target found for /Users/zachwinslett/Code/strava-cli/src/main/java/com/zwinslett/strava/api/StravaAPIClient.java. Using fallback presentation compiler.
2026.05.08 10:50:20 INFO  no build target found for /Users/zachwinslett/Code/strava-cli/src/main/java/com/zwinslett/strava/api/StravaAPIClient.java. Using fallback presentation compiler.
2026.05.08 10:50:20 INFO  no build target found for /Users/zachwinslett/Code/strava-cli/src/main/java/com/zwinslett/strava/api/StravaAPIClient.java. Using fallback presentation compiler.
2026.05.08 10:50:21 INFO  no build target found for /Users/zachwinslett/Code/strava-cli/src/main/java/com/zwinslett/strava/api/StravaAPIClient.java. Using fallback presentation compiler.
2026.05.08 10:50:21 INFO  no build target found for /Users/zachwinslett/Code/strava-cli/src/main/java/com/zwinslett/strava/api/StravaAPIClient.java. Using fallback presentation compiler.
2026.05.08 10:50:21 INFO  no build target found for /Users/zachwinslett/Code/strava-cli/src/main/java/com/zwinslett/strava/api/StravaAPIClient.java. Using fallback presentation compiler.
2026.05.08 10:50:21 INFO  no build target found for /Users/zachwinslett/Code/strava-cli/src/main/java/com/zwinslett/strava/api/StravaAPIClient.java. Using fallback presentation compiler.
2026.05.08 10:50:21 INFO  no build target found for /Users/zachwinslett/Code/strava-cli/src/main/java/com/zwinslett/strava/api/StravaAPIClient.java. Using fallback presentation compiler.
2026.05.08 10:50:21 INFO  no build target found for /Users/zachwinslett/Code/strava-cli/src/main/java/com/zwinslett/strava/api/StravaAPIClient.java. Using fallback presentation compiler.
2026.05.08 10:50:21 INFO  no build target found for /Users/zachwinslett/Code/strava-cli/src/main/java/com/zwinslett/strava/api/StravaAPIClient.java. Using fallback presentation compiler.
2026.05.08 10:50:22 INFO  no build target found for /Users/zachwinslett/Code/strava-cli/src/main/java/com/zwinslett/strava/api/StravaAPIClient.java. Using fallback presentation compiler.
2026.05.08 10:50:22 INFO  no build target found for /Users/zachwinslett/Code/strava-cli/src/main/java/com/zwinslett/strava/api/StravaAPIClient.java. Using fallback presentation compiler.
2026.05.08 10:50:22 INFO  no build target found for /Users/zachwinslett/Code/strava-cli/src/main/java/com/zwinslett/strava/api/StravaAPIClient.java. Using fallback presentation compiler.
2026.05.08 10:50:21 INFO  no build target found for /Users/zachwinslett/Code/strava-cli/src/main/java/com/zwinslett/strava/api/StravaAPIClient.java. Using fallback presentation compiler.
2026.05.08 10:50:39 INFO  no build target found for /Users/zachwinslett/Code/strava-cli/src/main/java/com/zwinslett/strava/api/StravaAPIClient.java. Using fallback presentation compiler.
2026.05.08 10:50:39 INFO  no build target found for /Users/zachwinslett/Code/strava-cli/src/main/java/com/zwinslett/strava/api/StravaAPIClient.java. Using fallback presentation compiler.
2026.05.08 10:50:39 INFO  no build target found for /Users/zachwinslett/Code/strava-cli/src/main/java/com/zwinslett/strava/api/StravaAPIClient.java. Using fallback presentation compiler.
2026.05.08 10:50:39 INFO  no build target found for /Users/zachwinslett/Code/strava-cli/src/main/java/com/zwinslett/strava/api/StravaAPIClient.java. Using fallback presentation compiler.
2026.05.08 10:50:40 INFO  no build target found for /Users/zachwinslett/Code/strava-cli/src/main/java/com/zwinslett/strava/api/StravaAPIClient.java. Using fallback presentation compiler.
2026.05.08 10:50:40 INFO  no build target found for /Users/zachwinslett/Code/strava-cli/src/main/java/com/zwinslett/strava/api/StravaAPIClient.java. Using fallback presentation compiler.
2026.05.08 10:50:40 INFO  no build target found for /Users/zachwinslett/Code/strava-cli/src/main/java/com/zwinslett/strava/api/StravaAPIClient.java. Using fallback presentation compiler.
2026.05.08 10:50:40 INFO  no build target found for /Users/zachwinslett/Code/strava-cli/src/main/java/com/zwinslett/strava/api/StravaAPIClient.java. Using fallback presentation compiler.
2026.05.08 10:50:40 INFO  no build target found for /Users/zachwinslett/Code/strava-cli/src/main/java/com/zwinslett/strava/api/StravaAPIClient.java. Using fallback presentation compiler.
2026.05.08 10:50:40 INFO  no build target found for /Users/zachwinslett/Code/strava-cli/src/main/java/com/zwinslett/strava/api/StravaAPIClient.java. Using fallback presentation compiler.
2026.05.08 10:50:41 INFO  no build target found for /Users/zachwinslett/Code/strava-cli/src/main/java/com/zwinslett/strava/api/StravaAPIClient.java. Using fallback presentation compiler.
2026.05.08 10:50:40 INFO  no build target found for /Users/zachwinslett/Code/strava-cli/src/main/java/com/zwinslett/strava/api/StravaAPIClient.java. Using fallback presentation compiler.
2026.05.08 10:50:40 INFO  no build target found for /Users/zachwinslett/Code/strava-cli/src/main/java/com/zwinslett/strava/api/StravaAPIClient.java. Using fallback presentation compiler.
2026.05.08 10:50:41 INFO  no build target found for /Users/zachwinslett/Code/strava-cli/src/main/java/com/zwinslett/strava/api/StravaAPIClient.java. Using fallback presentation compiler.
2026.05.08 10:50:41 INFO  no build target found for /Users/zachwinslett/Code/strava-cli/src/main/java/com/zwinslett/strava/api/StravaAPIClient.java. Using fallback presentation compiler.
2026.05.08 10:50:41 INFO  no build target found for /Users/zachwinslett/Code/strava-cli/src/main/java/com/zwinslett/strava/api/StravaAPIClient.java. Using fallback presentation compiler.
2026.05.08 10:50:41 INFO  no build target found for /Users/zachwinslett/Code/strava-cli/src/main/java/com/zwinslett/strava/api/StravaAPIClient.java. Using fallback presentation compiler.
2026.05.08 10:50:43 INFO  no build target found for /Users/zachwinslett/Code/strava-cli/src/main/java/com/zwinslett/strava/api/StravaAPIClient.java. Using fallback presentation compiler.
2026.05.08 10:50:43 INFO  no build target found for /Users/zachwinslett/Code/strava-cli/src/main/java/com/zwinslett/strava/api/StravaAPIClient.java. Using fallback presentation compiler.
2026.05.08 10:50:44 INFO  no build target found for /Users/zachwinslett/Code/strava-cli/src/main/java/com/zwinslett/strava/api/StravaAPIClient.java. Using fallback presentation compiler.
2026.05.08 10:50:44 INFO  no build target found for /Users/zachwinslett/Code/strava-cli/src/main/java/com/zwinslett/strava/api/StravaAPIClient.java. Using fallback presentation compiler.
2026.05.08 10:50:46 INFO  no build target found for /Users/zachwinslett/Code/strava-cli/src/main/java/com/zwinslett/strava/api/StravaAPIClient.java. Using fallback presentation compiler.
2026.05.08 10:50:46 INFO  no build target found for /Users/zachwinslett/Code/strava-cli/src/main/java/com/zwinslett/strava/api/StravaAPIClient.java. Using fallback presentation compiler.
2026.05.08 10:50:46 INFO  no build target found for /Users/zachwinslett/Code/strava-cli/src/main/java/com/zwinslett/strava/api/StravaAPIClient.java. Using fallback presentation compiler.
2026.05.08 10:50:46 INFO  no build target found for /Users/zachwinslett/Code/strava-cli/src/main/java/com/zwinslett/strava/api/StravaAPIClient.java. Using fallback presentation compiler.
2026.05.08 10:50:47 INFO  no build target found for /Users/zachwinslett/Code/strava-cli/src/main/java/com/zwinslett/strava/api/StravaAPIClient.java. Using fallback presentation compiler.
2026.05.08 10:50:47 INFO  no build target found for /Users/zachwinslett/Code/strava-cli/src/main/java/com/zwinslett/strava/api/StravaAPIClient.java. Using fallback presentation compiler.
2026.05.08 10:50:49 INFO  no build target found for /Users/zachwinslett/Code/strava-cli/src/main/java/com/zwinslett/strava/api/StravaAPIClient.java. Using fallback presentation compiler.
2026.05.08 10:50:49 INFO  no build target found for /Users/zachwinslett/Code/strava-cli/src/main/java/com/zwinslett/strava/api/StravaAPIClient.java. Using fallback presentation compiler.
2026.05.08 10:50:49 INFO  no build target found for /Users/zachwinslett/Code/strava-cli/src/main/java/com/zwinslett/strava/api/StravaAPIClient.java. Using fallback presentation compiler.
2026.05.08 10:50:49 INFO  no build target found for /Users/zachwinslett/Code/strava-cli/src/main/java/com/zwinslett/strava/api/StravaAPIClient.java. Using fallback presentation compiler.
2026.05.08 10:50:49 INFO  no build target found for /Users/zachwinslett/Code/strava-cli/src/main/java/com/zwinslett/strava/api/StravaAPIClient.java. Using fallback presentation compiler.
2026.05.08 10:50:49 INFO  no build target found for /Users/zachwinslett/Code/strava-cli/src/main/java/com/zwinslett/strava/api/StravaAPIClient.java. Using fallback presentation compiler.
2026.05.08 10:50:50 INFO  no build target found for /Users/zachwinslett/Code/strava-cli/src/main/java/com/zwinslett/strava/api/StravaAPIClient.java. Using fallback presentation compiler.
2026.05.08 10:50:50 INFO  no build target found for /Users/zachwinslett/Code/strava-cli/src/main/java/com/zwinslett/strava/api/StravaAPIClient.java. Using fallback presentation compiler.
2026.05.08 10:50:50 INFO  no build target found for /Users/zachwinslett/Code/strava-cli/src/main/java/com/zwinslett/strava/api/StravaAPIClient.java. Using fallback presentation compiler.
2026.05.08 10:50:52 INFO  no build target found for /Users/zachwinslett/Code/strava-cli/src/main/java/com/zwinslett/strava/api/StravaAPIClient.java. Using fallback presentation compiler.
2026.05.08 10:50:52 INFO  no build target found for /Users/zachwinslett/Code/strava-cli/src/main/java/com/zwinslett/strava/api/StravaAPIClient.java. Using fallback presentation compiler.
2026.05.08 10:50:52 INFO  no build target found for /Users/zachwinslett/Code/strava-cli/src/main/java/com/zwinslett/strava/api/StravaAPIClient.java. Using fallback presentation compiler.
2026.05.08 10:50:52 INFO  no build target found for /Users/zachwinslett/Code/strava-cli/src/main/java/com/zwinslett/strava/api/StravaAPIClient.java. Using fallback presentation compiler.
2026.05.08 10:50:53 INFO  no build target found for /Users/zachwinslett/Code/strava-cli/src/main/java/com/zwinslett/strava/api/StravaAPIClient.java. Using fallback presentation compiler.
2026.05.08 10:50:53 INFO  no build target found for /Users/zachwinslett/Code/strava-cli/src/main/java/com/zwinslett/strava/api/StravaAPIClient.java. Using fallback presentation compiler.
2026.05.08 10:50:54 INFO  no build target found for /Users/zachwinslett/Code/strava-cli/src/main/java/com/zwinslett/strava/api/StravaAPIClient.java. Using fallback presentation compiler.
2026.05.08 10:51:11 INFO  no build target found for /Users/zachwinslett/Code/strava-cli/src/main/java/com/zwinslett/strava/api/StravaAPIClient.java. Using fallback presentation compiler.
2026.05.08 10:51:12 INFO  no build target found for /Users/zachwinslett/Code/strava-cli/src/main/java/com/zwinslett/strava/api/StravaAPIClient.java. Using fallback presentation compiler.
2026.05.08 10:51:12 INFO  no build target found for /Users/zachwinslett/Code/strava-cli/src/main/java/com/zwinslett/strava/api/StravaAPIClient.java. Using fallback presentation compiler.
2026.05.08 10:51:12 INFO  no build target found for /Users/zachwinslett/Code/strava-cli/src/main/java/com/zwinslett/strava/api/StravaAPIClient.java. Using fallback presentation compiler.
2026.05.08 10:51:13 INFO  no build target found for /Users/zachwinslett/Code/strava-cli/src/main/java/com/zwinslett/strava/api/StravaAPIClient.java. Using fallback presentation compiler.
2026.05.08 10:51:13 INFO  no build target found for /Users/zachwinslett/Code/strava-cli/src/main/java/com/zwinslett/strava/api/StravaAPIClient.java. Using fallback presentation compiler.
2026.05.08 10:51:13 INFO  no build target found for /Users/zachwinslett/Code/strava-cli/src/main/java/com/zwinslett/strava/api/StravaAPIClient.java. Using fallback presentation compiler.
2026.05.08 10:51:15 INFO  no build target found for /Users/zachwinslett/Code/strava-cli/src/main/java/com/zwinslett/strava/api/StravaAPIClient.java. Using fallback presentation compiler.
2026.05.08 10:51:15 INFO  no build target found for /Users/zachwinslett/Code/strava-cli/src/main/java/com/zwinslett/strava/api/StravaAPIClient.java. Using fallback presentation compiler.
2026.05.08 10:51:15 INFO  no build target found for /Users/zachwinslett/Code/strava-cli/src/main/java/com/zwinslett/strava/api/StravaAPIClient.java. Using fallback presentation compiler.
2026.05.08 10:51:15 INFO  no build target found for /Users/zachwinslett/Code/strava-cli/src/main/java/com/zwinslett/strava/api/StravaAPIClient.java. Using fallback presentation compiler.
2026.05.08 10:51:15 INFO  no build target found for /Users/zachwinslett/Code/strava-cli/src/main/java/com/zwinslett/strava/api/StravaAPIClient.java. Using fallback presentation compiler.
May 08, 2026 10:51:16 AM org.eclipse.lsp4j.jsonrpc.RemoteEndpoint fallbackResponseError
SEVERE: Internal error: Index 0 out of bounds for length 0
java.lang.StringIndexOutOfBoundsException: Index 0 out of bounds for length 0
	at java.base/jdk.internal.util.Preconditions$1.apply(Preconditions.java:55)
	at java.base/jdk.internal.util.Preconditions$1.apply(Preconditions.java:52)
	at java.base/jdk.internal.util.Preconditions$4.apply(Preconditions.java:213)
	at java.base/jdk.internal.util.Preconditions$4.apply(Preconditions.java:210)
	at java.base/jdk.internal.util.Preconditions.outOfBounds(Preconditions.java:98)
	at java.base/jdk.internal.util.Preconditions.outOfBoundsCheckIndex(Preconditions.java:106)
	at java.base/jdk.internal.util.Preconditions.checkIndex(Preconditions.java:302)
	at java.base/java.lang.String.checkIndex(String.java:4575)
	at java.base/java.lang.StringLatin1.charAt(StringLatin1.java:46)
	at java.base/java.lang.String.charAt(String.java:1535)
	at scala.meta.internal.metals.Fuzzy.matchesName(Fuzzy.scala:292)
	at scala.meta.internal.metals.Fuzzy.$anonfun$matches$2(Fuzzy.scala:75)
	at scala.meta.internal.metals.Fuzzy.$anonfun$matches$2$adapted(Fuzzy.scala:75)
	at scala.meta.internal.metals.Fuzzy.loopDelimiters$1(Fuzzy.scala:99)
	at scala.meta.internal.metals.Fuzzy.genericMatches(Fuzzy.scala:122)
	at scala.meta.internal.metals.Fuzzy.matches(Fuzzy.scala:76)
	at scala.meta.internal.pc.JavaCompletionProvider.$anonfun$completeFromScope$3(JavaCompletionProvider.scala:146)
	at scala.meta.internal.pc.JavaCompletionProvider.$anonfun$completeFromScope$3$adapted(JavaCompletionProvider.scala:146)
	at scala.collection.immutable.List.filter(List.scala:505)
	at scala.meta.internal.pc.JavaCompletionProvider.completeFromScope(JavaCompletionProvider.scala:146)
	at scala.meta.internal.pc.JavaCompletionProvider.completeIdentifier(JavaCompletionProvider.scala:131)
	at scala.meta.internal.pc.JavaCompletionProvider.completions(JavaCompletionProvider.scala:65)
	at scala.meta.internal.pc.JavaPresentationCompiler.complete(JavaPresentationCompiler.scala:59)
	at scala.meta.internal.metals.Compilers.$anonfun$completions$1(Compilers.scala:797)
	at scala.meta.internal.metals.Compilers.$anonfun$withPCAndAdjustLsp$4(Compilers.scala:1543)
	at scala.Option.map(Option.scala:242)
	at scala.meta.internal.metals.Compilers.$anonfun$withPCAndAdjustLsp$3(Compilers.scala:1543)
	at scala.Option.flatMap(Option.scala:283)
	at scala.meta.internal.metals.Compilers.withPCAndAdjustLsp(Compilers.scala:1535)
	at scala.meta.internal.metals.Compilers.completions(Compilers.scala:792)
	at scala.meta.internal.metals.MetalsLspService.$anonfun$completion$1(MetalsLspService.scala:1193)
	at scala.meta.internal.metals.CancelTokens$.future(CancelTokens.scala:38)
	at scala.meta.internal.metals.MetalsLspService.completion(MetalsLspService.scala:1193)
	at scala.meta.internal.metals.WorkspaceLspService.completion(WorkspaceLspService.scala:609)
	at scala.meta.metals.lsp.DelegatingScalaService.completion(DelegatingScalaService.scala:145)
	at java.base/jdk.internal.reflect.DirectMethodHandleAccessor.invoke(DirectMethodHandleAccessor.java:104)
	at java.base/java.lang.reflect.Method.invoke(Method.java:578)
	at org.eclipse.lsp4j.jsonrpc.services.GenericEndpoint.lambda$recursiveFindRpcMethods$0(GenericEndpoint.java:65)
	at org.eclipse.lsp4j.jsonrpc.services.GenericEndpoint.request(GenericEndpoint.java:128)
	at org.eclipse.lsp4j.jsonrpc.RemoteEndpoint.handleRequest(RemoteEndpoint.java:265)
	at org.eclipse.lsp4j.jsonrpc.RemoteEndpoint.consume(RemoteEndpoint.java:195)
	at org.eclipse.lsp4j.jsonrpc.json.StreamMessageProducer.handleMessage(StreamMessageProducer.java:189)
	at org.eclipse.lsp4j.jsonrpc.json.StreamMessageProducer.listen(StreamMessageProducer.java:97)
	at org.eclipse.lsp4j.jsonrpc.json.ConcurrentMessageProcessor.run(ConcurrentMessageProcessor.java:97)
	at java.base/java.util.concurrent.Executors$RunnableAdapter.call(Executors.java:577)
	at java.base/java.util.concurrent.FutureTask.run(FutureTask.java:317)
	at java.base/java.util.concurrent.ThreadPoolExecutor.runWorker(ThreadPoolExecutor.java:1144)
	at java.base/java.util.concurrent.ThreadPoolExecutor$Worker.run(ThreadPoolExecutor.java:642)
	at java.base/java.lang.Thread.run(Thread.java:1623)

2026.05.08 10:51:15 INFO  no build target found for /Users/zachwinslett/Code/strava-cli/src/main/java/com/zwinslett/strava/api/StravaAPIClient.java. Using fallback presentation compiler.
2026.05.08 10:51:16 INFO  no build target found for /Users/zachwinslett/Code/strava-cli/src/main/java/com/zwinslett/strava/api/StravaAPIClient.java. Using fallback presentation compiler.
2026.05.08 10:51:16 INFO  no build target found for /Users/zachwinslett/Code/strava-cli/src/main/java/com/zwinslett/strava/api/StravaAPIClient.java. Using fallback presentation compiler.
2026.05.08 10:51:16 INFO  no build target found for /Users/zachwinslett/Code/strava-cli/src/main/java/com/zwinslett/strava/api/StravaAPIClient.java. Using fallback presentation compiler.
2026.05.08 10:51:16 INFO  no build target found for /Users/zachwinslett/Code/strava-cli/src/main/java/com/zwinslett/strava/api/StravaAPIClient.java. Using fallback presentation compiler.
2026.05.08 10:51:16 INFO  no build target found for /Users/zachwinslett/Code/strava-cli/src/main/java/com/zwinslett/strava/api/StravaAPIClient.java. Using fallback presentation compiler.
2026.05.08 10:51:16 INFO  no build target found for /Users/zachwinslett/Code/strava-cli/src/main/java/com/zwinslett/strava/api/StravaAPIClient.java. Using fallback presentation compiler.
2026.05.08 10:51:17 INFO  no build target found for /Users/zachwinslett/Code/strava-cli/src/main/java/com/zwinslett/strava/api/StravaAPIClient.java. Using fallback presentation compiler.
2026.05.08 10:51:16 INFO  no build target found for /Users/zachwinslett/Code/strava-cli/src/main/java/com/zwinslett/strava/api/StravaAPIClient.java. Using fallback presentation compiler.
2026.05.08 10:51:17 INFO  no build target found for /Users/zachwinslett/Code/strava-cli/src/main/java/com/zwinslett/strava/api/StravaAPIClient.java. Using fallback presentation compiler.
2026.05.08 10:51:17 INFO  no build target found for /Users/zachwinslett/Code/strava-cli/src/main/java/com/zwinslett/strava/api/StravaAPIClient.java. Using fallback presentation compiler.
2026.05.08 10:51:17 INFO  no build target found for /Users/zachwinslett/Code/strava-cli/src/main/java/com/zwinslett/strava/api/StravaAPIClient.java. Using fallback presentation compiler.
2026.05.08 10:51:17 INFO  no build target found for /Users/zachwinslett/Code/strava-cli/src/main/java/com/zwinslett/strava/api/StravaAPIClient.java. Using fallback presentation compiler.
2026.05.08 10:51:18 INFO  no build target found for /Users/zachwinslett/Code/strava-cli/src/main/java/com/zwinslett/strava/api/StravaAPIClient.java. Using fallback presentation compiler.
2026.05.08 10:51:19 WARN  no build target for: /Users/zachwinslett/Code/strava-cli/src/main/java/com/zwinslett/strava/api/StravaAPIClient.java
2026.05.08 10:51:19 INFO  no build target found for /Users/zachwinslett/Code/strava-cli/src/main/java/com/zwinslett/strava/api/StravaAPIClient.java. Using fallback presentation compiler.
2026.05.08 10:51:20 INFO  no build target found for /Users/zachwinslett/Code/strava-cli/src/main/java/com/zwinslett/strava/api/StravaAPIClient.java. Using fallback presentation compiler.
2026.05.08 10:51:20 INFO  no build target found for /Users/zachwinslett/Code/strava-cli/src/main/java/com/zwinslett/strava/api/StravaAPIClient.java. Using fallback presentation compiler.
2026.05.08 10:51:19 INFO  no build target found for /Users/zachwinslett/Code/strava-cli/src/main/java/com/zwinslett/strava/api/StravaAPIClient.java. Using fallback presentation compiler.
2026.05.08 10:51:19 INFO  no build target found for /Users/zachwinslett/Code/strava-cli/src/main/java/com/zwinslett/strava/api/StravaAPIClient.java. Using fallback presentation compiler.
2026.05.08 10:51:19 INFO  empty definition using pc, found symbol in pc: java/lang/String# (full report at: "/Users/zachwinslett/Code/strava-cli/.metals/.reports/metals-full/2026-05-08/r_empty-definition_10-33-05-871.md")
2026.05.08 10:51:21 INFO  no build target found for /Users/zachwinslett/Code/strava-cli/src/main/java/com/zwinslett/strava/api/StravaAPIClient.java. Using fallback presentation compiler.
2026.05.08 10:52:37 INFO  no build target found for /Users/zachwinslett/Code/strava-cli/src/main/java/com/zwinslett/strava/api/StravaAPIClient.java. Using fallback presentation compiler.
2026.05.08 10:52:59 INFO  no build target found for /Users/zachwinslett/Code/strava-cli/src/main/java/com/zwinslett/strava/api/StravaAPIClient.java. Using fallback presentation compiler.
2026.05.08 10:53:01 INFO  no build target found for /Users/zachwinslett/Code/strava-cli/src/main/java/com/zwinslett/strava/api/StravaAPIClient.java. Using fallback presentation compiler.
2026.05.08 10:53:03 INFO  no build target found for /Users/zachwinslett/Code/strava-cli/src/main/java/com/zwinslett/strava/api/StravaAPIClient.java. Using fallback presentation compiler.
2026.05.08 10:53:32 INFO  no build target found for /Users/zachwinslett/Code/strava-cli/src/main/java/com/zwinslett/strava/api/StravaAPIClient.java. Using fallback presentation compiler.
2026.05.08 10:53:34 INFO  no build target found for /Users/zachwinslett/Code/strava-cli/src/main/java/com/zwinslett/strava/api/StravaAPIClient.java. Using fallback presentation compiler.
2026.05.08 10:53:34 INFO  no build target found for /Users/zachwinslett/Code/strava-cli/src/main/java/com/zwinslett/strava/api/StravaAPIClient.java. Using fallback presentation compiler.
2026.05.08 10:53:34 INFO  no build target found for /Users/zachwinslett/Code/strava-cli/src/main/java/com/zwinslett/strava/api/StravaAPIClient.java. Using fallback presentation compiler.
2026.05.08 10:53:35 INFO  no build target found for /Users/zachwinslett/Code/strava-cli/src/main/java/com/zwinslett/strava/api/StravaAPIClient.java. Using fallback presentation compiler.
2026.05.08 10:53:35 INFO  no build target found for /Users/zachwinslett/Code/strava-cli/src/main/java/com/zwinslett/strava/api/StravaAPIClient.java. Using fallback presentation compiler.
2026.05.08 10:53:35 INFO  no build target found for /Users/zachwinslett/Code/strava-cli/src/main/java/com/zwinslett/strava/api/StravaAPIClient.java. Using fallback presentation compiler.
2026.05.08 10:53:35 INFO  no build target found for /Users/zachwinslett/Code/strava-cli/src/main/java/com/zwinslett/strava/api/StravaAPIClient.java. Using fallback presentation compiler.
2026.05.08 10:53:37 INFO  no build target found for /Users/zachwinslett/Code/strava-cli/src/main/java/com/zwinslett/strava/api/StravaAPIClient.java. Using fallback presentation compiler.
2026.05.08 10:53:37 INFO  no build target found for /Users/zachwinslett/Code/strava-cli/src/main/java/com/zwinslett/strava/api/StravaAPIClient.java. Using fallback presentation compiler.
2026.05.08 10:53:37 INFO  no build target found for /Users/zachwinslett/Code/strava-cli/src/main/java/com/zwinslett/strava/api/StravaAPIClient.java. Using fallback presentation compiler.
2026.05.08 10:53:37 INFO  no build target found for /Users/zachwinslett/Code/strava-cli/src/main/java/com/zwinslett/strava/api/StravaAPIClient.java. Using fallback presentation compiler.
2026.05.08 10:53:39 INFO  no build target found for /Users/zachwinslett/Code/strava-cli/src/main/java/com/zwinslett/strava/api/StravaAPIClient.java. Using fallback presentation compiler.
2026.05.08 10:53:40 INFO  no build target found for /Users/zachwinslett/Code/strava-cli/src/main/java/com/zwinslett/strava/api/StravaAPIClient.java. Using fallback presentation compiler.
2026.05.08 10:53:45 INFO  no build target found for /Users/zachwinslett/Code/strava-cli/src/main/java/com/zwinslett/strava/api/StravaAPIClient.java. Using fallback presentation compiler.
2026.05.08 10:53:45 INFO  no build target found for /Users/zachwinslett/Code/strava-cli/src/main/java/com/zwinslett/strava/api/StravaAPIClient.java. Using fallback presentation compiler.
2026.05.08 10:53:45 WARN  no build target for: /Users/zachwinslett/Code/strava-cli/src/main/java/com/zwinslett/strava/api/StravaAPIClient.java
2026.05.08 10:53:45 INFO  no build target found for /Users/zachwinslett/Code/strava-cli/src/main/java/com/zwinslett/strava/api/StravaAPIClient.java. Using fallback presentation compiler.
2026.05.08 10:53:45 INFO  no build target found for /Users/zachwinslett/Code/strava-cli/src/main/java/com/zwinslett/strava/api/StravaAPIClient.java. Using fallback presentation compiler.
2026.05.08 10:53:55 INFO  no build target found for /Users/zachwinslett/Code/strava-cli/src/main/java/com/zwinslett/strava/api/StravaAPIClient.java. Using fallback presentation compiler.
2026.05.08 10:53:55 INFO  no build target found for /Users/zachwinslett/Code/strava-cli/src/main/java/com/zwinslett/strava/api/StravaAPIClient.java. Using fallback presentation compiler.
2026.05.08 10:53:55 INFO  no build target found for /Users/zachwinslett/Code/strava-cli/src/main/java/com/zwinslett/strava/api/StravaAPIClient.java. Using fallback presentation compiler.
2026.05.08 10:53:55 INFO  no build target found for /Users/zachwinslett/Code/strava-cli/src/main/java/com/zwinslett/strava/api/StravaAPIClient.java. Using fallback presentation compiler.
2026.05.08 10:53:55 INFO  no build target found for /Users/zachwinslett/Code/strava-cli/src/main/java/com/zwinslett/strava/api/StravaAPIClient.java. Using fallback presentation compiler.
2026.05.08 10:53:57 INFO  no build target found for /Users/zachwinslett/Code/strava-cli/src/main/java/com/zwinslett/strava/api/StravaAPIClient.java. Using fallback presentation compiler.
2026.05.08 10:53:57 INFO  no build target found for /Users/zachwinslett/Code/strava-cli/src/main/java/com/zwinslett/strava/api/StravaAPIClient.java. Using fallback presentation compiler.
2026.05.08 10:53:57 INFO  no build target found for /Users/zachwinslett/Code/strava-cli/src/main/java/com/zwinslett/strava/api/StravaAPIClient.java. Using fallback presentation compiler.
2026.05.08 10:54:00 INFO  no build target found for /Users/zachwinslett/Code/strava-cli/src/main/java/com/zwinslett/strava/api/StravaAPIClient.java. Using fallback presentation compiler.
2026.05.08 10:54:00 WARN  no build target for: /Users/zachwinslett/Code/strava-cli/src/main/java/com/zwinslett/strava/api/StravaAPIClient.java
2026.05.08 10:54:00 INFO  no build target found for /Users/zachwinslett/Code/strava-cli/src/main/java/com/zwinslett/strava/api/StravaAPIClient.java. Using fallback presentation compiler.
2026.05.08 12:42:26 INFO  no build target found for /Users/zachwinslett/Code/strava-cli/src/main/java/com/zwinslett/strava/api/StravaAPIClient.java. Using fallback presentation compiler.
May 08, 2026 12:42:26 PM org.eclipse.lsp4j.jsonrpc.RemoteEndpoint handleCancellation
WARNING: Unmatched cancel notification for request id 4411
2026.05.08 12:42:26 INFO  no build target found for /Users/zachwinslett/Code/strava-cli/src/main/java/com/zwinslett/strava/api/StravaAPIClient.java. Using fallback presentation compiler.
2026.05.08 12:42:26 INFO  no build target found for /Users/zachwinslett/Code/strava-cli/src/main/java/com/zwinslett/strava/api/StravaAPIClient.java. Using fallback presentation compiler.
May 08, 2026 12:42:26 PM org.eclipse.lsp4j.jsonrpc.RemoteEndpoint handleCancellation
WARNING: Unmatched cancel notification for request id 4412
May 08, 2026 12:53:46 PM org.eclipse.lsp4j.jsonrpc.services.GenericEndpoint notify
INFO: Unsupported notification method: $/setTrace
2026.05.08 21:56:30 INFO  no build target found for /Users/zachwinslett/Code/strava-cli/src/main/java/com/zwinslett/strava/api/StravaAPIClient.java. Using fallback presentation compiler.
2026.05.08 21:56:46 INFO  no build target found for /Users/zachwinslett/Code/strava-cli/src/main/java/com/zwinslett/strava/api/StravaAPIClient.java. Using fallback presentation compiler.
2026.05.08 21:56:46 INFO  no build target found for /Users/zachwinslett/Code/strava-cli/src/main/java/com/zwinslett/strava/api/StravaAPIClient.java. Using fallback presentation compiler.
2026.05.08 21:56:46 INFO  no build target found for /Users/zachwinslett/Code/strava-cli/src/main/java/com/zwinslett/strava/api/StravaAPIClient.java. Using fallback presentation compiler.
2026.05.08 21:56:46 INFO  no build target found for /Users/zachwinslett/Code/strava-cli/src/main/java/com/zwinslett/strava/api/StravaAPIClient.java. Using fallback presentation compiler.
May 08, 2026 9:56:47 PM org.eclipse.lsp4j.jsonrpc.RemoteEndpoint handleCancellation
WARNING: Unmatched cancel notification for request id 4438
May 08, 2026 9:56:47 PM org.eclipse.lsp4j.jsonrpc.RemoteEndpoint handleCancellation
WARNING: Unmatched cancel notification for request id 4439
2026.05.08 21:56:47 INFO  no build target found for /Users/zachwinslett/Code/strava-cli/src/main/java/com/zwinslett/strava/api/StravaAPIClient.java. Using fallback presentation compiler.
2026.05.08 21:56:54 INFO  no build target found for /Users/zachwinslett/Code/strava-cli/src/main/java/com/zwinslett/strava/api/StravaAPIClient.java. Using fallback presentation compiler.
2026.05.08 21:56:58 INFO  no build target found for /Users/zachwinslett/Code/strava-cli/src/main/java/com/zwinslett/strava/api/StravaAPIClient.java. Using fallback presentation compiler.
2026.05.08 21:57:06 INFO  no build target found for /Users/zachwinslett/Code/strava-cli/src/main/java/com/zwinslett/strava/api/StravaAPIClient.java. Using fallback presentation compiler.
2026.05.08 21:57:06 INFO  no build target found for /Users/zachwinslett/Code/strava-cli/src/main/java/com/zwinslett/strava/api/StravaAPIClient.java. Using fallback presentation compiler.
2026.05.08 21:57:14 INFO  no build target found for /Users/zachwinslett/Code/strava-cli/src/main/java/com/zwinslett/strava/api/StravaAPIClient.java. Using fallback presentation compiler.
2026.05.08 21:57:14 INFO  no build target found for /Users/zachwinslett/Code/strava-cli/src/main/java/com/zwinslett/strava/api/StravaAPIClient.java. Using fallback presentation compiler.
2026.05.08 21:57:30 INFO  no build target found for /Users/zachwinslett/Code/strava-cli/src/main/java/com/zwinslett/strava/api/StravaAPIClient.java. Using fallback presentation compiler.
2026.05.08 21:57:32 INFO  no build target found for /Users/zachwinslett/Code/strava-cli/src/main/java/com/zwinslett/strava/api/StravaAPIClient.java. Using fallback presentation compiler.
2026.05.08 21:57:33 INFO  no build target found for /Users/zachwinslett/Code/strava-cli/src/main/java/com/zwinslett/strava/api/StravaAPIClient.java. Using fallback presentation compiler.
2026.05.08 21:57:36 INFO  no build target found for /Users/zachwinslett/Code/strava-cli/src/main/java/com/zwinslett/strava/api/StravaAPIClient.java. Using fallback presentation compiler.
2026.05.08 21:57:36 INFO  no build target found for /Users/zachwinslett/Code/strava-cli/src/main/java/com/zwinslett/strava/api/StravaAPIClient.java. Using fallback presentation compiler.
2026.05.08 21:57:37 INFO  no build target found for /Users/zachwinslett/Code/strava-cli/src/main/java/com/zwinslett/strava/api/StravaAPIClient.java. Using fallback presentation compiler.
2026.05.08 21:57:37 INFO  no build target found for /Users/zachwinslett/Code/strava-cli/src/main/java/com/zwinslett/strava/api/StravaAPIClient.java. Using fallback presentation compiler.
2026.05.08 21:57:38 INFO  no build target found for /Users/zachwinslett/Code/strava-cli/src/main/java/com/zwinslett/strava/api/StravaAPIClient.java. Using fallback presentation compiler.
2026.05.08 21:57:39 INFO  no build target found for /Users/zachwinslett/Code/strava-cli/src/main/java/com/zwinslett/strava/api/StravaAPIClient.java. Using fallback presentation compiler.
2026.05.08 21:57:39 INFO  no build target found for /Users/zachwinslett/Code/strava-cli/src/main/java/com/zwinslett/strava/api/StravaAPIClient.java. Using fallback presentation compiler.
2026.05.08 21:57:40 INFO  no build target found for /Users/zachwinslett/Code/strava-cli/src/main/java/com/zwinslett/strava/api/StravaAPIClient.java. Using fallback presentation compiler.
2026.05.08 21:57:41 INFO  no build target found for /Users/zachwinslett/Code/strava-cli/src/main/java/com/zwinslett/strava/api/StravaAPIClient.java. Using fallback presentation compiler.
2026.05.08 21:57:40 INFO  no build target found for /Users/zachwinslett/Code/strava-cli/src/main/java/com/zwinslett/strava/api/StravaAPIClient.java. Using fallback presentation compiler.
2026.05.08 21:57:40 INFO  no build target found for /Users/zachwinslett/Code/strava-cli/src/main/java/com/zwinslett/strava/api/StravaAPIClient.java. Using fallback presentation compiler.
2026.05.08 21:57:41 INFO  no build target found for /Users/zachwinslett/Code/strava-cli/src/main/java/com/zwinslett/strava/api/StravaAPIClient.java. Using fallback presentation compiler.
2026.05.08 21:57:42 INFO  no build target found for /Users/zachwinslett/Code/strava-cli/src/main/java/com/zwinslett/strava/api/StravaAPIClient.java. Using fallback presentation compiler.
2026.05.08 21:57:43 INFO  no build target found for /Users/zachwinslett/Code/strava-cli/src/main/java/com/zwinslett/strava/api/StravaAPIClient.java. Using fallback presentation compiler.
2026.05.08 21:57:43 INFO  no build target found for /Users/zachwinslett/Code/strava-cli/src/main/java/com/zwinslett/strava/api/StravaAPIClient.java. Using fallback presentation compiler.
2026.05.08 21:57:43 INFO  no build target found for /Users/zachwinslett/Code/strava-cli/src/main/java/com/zwinslett/strava/api/StravaAPIClient.java. Using fallback presentation compiler.
2026.05.08 21:57:44 INFO  no build target found for /Users/zachwinslett/Code/strava-cli/src/main/java/com/zwinslett/strava/api/StravaAPIClient.java. Using fallback presentation compiler.
2026.05.08 21:57:44 INFO  no build target found for /Users/zachwinslett/Code/strava-cli/src/main/java/com/zwinslett/strava/api/StravaAPIClient.java. Using fallback presentation compiler.
2026.05.08 21:57:44 INFO  no build target found for /Users/zachwinslett/Code/strava-cli/src/main/java/com/zwinslett/strava/api/StravaAPIClient.java. Using fallback presentation compiler.
2026.05.08 21:57:46 INFO  no build target found for /Users/zachwinslett/Code/strava-cli/src/main/java/com/zwinslett/strava/api/StravaAPIClient.java. Using fallback presentation compiler.
2026.05.08 21:57:46 INFO  no build target found for /Users/zachwinslett/Code/strava-cli/src/main/java/com/zwinslett/strava/api/StravaAPIClient.java. Using fallback presentation compiler.
2026.05.08 21:57:46 INFO  no build target found for /Users/zachwinslett/Code/strava-cli/src/main/java/com/zwinslett/strava/api/StravaAPIClient.java. Using fallback presentation compiler.
2026.05.08 21:57:46 INFO  no build target found for /Users/zachwinslett/Code/strava-cli/src/main/java/com/zwinslett/strava/api/StravaAPIClient.java. Using fallback presentation compiler.
2026.05.08 21:57:46 INFO  no build target found for /Users/zachwinslett/Code/strava-cli/src/main/java/com/zwinslett/strava/api/StravaAPIClient.java. Using fallback presentation compiler.
2026.05.08 21:57:47 INFO  no build target found for /Users/zachwinslett/Code/strava-cli/src/main/java/com/zwinslett/strava/api/StravaAPIClient.java. Using fallback presentation compiler.
2026.05.08 21:57:46 INFO  no build target found for /Users/zachwinslett/Code/strava-cli/src/main/java/com/zwinslett/strava/api/StravaAPIClient.java. Using fallback presentation compiler.
2026.05.08 21:57:47 INFO  no build target found for /Users/zachwinslett/Code/strava-cli/src/main/java/com/zwinslett/strava/api/StravaAPIClient.java. Using fallback presentation compiler.
2026.05.08 21:57:47 INFO  no build target found for /Users/zachwinslett/Code/strava-cli/src/main/java/com/zwinslett/strava/api/StravaAPIClient.java. Using fallback presentation compiler.
2026.05.08 21:57:47 INFO  no build target found for /Users/zachwinslett/Code/strava-cli/src/main/java/com/zwinslett/strava/api/StravaAPIClient.java. Using fallback presentation compiler.
2026.05.08 21:57:49 INFO  no build target found for /Users/zachwinslett/Code/strava-cli/src/main/java/com/zwinslett/strava/api/StravaAPIClient.java. Using fallback presentation compiler.
2026.05.08 21:57:49 INFO  no build target found for /Users/zachwinslett/Code/strava-cli/src/main/java/com/zwinslett/strava/api/StravaAPIClient.java. Using fallback presentation compiler.
2026.05.08 21:57:49 INFO  no build target found for /Users/zachwinslett/Code/strava-cli/src/main/java/com/zwinslett/strava/api/StravaAPIClient.java. Using fallback presentation compiler.
2026.05.08 21:57:49 INFO  no build target found for /Users/zachwinslett/Code/strava-cli/src/main/java/com/zwinslett/strava/api/StravaAPIClient.java. Using fallback presentation compiler.
May 08, 2026 9:57:50 PM org.eclipse.lsp4j.jsonrpc.RemoteEndpoint handleCancellation
WARNING: Unmatched cancel notification for request id 4549
2026.05.08 21:57:49 INFO  no build target found for /Users/zachwinslett/Code/strava-cli/src/main/java/com/zwinslett/strava/api/StravaAPIClient.java. Using fallback presentation compiler.
2026.05.08 21:57:50 INFO  no build target found for /Users/zachwinslett/Code/strava-cli/src/main/java/com/zwinslett/strava/api/StravaAPIClient.java. Using fallback presentation compiler.
2026.05.08 21:57:50 INFO  no build target found for /Users/zachwinslett/Code/strava-cli/src/main/java/com/zwinslett/strava/api/StravaAPIClient.java. Using fallback presentation compiler.
2026.05.08 21:57:50 INFO  no build target found for /Users/zachwinslett/Code/strava-cli/src/main/java/com/zwinslett/strava/api/StravaAPIClient.java. Using fallback presentation compiler.
2026.05.08 21:57:50 INFO  no build target found for /Users/zachwinslett/Code/strava-cli/src/main/java/com/zwinslett/strava/api/StravaAPIClient.java. Using fallback presentation compiler.
May 08, 2026 9:57:50 PM org.eclipse.lsp4j.jsonrpc.RemoteEndpoint handleCancellation
WARNING: Unmatched cancel notification for request id 4556
May 08, 2026 9:57:50 PM org.eclipse.lsp4j.jsonrpc.RemoteEndpoint handleCancellation
WARNING: Unmatched cancel notification for request id 4561
2026.05.08 21:57:50 INFO  no build target found for /Users/zachwinslett/Code/strava-cli/src/main/java/com/zwinslett/strava/api/StravaAPIClient.java. Using fallback presentation compiler.
2026.05.08 21:57:50 INFO  no build target found for /Users/zachwinslett/Code/strava-cli/src/main/java/com/zwinslett/strava/api/StravaAPIClient.java. Using fallback presentation compiler.
2026.05.08 21:57:51 INFO  no build target found for /Users/zachwinslett/Code/strava-cli/src/main/java/com/zwinslett/strava/api/StravaAPIClient.java. Using fallback presentation compiler.
2026.05.08 21:57:50 INFO  no build target found for /Users/zachwinslett/Code/strava-cli/src/main/java/com/zwinslett/strava/api/StravaAPIClient.java. Using fallback presentation compiler.
2026.05.08 21:57:50 INFO  no build target found for /Users/zachwinslett/Code/strava-cli/src/main/java/com/zwinslett/strava/api/StravaAPIClient.java. Using fallback presentation compiler.
2026.05.08 21:57:51 INFO  no build target found for /Users/zachwinslett/Code/strava-cli/src/main/java/com/zwinslett/strava/api/StravaAPIClient.java. Using fallback presentation compiler.
2026.05.08 21:57:52 INFO  no build target found for /Users/zachwinslett/Code/strava-cli/src/main/java/com/zwinslett/strava/api/StravaAPIClient.java. Using fallback presentation compiler.
May 08, 2026 9:57:57 PM org.eclipse.lsp4j.jsonrpc.services.GenericEndpoint notify
INFO: Unsupported notification method: $/setTrace
2026.05.08 21:57:57 INFO  no build target found for /Users/zachwinslett/Code/strava-cli/src/main/java/com/zwinslett/strava/api/StravaAPIClient.java. Using fallback presentation compiler.
2026.05.08 21:58:01 INFO  no build target found for /Users/zachwinslett/Code/strava-cli/src/main/java/com/zwinslett/strava/api/StravaAPIClient.java. Using fallback presentation compiler.
2026.05.08 21:58:01 INFO  no build target found for /Users/zachwinslett/Code/strava-cli/src/main/java/com/zwinslett/strava/api/StravaAPIClient.java. Using fallback presentation compiler.
2026.05.08 21:58:01 INFO  no build target found for /Users/zachwinslett/Code/strava-cli/src/main/java/com/zwinslett/strava/api/StravaAPIClient.java. Using fallback presentation compiler.
2026.05.08 21:58:02 INFO  no build target found for /Users/zachwinslett/Code/strava-cli/src/main/java/com/zwinslett/strava/api/StravaAPIClient.java. Using fallback presentation compiler.
2026.05.08 21:58:02 INFO  no build target found for /Users/zachwinslett/Code/strava-cli/src/main/java/com/zwinslett/strava/api/StravaAPIClient.java. Using fallback presentation compiler.
2026.05.08 21:58:02 INFO  no build target found for /Users/zachwinslett/Code/strava-cli/src/main/java/com/zwinslett/strava/api/StravaAPIClient.java. Using fallback presentation compiler.
2026.05.08 21:58:02 INFO  no build target found for /Users/zachwinslett/Code/strava-cli/src/main/java/com/zwinslett/strava/api/StravaAPIClient.java. Using fallback presentation compiler.
2026.05.08 21:58:03 INFO  no build target found for /Users/zachwinslett/Code/strava-cli/src/main/java/com/zwinslett/strava/api/StravaAPIClient.java. Using fallback presentation compiler.
2026.05.08 21:58:02 INFO  no build target found for /Users/zachwinslett/Code/strava-cli/src/main/java/com/zwinslett/strava/api/StravaAPIClient.java. Using fallback presentation compiler.
2026.05.08 21:58:02 INFO  no build target found for /Users/zachwinslett/Code/strava-cli/src/main/java/com/zwinslett/strava/api/StravaAPIClient.java. Using fallback presentation compiler.
2026.05.08 21:58:03 INFO  no build target found for /Users/zachwinslett/Code/strava-cli/src/main/java/com/zwinslett/strava/api/StravaAPIClient.java. Using fallback presentation compiler.
2026.05.08 21:58:02 INFO  no build target found for /Users/zachwinslett/Code/strava-cli/src/main/java/com/zwinslett/strava/api/StravaAPIClient.java. Using fallback presentation compiler.
2026.05.08 21:58:02 INFO  no build target found for /Users/zachwinslett/Code/strava-cli/src/main/java/com/zwinslett/strava/api/StravaAPIClient.java. Using fallback presentation compiler.
2026.05.08 21:58:04 INFO  no build target found for /Users/zachwinslett/Code/strava-cli/src/main/java/com/zwinslett/strava/api/StravaAPIClient.java. Using fallback presentation compiler.
2026.05.08 21:58:04 INFO  no build target found for /Users/zachwinslett/Code/strava-cli/src/main/java/com/zwinslett/strava/api/StravaAPIClient.java. Using fallback presentation compiler.
2026.05.08 21:58:04 INFO  no build target found for /Users/zachwinslett/Code/strava-cli/src/main/java/com/zwinslett/strava/api/StravaAPIClient.java. Using fallback presentation compiler.
2026.05.08 21:58:04 INFO  no build target found for /Users/zachwinslett/Code/strava-cli/src/main/java/com/zwinslett/strava/api/StravaAPIClient.java. Using fallback presentation compiler.
2026.05.08 21:58:04 INFO  no build target found for /Users/zachwinslett/Code/strava-cli/src/main/java/com/zwinslett/strava/api/StravaAPIClient.java. Using fallback presentation compiler.
2026.05.08 21:58:04 INFO  no build target found for /Users/zachwinslett/Code/strava-cli/src/main/java/com/zwinslett/strava/api/StravaAPIClient.java. Using fallback presentation compiler.
2026.05.08 21:58:04 INFO  no build target found for /Users/zachwinslett/Code/strava-cli/src/main/java/com/zwinslett/strava/api/StravaAPIClient.java. Using fallback presentation compiler.
2026.05.08 21:58:04 INFO  no build target found for /Users/zachwinslett/Code/strava-cli/src/main/java/com/zwinslett/strava/api/StravaAPIClient.java. Using fallback presentation compiler.
2026.05.08 21:58:04 INFO  no build target found for /Users/zachwinslett/Code/strava-cli/src/main/java/com/zwinslett/strava/api/StravaAPIClient.java. Using fallback presentation compiler.
2026.05.08 21:58:04 INFO  no build target found for /Users/zachwinslett/Code/strava-cli/src/main/java/com/zwinslett/strava/api/StravaAPIClient.java. Using fallback presentation compiler.
2026.05.08 21:58:04 INFO  no build target found for /Users/zachwinslett/Code/strava-cli/src/main/java/com/zwinslett/strava/api/StravaAPIClient.java. Using fallback presentation compiler.
2026.05.08 21:58:04 INFO  no build target found for /Users/zachwinslett/Code/strava-cli/src/main/java/com/zwinslett/strava/api/StravaAPIClient.java. Using fallback presentation compiler.
2026.05.08 21:58:04 INFO  no build target found for /Users/zachwinslett/Code/strava-cli/src/main/java/com/zwinslett/strava/api/StravaAPIClient.java. Using fallback presentation compiler.
2026.05.08 21:58:05 INFO  no build target found for /Users/zachwinslett/Code/strava-cli/src/main/java/com/zwinslett/strava/api/StravaAPIClient.java. Using fallback presentation compiler.
2026.05.08 21:58:05 INFO  no build target found for /Users/zachwinslett/Code/strava-cli/src/main/java/com/zwinslett/strava/api/StravaAPIClient.java. Using fallback presentation compiler.
2026.05.08 21:58:05 INFO  no build target found for /Users/zachwinslett/Code/strava-cli/src/main/java/com/zwinslett/strava/api/StravaAPIClient.java. Using fallback presentation compiler.
2026.05.08 21:58:05 INFO  no build target found for /Users/zachwinslett/Code/strava-cli/src/main/java/com/zwinslett/strava/api/StravaAPIClient.java. Using fallback presentation compiler.
2026.05.08 21:58:05 INFO  no build target found for /Users/zachwinslett/Code/strava-cli/src/main/java/com/zwinslett/strava/api/StravaAPIClient.java. Using fallback presentation compiler.
2026.05.08 21:58:05 INFO  no build target found for /Users/zachwinslett/Code/strava-cli/src/main/java/com/zwinslett/strava/api/StravaAPIClient.java. Using fallback presentation compiler.
2026.05.08 21:58:05 INFO  no build target found for /Users/zachwinslett/Code/strava-cli/src/main/java/com/zwinslett/strava/api/StravaAPIClient.java. Using fallback presentation compiler.
2026.05.08 21:58:05 INFO  no build target found for /Users/zachwinslett/Code/strava-cli/src/main/java/com/zwinslett/strava/api/StravaAPIClient.java. Using fallback presentation compiler.
2026.05.08 21:58:06 INFO  no build target found for /Users/zachwinslett/Code/strava-cli/src/main/java/com/zwinslett/strava/api/StravaAPIClient.java. Using fallback presentation compiler.
2026.05.08 21:58:06 INFO  no build target found for /Users/zachwinslett/Code/strava-cli/src/main/java/com/zwinslett/strava/api/StravaAPIClient.java. Using fallback presentation compiler.
2026.05.08 21:58:06 INFO  no build target found for /Users/zachwinslett/Code/strava-cli/src/main/java/com/zwinslett/strava/api/StravaAPIClient.java. Using fallback presentation compiler.
2026.05.08 21:58:09 INFO  no build target found for /Users/zachwinslett/Code/strava-cli/src/main/java/com/zwinslett/strava/api/StravaAPIClient.java. Using fallback presentation compiler.
2026.05.08 21:58:09 INFO  no build target found for /Users/zachwinslett/Code/strava-cli/src/main/java/com/zwinslett/strava/api/StravaAPIClient.java. Using fallback presentation compiler.
2026.05.08 21:58:09 INFO  no build target found for /Users/zachwinslett/Code/strava-cli/src/main/java/com/zwinslett/strava/api/StravaAPIClient.java. Using fallback presentation compiler.
2026.05.08 21:58:09 INFO  no build target found for /Users/zachwinslett/Code/strava-cli/src/main/java/com/zwinslett/strava/api/StravaAPIClient.java. Using fallback presentation compiler.
2026.05.08 21:58:10 INFO  no build target found for /Users/zachwinslett/Code/strava-cli/src/main/java/com/zwinslett/strava/api/StravaAPIClient.java. Using fallback presentation compiler.
2026.05.08 21:58:10 INFO  no build target found for /Users/zachwinslett/Code/strava-cli/src/main/java/com/zwinslett/strava/api/StravaAPIClient.java. Using fallback presentation compiler.
2026.05.08 21:58:10 INFO  no build target found for /Users/zachwinslett/Code/strava-cli/src/main/java/com/zwinslett/strava/api/StravaAPIClient.java. Using fallback presentation compiler.
2026.05.08 21:58:10 INFO  no build target found for /Users/zachwinslett/Code/strava-cli/src/main/java/com/zwinslett/strava/api/StravaAPIClient.java. Using fallback presentation compiler.
2026.05.08 21:58:10 INFO  no build target found for /Users/zachwinslett/Code/strava-cli/src/main/java/com/zwinslett/strava/api/StravaAPIClient.java. Using fallback presentation compiler.
2026.05.08 21:58:10 INFO  no build target found for /Users/zachwinslett/Code/strava-cli/src/main/java/com/zwinslett/strava/api/StravaAPIClient.java. Using fallback presentation compiler.
2026.05.08 21:58:12 INFO  no build target found for /Users/zachwinslett/Code/strava-cli/src/main/java/com/zwinslett/strava/api/StravaAPIClient.java. Using fallback presentation compiler.
2026.05.08 21:58:12 INFO  no build target found for /Users/zachwinslett/Code/strava-cli/src/main/java/com/zwinslett/strava/api/StravaAPIClient.java. Using fallback presentation compiler.
2026.05.08 21:58:14 INFO  no build target found for /Users/zachwinslett/Code/strava-cli/src/main/java/com/zwinslett/strava/api/StravaAPIClient.java. Using fallback presentation compiler.
2026.05.08 21:58:14 INFO  no build target found for /Users/zachwinslett/Code/strava-cli/src/main/java/com/zwinslett/strava/api/StravaAPIClient.java. Using fallback presentation compiler.
2026.05.08 21:58:14 INFO  no build target found for /Users/zachwinslett/Code/strava-cli/src/main/java/com/zwinslett/strava/api/StravaAPIClient.java. Using fallback presentation compiler.
2026.05.08 21:58:15 INFO  no build target found for /Users/zachwinslett/Code/strava-cli/src/main/java/com/zwinslett/strava/api/StravaAPIClient.java. Using fallback presentation compiler.
2026.05.08 21:58:15 INFO  no build target found for /Users/zachwinslett/Code/strava-cli/src/main/java/com/zwinslett/strava/api/StravaAPIClient.java. Using fallback presentation compiler.
2026.05.08 21:58:17 INFO  no build target found for /Users/zachwinslett/Code/strava-cli/src/main/java/com/zwinslett/strava/api/StravaAPIClient.java. Using fallback presentation compiler.
2026.05.08 21:58:25 INFO  no build target found for /Users/zachwinslett/Code/strava-cli/src/main/java/com/zwinslett/strava/api/StravaAPIClient.java. Using fallback presentation compiler.
2026.05.08 21:58:26 INFO  no build target found for /Users/zachwinslett/Code/strava-cli/src/main/java/com/zwinslett/strava/api/StravaAPIClient.java. Using fallback presentation compiler.
2026.05.08 21:58:30 INFO  no build target found for /Users/zachwinslett/Code/strava-cli/src/main/java/com/zwinslett/strava/api/StravaAPIClient.java. Using fallback presentation compiler.
2026.05.08 21:58:30 INFO  no build target found for /Users/zachwinslett/Code/strava-cli/src/main/java/com/zwinslett/strava/api/StravaAPIClient.java. Using fallback presentation compiler.
2026.05.08 21:58:30 INFO  no build target found for /Users/zachwinslett/Code/strava-cli/src/main/java/com/zwinslett/strava/api/StravaAPIClient.java. Using fallback presentation compiler.
2026.05.08 21:58:30 INFO  no build target found for /Users/zachwinslett/Code/strava-cli/src/main/java/com/zwinslett/strava/api/StravaAPIClient.java. Using fallback presentation compiler.
2026.05.08 21:58:30 INFO  no build target found for /Users/zachwinslett/Code/strava-cli/src/main/java/com/zwinslett/strava/api/StravaAPIClient.java. Using fallback presentation compiler.
2026.05.08 21:58:30 INFO  no build target found for /Users/zachwinslett/Code/strava-cli/src/main/java/com/zwinslett/strava/api/StravaAPIClient.java. Using fallback presentation compiler.
2026.05.08 21:58:30 INFO  no build target found for /Users/zachwinslett/Code/strava-cli/src/main/java/com/zwinslett/strava/api/StravaAPIClient.java. Using fallback presentation compiler.
2026.05.08 21:58:30 INFO  no build target found for /Users/zachwinslett/Code/strava-cli/src/main/java/com/zwinslett/strava/api/StravaAPIClient.java. Using fallback presentation compiler.
2026.05.08 21:58:30 INFO  no build target found for /Users/zachwinslett/Code/strava-cli/src/main/java/com/zwinslett/strava/api/StravaAPIClient.java. Using fallback presentation compiler.
2026.05.08 21:58:30 INFO  no build target found for /Users/zachwinslett/Code/strava-cli/src/main/java/com/zwinslett/strava/api/StravaAPIClient.java. Using fallback presentation compiler.
2026.05.08 21:58:30 INFO  no build target found for /Users/zachwinslett/Code/strava-cli/src/main/java/com/zwinslett/strava/api/StravaAPIClient.java. Using fallback presentation compiler.
2026.05.08 21:58:31 INFO  no build target found for /Users/zachwinslett/Code/strava-cli/src/main/java/com/zwinslett/strava/api/StravaAPIClient.java. Using fallback presentation compiler.
2026.05.08 21:58:31 INFO  no build target found for /Users/zachwinslett/Code/strava-cli/src/main/java/com/zwinslett/strava/api/StravaAPIClient.java. Using fallback presentation compiler.
2026.05.08 21:58:31 INFO  no build target found for /Users/zachwinslett/Code/strava-cli/src/main/java/com/zwinslett/strava/api/StravaAPIClient.java. Using fallback presentation compiler.
2026.05.08 21:58:31 INFO  no build target found for /Users/zachwinslett/Code/strava-cli/src/main/java/com/zwinslett/strava/api/StravaAPIClient.java. Using fallback presentation compiler.
2026.05.08 21:58:31 INFO  no build target found for /Users/zachwinslett/Code/strava-cli/src/main/java/com/zwinslett/strava/api/StravaAPIClient.java. Using fallback presentation compiler.
2026.05.08 21:58:31 INFO  no build target found for /Users/zachwinslett/Code/strava-cli/src/main/java/com/zwinslett/strava/api/StravaAPIClient.java. Using fallback presentation compiler.
2026.05.08 21:58:31 INFO  no build target found for /Users/zachwinslett/Code/strava-cli/src/main/java/com/zwinslett/strava/api/StravaAPIClient.java. Using fallback presentation compiler.
2026.05.08 21:58:31 INFO  no build target found for /Users/zachwinslett/Code/strava-cli/src/main/java/com/zwinslett/strava/api/StravaAPIClient.java. Using fallback presentation compiler.
2026.05.08 21:58:32 INFO  no build target found for /Users/zachwinslett/Code/strava-cli/src/main/java/com/zwinslett/strava/api/StravaAPIClient.java. Using fallback presentation compiler.
2026.05.08 21:58:32 INFO  no build target found for /Users/zachwinslett/Code/strava-cli/src/main/java/com/zwinslett/strava/api/StravaAPIClient.java. Using fallback presentation compiler.
2026.05.08 21:58:32 INFO  no build target found for /Users/zachwinslett/Code/strava-cli/src/main/java/com/zwinslett/strava/api/StravaAPIClient.java. Using fallback presentation compiler.
2026.05.08 21:58:32 INFO  no build target found for /Users/zachwinslett/Code/strava-cli/src/main/java/com/zwinslett/strava/api/StravaAPIClient.java. Using fallback presentation compiler.
2026.05.08 21:58:32 INFO  no build target found for /Users/zachwinslett/Code/strava-cli/src/main/java/com/zwinslett/strava/api/StravaAPIClient.java. Using fallback presentation compiler.
2026.05.08 21:58:32 INFO  no build target found for /Users/zachwinslett/Code/strava-cli/src/main/java/com/zwinslett/strava/api/StravaAPIClient.java. Using fallback presentation compiler.
2026.05.08 21:58:33 INFO  no build target found for /Users/zachwinslett/Code/strava-cli/src/main/java/com/zwinslett/strava/api/StravaAPIClient.java. Using fallback presentation compiler.
2026.05.08 21:58:33 INFO  no build target found for /Users/zachwinslett/Code/strava-cli/src/main/java/com/zwinslett/strava/api/StravaAPIClient.java. Using fallback presentation compiler.
2026.05.08 21:58:33 INFO  no build target found for /Users/zachwinslett/Code/strava-cli/src/main/java/com/zwinslett/strava/api/StravaAPIClient.java. Using fallback presentation compiler.
2026.05.08 21:58:33 INFO  no build target found for /Users/zachwinslett/Code/strava-cli/src/main/java/com/zwinslett/strava/api/StravaAPIClient.java. Using fallback presentation compiler.
2026.05.08 21:58:33 INFO  no build target found for /Users/zachwinslett/Code/strava-cli/src/main/java/com/zwinslett/strava/api/StravaAPIClient.java. Using fallback presentation compiler.
2026.05.08 21:58:34 INFO  no build target found for /Users/zachwinslett/Code/strava-cli/src/main/java/com/zwinslett/strava/api/StravaAPIClient.java. Using fallback presentation compiler.
2026.05.08 21:58:34 INFO  no build target found for /Users/zachwinslett/Code/strava-cli/src/main/java/com/zwinslett/strava/api/StravaAPIClient.java. Using fallback presentation compiler.
2026.05.08 21:58:34 INFO  no build target found for /Users/zachwinslett/Code/strava-cli/src/main/java/com/zwinslett/strava/api/StravaAPIClient.java. Using fallback presentation compiler.
2026.05.08 21:58:34 INFO  no build target found for /Users/zachwinslett/Code/strava-cli/src/main/java/com/zwinslett/strava/api/StravaAPIClient.java. Using fallback presentation compiler.
2026.05.08 21:58:34 INFO  no build target found for /Users/zachwinslett/Code/strava-cli/src/main/java/com/zwinslett/strava/api/StravaAPIClient.java. Using fallback presentation compiler.
2026.05.08 21:58:34 INFO  no build target found for /Users/zachwinslett/Code/strava-cli/src/main/java/com/zwinslett/strava/api/StravaAPIClient.java. Using fallback presentation compiler.
2026.05.08 21:58:34 INFO  no build target found for /Users/zachwinslett/Code/strava-cli/src/main/java/com/zwinslett/strava/api/StravaAPIClient.java. Using fallback presentation compiler.
2026.05.08 21:58:34 INFO  no build target found for /Users/zachwinslett/Code/strava-cli/src/main/java/com/zwinslett/strava/api/StravaAPIClient.java. Using fallback presentation compiler.
2026.05.08 21:58:34 INFO  no build target found for /Users/zachwinslett/Code/strava-cli/src/main/java/com/zwinslett/strava/api/StravaAPIClient.java. Using fallback presentation compiler.
2026.05.08 21:58:35 INFO  no build target found for /Users/zachwinslett/Code/strava-cli/src/main/java/com/zwinslett/strava/api/StravaAPIClient.java. Using fallback presentation compiler.
2026.05.08 21:58:40 INFO  no build target found for /Users/zachwinslett/Code/strava-cli/src/main/java/com/zwinslett/strava/api/StravaAPIClient.java. Using fallback presentation compiler.
2026.05.08 21:58:40 INFO  no build target found for /Users/zachwinslett/Code/strava-cli/src/main/java/com/zwinslett/strava/api/StravaAPIClient.java. Using fallback presentation compiler.
2026.05.08 21:58:46 INFO  no build target found for /Users/zachwinslett/Code/strava-cli/src/main/java/com/zwinslett/strava/api/StravaAPIClient.java. Using fallback presentation compiler.
2026.05.08 21:58:46 INFO  no build target found for /Users/zachwinslett/Code/strava-cli/src/main/java/com/zwinslett/strava/api/StravaAPIClient.java. Using fallback presentation compiler.
2026.05.08 21:58:46 INFO  no build target found for /Users/zachwinslett/Code/strava-cli/src/main/java/com/zwinslett/strava/api/StravaAPIClient.java. Using fallback presentation compiler.
2026.05.08 21:58:46 INFO  no build target found for /Users/zachwinslett/Code/strava-cli/src/main/java/com/zwinslett/strava/api/StravaAPIClient.java. Using fallback presentation compiler.
2026.05.08 21:58:46 INFO  no build target found for /Users/zachwinslett/Code/strava-cli/src/main/java/com/zwinslett/strava/api/StravaAPIClient.java. Using fallback presentation compiler.
2026.05.08 21:58:46 INFO  no build target found for /Users/zachwinslett/Code/strava-cli/src/main/java/com/zwinslett/strava/api/StravaAPIClient.java. Using fallback presentation compiler.
2026.05.08 21:58:46 INFO  no build target found for /Users/zachwinslett/Code/strava-cli/src/main/java/com/zwinslett/strava/api/StravaAPIClient.java. Using fallback presentation compiler.
2026.05.08 21:58:47 INFO  no build target found for /Users/zachwinslett/Code/strava-cli/src/main/java/com/zwinslett/strava/api/StravaAPIClient.java. Using fallback presentation compiler.
2026.05.08 21:58:46 INFO  no build target found for /Users/zachwinslett/Code/strava-cli/src/main/java/com/zwinslett/strava/api/StravaAPIClient.java. Using fallback presentation compiler.
2026.05.08 21:58:46 INFO  no build target found for /Users/zachwinslett/Code/strava-cli/src/main/java/com/zwinslett/strava/api/StravaAPIClient.java. Using fallback presentation compiler.
2026.05.08 21:58:47 INFO  no build target found for /Users/zachwinslett/Code/strava-cli/src/main/java/com/zwinslett/strava/api/StravaAPIClient.java. Using fallback presentation compiler.
2026.05.08 21:58:47 INFO  no build target found for /Users/zachwinslett/Code/strava-cli/src/main/java/com/zwinslett/strava/api/StravaAPIClient.java. Using fallback presentation compiler.
2026.05.08 21:58:47 INFO  no build target found for /Users/zachwinslett/Code/strava-cli/src/main/java/com/zwinslett/strava/api/StravaAPIClient.java. Using fallback presentation compiler.
2026.05.08 21:58:47 INFO  no build target found for /Users/zachwinslett/Code/strava-cli/src/main/java/com/zwinslett/strava/api/StravaAPIClient.java. Using fallback presentation compiler.
2026.05.08 21:58:49 INFO  no build target found for /Users/zachwinslett/Code/strava-cli/src/main/java/com/zwinslett/strava/api/StravaAPIClient.java. Using fallback presentation compiler.
2026.05.08 21:58:49 INFO  no build target found for /Users/zachwinslett/Code/strava-cli/src/main/java/com/zwinslett/strava/api/StravaAPIClient.java. Using fallback presentation compiler.
2026.05.08 21:58:49 INFO  no build target found for /Users/zachwinslett/Code/strava-cli/src/main/java/com/zwinslett/strava/api/StravaAPIClient.java. Using fallback presentation compiler.
2026.05.08 21:58:50 INFO  no build target found for /Users/zachwinslett/Code/strava-cli/src/main/java/com/zwinslett/strava/api/StravaAPIClient.java. Using fallback presentation compiler.
2026.05.08 21:58:51 INFO  no build target found for /Users/zachwinslett/Code/strava-cli/src/main/java/com/zwinslett/strava/api/StravaAPIClient.java. Using fallback presentation compiler.
2026.05.08 21:58:51 INFO  no build target found for /Users/zachwinslett/Code/strava-cli/src/main/java/com/zwinslett/strava/api/StravaAPIClient.java. Using fallback presentation compiler.
2026.05.08 21:58:51 INFO  no build target found for /Users/zachwinslett/Code/strava-cli/src/main/java/com/zwinslett/strava/api/StravaAPIClient.java. Using fallback presentation compiler.
2026.05.08 21:58:51 INFO  no build target found for /Users/zachwinslett/Code/strava-cli/src/main/java/com/zwinslett/strava/api/StravaAPIClient.java. Using fallback presentation compiler.
2026.05.08 21:58:52 INFO  no build target found for /Users/zachwinslett/Code/strava-cli/src/main/java/com/zwinslett/strava/api/StravaAPIClient.java. Using fallback presentation compiler.
2026.05.08 21:58:53 INFO  no build target found for /Users/zachwinslett/Code/strava-cli/src/main/java/com/zwinslett/strava/api/StravaAPIClient.java. Using fallback presentation compiler.
2026.05.08 21:58:52 INFO  no build target found for /Users/zachwinslett/Code/strava-cli/src/main/java/com/zwinslett/strava/api/StravaAPIClient.java. Using fallback presentation compiler.
2026.05.08 21:58:52 INFO  no build target found for /Users/zachwinslett/Code/strava-cli/src/main/java/com/zwinslett/strava/api/StravaAPIClient.java. Using fallback presentation compiler.
2026.05.08 21:58:53 INFO  no build target found for /Users/zachwinslett/Code/strava-cli/src/main/java/com/zwinslett/strava/api/StravaAPIClient.java. Using fallback presentation compiler.
2026.05.08 21:58:52 INFO  no build target found for /Users/zachwinslett/Code/strava-cli/src/main/java/com/zwinslett/strava/api/StravaAPIClient.java. Using fallback presentation compiler.
2026.05.08 21:58:54 INFO  no build target found for /Users/zachwinslett/Code/strava-cli/src/main/java/com/zwinslett/strava/api/StravaAPIClient.java. Using fallback presentation compiler.
2026.05.08 21:58:55 INFO  no build target found for /Users/zachwinslett/Code/strava-cli/src/main/java/com/zwinslett/strava/api/StravaAPIClient.java. Using fallback presentation compiler.
2026.05.08 21:58:55 INFO  no build target found for /Users/zachwinslett/Code/strava-cli/src/main/java/com/zwinslett/strava/api/StravaAPIClient.java. Using fallback presentation compiler.
2026.05.08 21:58:55 INFO  no build target found for /Users/zachwinslett/Code/strava-cli/src/main/java/com/zwinslett/strava/api/StravaAPIClient.java. Using fallback presentation compiler.
2026.05.08 21:58:55 INFO  no build target found for /Users/zachwinslett/Code/strava-cli/src/main/java/com/zwinslett/strava/api/StravaAPIClient.java. Using fallback presentation compiler.
2026.05.08 21:58:55 INFO  no build target found for /Users/zachwinslett/Code/strava-cli/src/main/java/com/zwinslett/strava/api/StravaAPIClient.java. Using fallback presentation compiler.
2026.05.08 21:58:56 INFO  no build target found for /Users/zachwinslett/Code/strava-cli/src/main/java/com/zwinslett/strava/api/StravaAPIClient.java. Using fallback presentation compiler.
2026.05.08 21:58:55 INFO  no build target found for /Users/zachwinslett/Code/strava-cli/src/main/java/com/zwinslett/strava/api/StravaAPIClient.java. Using fallback presentation compiler.
2026.05.08 21:58:56 INFO  no build target found for /Users/zachwinslett/Code/strava-cli/src/main/java/com/zwinslett/strava/api/StravaAPIClient.java. Using fallback presentation compiler.
2026.05.08 21:58:56 INFO  no build target found for /Users/zachwinslett/Code/strava-cli/src/main/java/com/zwinslett/strava/api/StravaAPIClient.java. Using fallback presentation compiler.
2026.05.08 21:58:56 INFO  no build target found for /Users/zachwinslett/Code/strava-cli/src/main/java/com/zwinslett/strava/api/StravaAPIClient.java. Using fallback presentation compiler.
2026.05.08 21:58:56 INFO  no build target found for /Users/zachwinslett/Code/strava-cli/src/main/java/com/zwinslett/strava/api/StravaAPIClient.java. Using fallback presentation compiler.
2026.05.08 21:58:56 INFO  no build target found for /Users/zachwinslett/Code/strava-cli/src/main/java/com/zwinslett/strava/api/StravaAPIClient.java. Using fallback presentation compiler.
2026.05.08 21:58:56 INFO  no build target found for /Users/zachwinslett/Code/strava-cli/src/main/java/com/zwinslett/strava/api/StravaAPIClient.java. Using fallback presentation compiler.
2026.05.08 21:58:57 INFO  no build target found for /Users/zachwinslett/Code/strava-cli/src/main/java/com/zwinslett/strava/api/StravaAPIClient.java. Using fallback presentation compiler.
2026.05.08 21:58:57 INFO  no build target found for /Users/zachwinslett/Code/strava-cli/src/main/java/com/zwinslett/strava/api/StravaAPIClient.java. Using fallback presentation compiler.
2026.05.08 21:58:57 INFO  no build target found for /Users/zachwinslett/Code/strava-cli/src/main/java/com/zwinslett/strava/api/StravaAPIClient.java. Using fallback presentation compiler.
2026.05.08 21:58:58 INFO  no build target found for /Users/zachwinslett/Code/strava-cli/src/main/java/com/zwinslett/strava/api/StravaAPIClient.java. Using fallback presentation compiler.
2026.05.08 21:58:57 INFO  no build target found for /Users/zachwinslett/Code/strava-cli/src/main/java/com/zwinslett/strava/api/StravaAPIClient.java. Using fallback presentation compiler.
2026.05.08 21:58:57 INFO  no build target found for /Users/zachwinslett/Code/strava-cli/src/main/java/com/zwinslett/strava/api/StravaAPIClient.java. Using fallback presentation compiler.
2026.05.08 21:58:57 INFO  no build target found for /Users/zachwinslett/Code/strava-cli/src/main/java/com/zwinslett/strava/api/StravaAPIClient.java. Using fallback presentation compiler.
2026.05.08 21:58:58 INFO  no build target found for /Users/zachwinslett/Code/strava-cli/src/main/java/com/zwinslett/strava/api/StravaAPIClient.java. Using fallback presentation compiler.
2026.05.08 21:58:57 INFO  no build target found for /Users/zachwinslett/Code/strava-cli/src/main/java/com/zwinslett/strava/api/StravaAPIClient.java. Using fallback presentation compiler.
2026.05.08 21:58:58 INFO  no build target found for /Users/zachwinslett/Code/strava-cli/src/main/java/com/zwinslett/strava/api/StravaAPIClient.java. Using fallback presentation compiler.
2026.05.08 21:58:58 INFO  no build target found for /Users/zachwinslett/Code/strava-cli/src/main/java/com/zwinslett/strava/api/StravaAPIClient.java. Using fallback presentation compiler.
2026.05.08 21:58:58 INFO  no build target found for /Users/zachwinslett/Code/strava-cli/src/main/java/com/zwinslett/strava/api/StravaAPIClient.java. Using fallback presentation compiler.
2026.05.08 21:58:58 INFO  no build target found for /Users/zachwinslett/Code/strava-cli/src/main/java/com/zwinslett/strava/api/StravaAPIClient.java. Using fallback presentation compiler.
2026.05.08 21:58:58 INFO  no build target found for /Users/zachwinslett/Code/strava-cli/src/main/java/com/zwinslett/strava/api/StravaAPIClient.java. Using fallback presentation compiler.
2026.05.08 21:58:58 INFO  no build target found for /Users/zachwinslett/Code/strava-cli/src/main/java/com/zwinslett/strava/api/StravaAPIClient.java. Using fallback presentation compiler.
2026.05.08 21:58:59 INFO  no build target found for /Users/zachwinslett/Code/strava-cli/src/main/java/com/zwinslett/strava/api/StravaAPIClient.java. Using fallback presentation compiler.
2026.05.08 21:58:58 INFO  no build target found for /Users/zachwinslett/Code/strava-cli/src/main/java/com/zwinslett/strava/api/StravaAPIClient.java. Using fallback presentation compiler.
2026.05.08 21:59:00 INFO  no build target found for /Users/zachwinslett/Code/strava-cli/src/main/java/com/zwinslett/strava/api/StravaAPIClient.java. Using fallback presentation compiler.
2026.05.08 21:59:00 INFO  no build target found for /Users/zachwinslett/Code/strava-cli/src/main/java/com/zwinslett/strava/api/StravaAPIClient.java. Using fallback presentation compiler.
2026.05.08 21:59:00 INFO  no build target found for /Users/zachwinslett/Code/strava-cli/src/main/java/com/zwinslett/strava/api/StravaAPIClient.java. Using fallback presentation compiler.
2026.05.08 21:59:00 INFO  no build target found for /Users/zachwinslett/Code/strava-cli/src/main/java/com/zwinslett/strava/api/StravaAPIClient.java. Using fallback presentation compiler.
2026.05.08 21:59:00 INFO  no build target found for /Users/zachwinslett/Code/strava-cli/src/main/java/com/zwinslett/strava/api/StravaAPIClient.java. Using fallback presentation compiler.
2026.05.08 21:59:00 INFO  no build target found for /Users/zachwinslett/Code/strava-cli/src/main/java/com/zwinslett/strava/api/StravaAPIClient.java. Using fallback presentation compiler.
2026.05.08 21:59:00 INFO  no build target found for /Users/zachwinslett/Code/strava-cli/src/main/java/com/zwinslett/strava/api/StravaAPIClient.java. Using fallback presentation compiler.
2026.05.08 21:59:00 INFO  no build target found for /Users/zachwinslett/Code/strava-cli/src/main/java/com/zwinslett/strava/api/StravaAPIClient.java. Using fallback presentation compiler.
2026.05.08 21:59:01 INFO  no build target found for /Users/zachwinslett/Code/strava-cli/src/main/java/com/zwinslett/strava/api/StravaAPIClient.java. Using fallback presentation compiler.
2026.05.08 21:59:01 INFO  no build target found for /Users/zachwinslett/Code/strava-cli/src/main/java/com/zwinslett/strava/api/StravaAPIClient.java. Using fallback presentation compiler.
2026.05.08 21:59:01 INFO  no build target found for /Users/zachwinslett/Code/strava-cli/src/main/java/com/zwinslett/strava/api/StravaAPIClient.java. Using fallback presentation compiler.
2026.05.08 21:59:01 INFO  no build target found for /Users/zachwinslett/Code/strava-cli/src/main/java/com/zwinslett/strava/api/StravaAPIClient.java. Using fallback presentation compiler.
2026.05.08 21:59:01 INFO  no build target found for /Users/zachwinslett/Code/strava-cli/src/main/java/com/zwinslett/strava/api/StravaAPIClient.java. Using fallback presentation compiler.
2026.05.08 21:59:01 INFO  no build target found for /Users/zachwinslett/Code/strava-cli/src/main/java/com/zwinslett/strava/api/StravaAPIClient.java. Using fallback presentation compiler.
2026.05.08 21:59:01 INFO  no build target found for /Users/zachwinslett/Code/strava-cli/src/main/java/com/zwinslett/strava/api/StravaAPIClient.java. Using fallback presentation compiler.
2026.05.08 21:59:01 INFO  no build target found for /Users/zachwinslett/Code/strava-cli/src/main/java/com/zwinslett/strava/api/StravaAPIClient.java. Using fallback presentation compiler.
2026.05.08 21:59:02 INFO  no build target found for /Users/zachwinslett/Code/strava-cli/src/main/java/com/zwinslett/strava/api/StravaAPIClient.java. Using fallback presentation compiler.
2026.05.08 21:59:02 INFO  no build target found for /Users/zachwinslett/Code/strava-cli/src/main/java/com/zwinslett/strava/api/StravaAPIClient.java. Using fallback presentation compiler.
2026.05.08 21:59:02 INFO  no build target found for /Users/zachwinslett/Code/strava-cli/src/main/java/com/zwinslett/strava/api/StravaAPIClient.java. Using fallback presentation compiler.
2026.05.08 21:59:02 INFO  no build target found for /Users/zachwinslett/Code/strava-cli/src/main/java/com/zwinslett/strava/api/StravaAPIClient.java. Using fallback presentation compiler.
2026.05.08 21:59:02 INFO  no build target found for /Users/zachwinslett/Code/strava-cli/src/main/java/com/zwinslett/strava/api/StravaAPIClient.java. Using fallback presentation compiler.
2026.05.08 21:59:05 INFO  no build target found for /Users/zachwinslett/Code/strava-cli/src/main/java/com/zwinslett/strava/api/StravaAPIClient.java. Using fallback presentation compiler.
2026.05.08 21:59:05 INFO  no build target found for /Users/zachwinslett/Code/strava-cli/src/main/java/com/zwinslett/strava/api/StravaAPIClient.java. Using fallback presentation compiler.
2026.05.08 21:59:05 INFO  no build target found for /Users/zachwinslett/Code/strava-cli/src/main/java/com/zwinslett/strava/api/StravaAPIClient.java. Using fallback presentation compiler.
2026.05.08 21:59:06 INFO  no build target found for /Users/zachwinslett/Code/strava-cli/src/main/java/com/zwinslett/strava/api/StravaAPIClient.java. Using fallback presentation compiler.
2026.05.08 21:59:06 INFO  no build target found for /Users/zachwinslett/Code/strava-cli/src/main/java/com/zwinslett/strava/api/StravaAPIClient.java. Using fallback presentation compiler.
2026.05.08 21:59:06 INFO  no build target found for /Users/zachwinslett/Code/strava-cli/src/main/java/com/zwinslett/strava/api/StravaAPIClient.java. Using fallback presentation compiler.
2026.05.08 21:59:06 INFO  no build target found for /Users/zachwinslett/Code/strava-cli/src/main/java/com/zwinslett/strava/api/StravaAPIClient.java. Using fallback presentation compiler.
2026.05.08 21:59:06 INFO  no build target found for /Users/zachwinslett/Code/strava-cli/src/main/java/com/zwinslett/strava/api/StravaAPIClient.java. Using fallback presentation compiler.
2026.05.08 21:59:07 INFO  no build target found for /Users/zachwinslett/Code/strava-cli/src/main/java/com/zwinslett/strava/api/StravaAPIClient.java. Using fallback presentation compiler.
2026.05.08 21:59:06 INFO  no build target found for /Users/zachwinslett/Code/strava-cli/src/main/java/com/zwinslett/strava/api/StravaAPIClient.java. Using fallback presentation compiler.
2026.05.08 21:59:06 INFO  no build target found for /Users/zachwinslett/Code/strava-cli/src/main/java/com/zwinslett/strava/api/StravaAPIClient.java. Using fallback presentation compiler.
2026.05.08 21:59:07 INFO  no build target found for /Users/zachwinslett/Code/strava-cli/src/main/java/com/zwinslett/strava/api/StravaAPIClient.java. Using fallback presentation compiler.
2026.05.08 21:59:06 INFO  no build target found for /Users/zachwinslett/Code/strava-cli/src/main/java/com/zwinslett/strava/api/StravaAPIClient.java. Using fallback presentation compiler.
2026.05.08 21:59:08 INFO  no build target found for /Users/zachwinslett/Code/strava-cli/src/main/java/com/zwinslett/strava/api/StravaAPIClient.java. Using fallback presentation compiler.
2026.05.08 21:59:08 INFO  no build target found for /Users/zachwinslett/Code/strava-cli/src/main/java/com/zwinslett/strava/api/StravaAPIClient.java. Using fallback presentation compiler.
2026.05.08 21:59:09 INFO  no build target found for /Users/zachwinslett/Code/strava-cli/src/main/java/com/zwinslett/strava/api/StravaAPIClient.java. Using fallback presentation compiler.
2026.05.08 21:59:09 INFO  no build target found for /Users/zachwinslett/Code/strava-cli/src/main/java/com/zwinslett/strava/api/StravaAPIClient.java. Using fallback presentation compiler.
2026.05.08 21:59:09 INFO  no build target found for /Users/zachwinslett/Code/strava-cli/src/main/java/com/zwinslett/strava/api/StravaAPIClient.java. Using fallback presentation compiler.
2026.05.08 21:59:09 INFO  no build target found for /Users/zachwinslett/Code/strava-cli/src/main/java/com/zwinslett/strava/api/StravaAPIClient.java. Using fallback presentation compiler.
2026.05.08 21:59:09 INFO  no build target found for /Users/zachwinslett/Code/strava-cli/src/main/java/com/zwinslett/strava/api/StravaAPIClient.java. Using fallback presentation compiler.
2026.05.08 21:59:09 INFO  no build target found for /Users/zachwinslett/Code/strava-cli/src/main/java/com/zwinslett/strava/api/StravaAPIClient.java. Using fallback presentation compiler.
2026.05.08 21:59:10 INFO  no build target found for /Users/zachwinslett/Code/strava-cli/src/main/java/com/zwinslett/strava/api/StravaAPIClient.java. Using fallback presentation compiler.
2026.05.08 21:59:10 INFO  no build target found for /Users/zachwinslett/Code/strava-cli/src/main/java/com/zwinslett/strava/api/StravaAPIClient.java. Using fallback presentation compiler.
2026.05.08 21:59:11 INFO  no build target found for /Users/zachwinslett/Code/strava-cli/src/main/java/com/zwinslett/strava/api/StravaAPIClient.java. Using fallback presentation compiler.
2026.05.08 21:59:11 INFO  no build target found for /Users/zachwinslett/Code/strava-cli/src/main/java/com/zwinslett/strava/api/StravaAPIClient.java. Using fallback presentation compiler.
2026.05.08 21:59:11 INFO  no build target found for /Users/zachwinslett/Code/strava-cli/src/main/java/com/zwinslett/strava/api/StravaAPIClient.java. Using fallback presentation compiler.
2026.05.08 21:59:11 INFO  no build target found for /Users/zachwinslett/Code/strava-cli/src/main/java/com/zwinslett/strava/api/StravaAPIClient.java. Using fallback presentation compiler.
2026.05.08 21:59:11 INFO  no build target found for /Users/zachwinslett/Code/strava-cli/src/main/java/com/zwinslett/strava/api/StravaAPIClient.java. Using fallback presentation compiler.
2026.05.08 21:59:12 INFO  no build target found for /Users/zachwinslett/Code/strava-cli/src/main/java/com/zwinslett/strava/api/StravaAPIClient.java. Using fallback presentation compiler.
2026.05.08 21:59:11 INFO  no build target found for /Users/zachwinslett/Code/strava-cli/src/main/java/com/zwinslett/strava/api/StravaAPIClient.java. Using fallback presentation compiler.
2026.05.08 21:59:11 INFO  no build target found for /Users/zachwinslett/Code/strava-cli/src/main/java/com/zwinslett/strava/api/StravaAPIClient.java. Using fallback presentation compiler.
2026.05.08 21:59:12 INFO  no build target found for /Users/zachwinslett/Code/strava-cli/src/main/java/com/zwinslett/strava/api/StravaAPIClient.java. Using fallback presentation compiler.
2026.05.08 21:59:12 INFO  no build target found for /Users/zachwinslett/Code/strava-cli/src/main/java/com/zwinslett/strava/api/StravaAPIClient.java. Using fallback presentation compiler.
2026.05.08 21:59:12 INFO  no build target found for /Users/zachwinslett/Code/strava-cli/src/main/java/com/zwinslett/strava/api/StravaAPIClient.java. Using fallback presentation compiler.
2026.05.08 21:59:12 INFO  no build target found for /Users/zachwinslett/Code/strava-cli/src/main/java/com/zwinslett/strava/api/StravaAPIClient.java. Using fallback presentation compiler.
2026.05.08 21:59:12 INFO  no build target found for /Users/zachwinslett/Code/strava-cli/src/main/java/com/zwinslett/strava/api/StravaAPIClient.java. Using fallback presentation compiler.
2026.05.08 21:59:13 INFO  no build target found for /Users/zachwinslett/Code/strava-cli/src/main/java/com/zwinslett/strava/api/StravaAPIClient.java. Using fallback presentation compiler.
2026.05.08 21:59:14 INFO  no build target found for /Users/zachwinslett/Code/strava-cli/src/main/java/com/zwinslett/strava/api/StravaAPIClient.java. Using fallback presentation compiler.
2026.05.08 21:59:13 INFO  no build target found for /Users/zachwinslett/Code/strava-cli/src/main/java/com/zwinslett/strava/api/StravaAPIClient.java. Using fallback presentation compiler.
2026.05.08 21:59:13 INFO  no build target found for /Users/zachwinslett/Code/strava-cli/src/main/java/com/zwinslett/strava/api/StravaAPIClient.java. Using fallback presentation compiler.
2026.05.08 21:59:13 INFO  no build target found for /Users/zachwinslett/Code/strava-cli/src/main/java/com/zwinslett/strava/api/StravaAPIClient.java. Using fallback presentation compiler.
2026.05.08 21:59:13 INFO  no build target found for /Users/zachwinslett/Code/strava-cli/src/main/java/com/zwinslett/strava/api/StravaAPIClient.java. Using fallback presentation compiler.
2026.05.08 21:59:14 INFO  no build target found for /Users/zachwinslett/Code/strava-cli/src/main/java/com/zwinslett/strava/api/StravaAPIClient.java. Using fallback presentation compiler.
2026.05.08 21:59:15 INFO  no build target found for /Users/zachwinslett/Code/strava-cli/src/main/java/com/zwinslett/strava/api/StravaAPIClient.java. Using fallback presentation compiler.
2026.05.08 21:59:17 INFO  no build target found for /Users/zachwinslett/Code/strava-cli/src/main/java/com/zwinslett/strava/api/StravaAPIClient.java. Using fallback presentation compiler.
2026.05.08 21:59:17 INFO  no build target found for /Users/zachwinslett/Code/strava-cli/src/main/java/com/zwinslett/strava/api/StravaAPIClient.java. Using fallback presentation compiler.
2026.05.08 21:59:17 INFO  no build target found for /Users/zachwinslett/Code/strava-cli/src/main/java/com/zwinslett/strava/api/StravaAPIClient.java. Using fallback presentation compiler.
2026.05.08 21:59:17 INFO  no build target found for /Users/zachwinslett/Code/strava-cli/src/main/java/com/zwinslett/strava/api/StravaAPIClient.java. Using fallback presentation compiler.
2026.05.08 21:59:17 INFO  no build target found for /Users/zachwinslett/Code/strava-cli/src/main/java/com/zwinslett/strava/api/StravaAPIClient.java. Using fallback presentation compiler.
2026.05.08 21:59:18 INFO  no build target found for /Users/zachwinslett/Code/strava-cli/src/main/java/com/zwinslett/strava/api/StravaAPIClient.java. Using fallback presentation compiler.
2026.05.08 21:59:18 INFO  no build target found for /Users/zachwinslett/Code/strava-cli/src/main/java/com/zwinslett/strava/api/StravaAPIClient.java. Using fallback presentation compiler.
2026.05.08 21:59:19 INFO  no build target found for /Users/zachwinslett/Code/strava-cli/src/main/java/com/zwinslett/strava/api/StravaAPIClient.java. Using fallback presentation compiler.
2026.05.08 21:59:18 INFO  no build target found for /Users/zachwinslett/Code/strava-cli/src/main/java/com/zwinslett/strava/api/StravaAPIClient.java. Using fallback presentation compiler.
2026.05.08 21:59:18 INFO  no build target found for /Users/zachwinslett/Code/strava-cli/src/main/java/com/zwinslett/strava/api/StravaAPIClient.java. Using fallback presentation compiler.
2026.05.08 21:59:19 INFO  no build target found for /Users/zachwinslett/Code/strava-cli/src/main/java/com/zwinslett/strava/api/StravaAPIClient.java. Using fallback presentation compiler.
2026.05.08 21:59:20 INFO  no build target found for /Users/zachwinslett/Code/strava-cli/src/main/java/com/zwinslett/strava/api/StravaAPIClient.java. Using fallback presentation compiler.
2026.05.08 21:59:20 INFO  no build target found for /Users/zachwinslett/Code/strava-cli/src/main/java/com/zwinslett/strava/api/StravaAPIClient.java. Using fallback presentation compiler.
2026.05.08 21:59:20 INFO  no build target found for /Users/zachwinslett/Code/strava-cli/src/main/java/com/zwinslett/strava/api/StravaAPIClient.java. Using fallback presentation compiler.
2026.05.08 21:59:20 INFO  no build target found for /Users/zachwinslett/Code/strava-cli/src/main/java/com/zwinslett/strava/api/StravaAPIClient.java. Using fallback presentation compiler.
2026.05.08 21:59:21 INFO  no build target found for /Users/zachwinslett/Code/strava-cli/src/main/java/com/zwinslett/strava/api/StravaAPIClient.java. Using fallback presentation compiler.
2026.05.08 21:59:21 INFO  no build target found for /Users/zachwinslett/Code/strava-cli/src/main/java/com/zwinslett/strava/api/StravaAPIClient.java. Using fallback presentation compiler.
2026.05.08 21:59:21 INFO  no build target found for /Users/zachwinslett/Code/strava-cli/src/main/java/com/zwinslett/strava/api/StravaAPIClient.java. Using fallback presentation compiler.
2026.05.08 21:59:21 INFO  no build target found for /Users/zachwinslett/Code/strava-cli/src/main/java/com/zwinslett/strava/api/StravaAPIClient.java. Using fallback presentation compiler.
2026.05.08 21:59:22 INFO  no build target found for /Users/zachwinslett/Code/strava-cli/src/main/java/com/zwinslett/strava/api/StravaAPIClient.java. Using fallback presentation compiler.
2026.05.08 21:59:29 INFO  no build target found for /Users/zachwinslett/Code/strava-cli/src/main/java/com/zwinslett/strava/api/StravaAPIClient.java. Using fallback presentation compiler.
2026.05.08 21:59:29 INFO  no build target found for /Users/zachwinslett/Code/strava-cli/src/main/java/com/zwinslett/strava/api/StravaAPIClient.java. Using fallback presentation compiler.
2026.05.08 21:59:29 INFO  no build target found for /Users/zachwinslett/Code/strava-cli/src/main/java/com/zwinslett/strava/api/StravaAPIClient.java. Using fallback presentation compiler.
2026.05.08 21:59:29 INFO  no build target found for /Users/zachwinslett/Code/strava-cli/src/main/java/com/zwinslett/strava/api/StravaAPIClient.java. Using fallback presentation compiler.
2026.05.08 21:59:31 INFO  no build target found for /Users/zachwinslett/Code/strava-cli/src/main/java/com/zwinslett/strava/api/StravaAPIClient.java. Using fallback presentation compiler.
2026.05.08 21:59:31 INFO  no build target found for /Users/zachwinslett/Code/strava-cli/src/main/java/com/zwinslett/strava/api/StravaAPIClient.java. Using fallback presentation compiler.
2026.05.08 21:59:31 INFO  no build target found for /Users/zachwinslett/Code/strava-cli/src/main/java/com/zwinslett/strava/api/StravaAPIClient.java. Using fallback presentation compiler.
2026.05.08 21:59:32 INFO  no build target found for /Users/zachwinslett/Code/strava-cli/src/main/java/com/zwinslett/strava/api/StravaAPIClient.java. Using fallback presentation compiler.
2026.05.08 21:59:32 INFO  no build target found for /Users/zachwinslett/Code/strava-cli/src/main/java/com/zwinslett/strava/api/StravaAPIClient.java. Using fallback presentation compiler.
2026.05.08 21:59:32 INFO  no build target found for /Users/zachwinslett/Code/strava-cli/src/main/java/com/zwinslett/strava/api/StravaAPIClient.java. Using fallback presentation compiler.
2026.05.08 21:59:32 INFO  no build target found for /Users/zachwinslett/Code/strava-cli/src/main/java/com/zwinslett/strava/api/StravaAPIClient.java. Using fallback presentation compiler.
2026.05.08 21:59:33 INFO  no build target found for /Users/zachwinslett/Code/strava-cli/src/main/java/com/zwinslett/strava/api/StravaAPIClient.java. Using fallback presentation compiler.
2026.05.08 21:59:34 INFO  no build target found for /Users/zachwinslett/Code/strava-cli/src/main/java/com/zwinslett/strava/api/StravaAPIClient.java. Using fallback presentation compiler.
2026.05.08 21:59:41 INFO  no build target found for /Users/zachwinslett/Code/strava-cli/src/main/java/com/zwinslett/strava/api/StravaAPIClient.java. Using fallback presentation compiler.
2026.05.08 21:59:41 INFO  no build target found for /Users/zachwinslett/Code/strava-cli/src/main/java/com/zwinslett/strava/api/StravaAPIClient.java. Using fallback presentation compiler.
2026.05.08 21:59:41 INFO  no build target found for /Users/zachwinslett/Code/strava-cli/src/main/java/com/zwinslett/strava/api/StravaAPIClient.java. Using fallback presentation compiler.
2026.05.08 21:59:44 INFO  no build target found for /Users/zachwinslett/Code/strava-cli/src/main/java/com/zwinslett/strava/api/StravaAPIClient.java. Using fallback presentation compiler.
2026.05.08 21:59:44 INFO  no build target found for /Users/zachwinslett/Code/strava-cli/src/main/java/com/zwinslett/strava/api/StravaAPIClient.java. Using fallback presentation compiler.
2026.05.08 21:59:44 INFO  no build target found for /Users/zachwinslett/Code/strava-cli/src/main/java/com/zwinslett/strava/api/StravaAPIClient.java. Using fallback presentation compiler.
2026.05.08 21:59:46 INFO  no build target found for /Users/zachwinslett/Code/strava-cli/src/main/java/com/zwinslett/strava/api/StravaAPIClient.java. Using fallback presentation compiler.
2026.05.08 21:59:46 INFO  no build target found for /Users/zachwinslett/Code/strava-cli/src/main/java/com/zwinslett/strava/api/StravaAPIClient.java. Using fallback presentation compiler.
2026.05.08 21:59:46 INFO  no build target found for /Users/zachwinslett/Code/strava-cli/src/main/java/com/zwinslett/strava/api/StravaAPIClient.java. Using fallback presentation compiler.
2026.05.08 21:59:46 INFO  no build target found for /Users/zachwinslett/Code/strava-cli/src/main/java/com/zwinslett/strava/api/StravaAPIClient.java. Using fallback presentation compiler.
2026.05.08 21:59:47 INFO  no build target found for /Users/zachwinslett/Code/strava-cli/src/main/java/com/zwinslett/strava/api/StravaAPIClient.java. Using fallback presentation compiler.
2026.05.08 21:59:47 INFO  no build target found for /Users/zachwinslett/Code/strava-cli/src/main/java/com/zwinslett/strava/api/StravaAPIClient.java. Using fallback presentation compiler.
2026.05.08 21:59:47 INFO  no build target found for /Users/zachwinslett/Code/strava-cli/src/main/java/com/zwinslett/strava/api/StravaAPIClient.java. Using fallback presentation compiler.
2026.05.08 21:59:47 INFO  no build target found for /Users/zachwinslett/Code/strava-cli/src/main/java/com/zwinslett/strava/api/StravaAPIClient.java. Using fallback presentation compiler.
2026.05.08 21:59:47 INFO  no build target found for /Users/zachwinslett/Code/strava-cli/src/main/java/com/zwinslett/strava/api/StravaAPIClient.java. Using fallback presentation compiler.
2026.05.08 21:59:49 INFO  no build target found for /Users/zachwinslett/Code/strava-cli/src/main/java/com/zwinslett/strava/api/StravaAPIClient.java. Using fallback presentation compiler.
2026.05.08 21:59:49 INFO  no build target found for /Users/zachwinslett/Code/strava-cli/src/main/java/com/zwinslett/strava/api/StravaAPIClient.java. Using fallback presentation compiler.
2026.05.08 21:59:49 INFO  no build target found for /Users/zachwinslett/Code/strava-cli/src/main/java/com/zwinslett/strava/api/StravaAPIClient.java. Using fallback presentation compiler.
2026.05.08 21:59:49 INFO  no build target found for /Users/zachwinslett/Code/strava-cli/src/main/java/com/zwinslett/strava/api/StravaAPIClient.java. Using fallback presentation compiler.
2026.05.08 21:59:49 INFO  no build target found for /Users/zachwinslett/Code/strava-cli/src/main/java/com/zwinslett/strava/api/StravaAPIClient.java. Using fallback presentation compiler.
2026.05.08 21:59:50 INFO  no build target found for /Users/zachwinslett/Code/strava-cli/src/main/java/com/zwinslett/strava/api/StravaAPIClient.java. Using fallback presentation compiler.
2026.05.08 21:59:50 INFO  no build target found for /Users/zachwinslett/Code/strava-cli/src/main/java/com/zwinslett/strava/api/StravaAPIClient.java. Using fallback presentation compiler.
2026.05.08 21:59:50 INFO  no build target found for /Users/zachwinslett/Code/strava-cli/src/main/java/com/zwinslett/strava/api/StravaAPIClient.java. Using fallback presentation compiler.
2026.05.08 21:59:50 INFO  no build target found for /Users/zachwinslett/Code/strava-cli/src/main/java/com/zwinslett/strava/api/StravaAPIClient.java. Using fallback presentation compiler.
2026.05.08 21:59:50 INFO  no build target found for /Users/zachwinslett/Code/strava-cli/src/main/java/com/zwinslett/strava/api/StravaAPIClient.java. Using fallback presentation compiler.
2026.05.08 22:00:01 INFO  no build target found for /Users/zachwinslett/Code/strava-cli/src/main/java/com/zwinslett/strava/api/StravaAPIClient.java. Using fallback presentation compiler.
2026.05.08 22:00:01 INFO  no build target found for /Users/zachwinslett/Code/strava-cli/src/main/java/com/zwinslett/strava/api/StravaAPIClient.java. Using fallback presentation compiler.
2026.05.08 22:00:01 INFO  no build target found for /Users/zachwinslett/Code/strava-cli/src/main/java/com/zwinslett/strava/api/StravaAPIClient.java. Using fallback presentation compiler.
2026.05.08 22:00:13 INFO  no build target found for /Users/zachwinslett/Code/strava-cli/src/main/java/com/zwinslett/strava/api/StravaAPIClient.java. Using fallback presentation compiler.
2026.05.08 22:00:13 INFO  no build target found for /Users/zachwinslett/Code/strava-cli/src/main/java/com/zwinslett/strava/api/StravaAPIClient.java. Using fallback presentation compiler.
2026.05.08 22:00:13 INFO  no build target found for /Users/zachwinslett/Code/strava-cli/src/main/java/com/zwinslett/strava/api/StravaAPIClient.java. Using fallback presentation compiler.
2026.05.08 22:00:13 INFO  no build target found for /Users/zachwinslett/Code/strava-cli/src/main/java/com/zwinslett/strava/api/StravaAPIClient.java. Using fallback presentation compiler.
2026.05.08 22:00:13 INFO  no build target found for /Users/zachwinslett/Code/strava-cli/src/main/java/com/zwinslett/strava/api/StravaAPIClient.java. Using fallback presentation compiler.
2026.05.08 22:00:13 INFO  no build target found for /Users/zachwinslett/Code/strava-cli/src/main/java/com/zwinslett/strava/api/StravaAPIClient.java. Using fallback presentation compiler.
2026.05.08 22:00:14 INFO  no build target found for /Users/zachwinslett/Code/strava-cli/src/main/java/com/zwinslett/strava/api/StravaAPIClient.java. Using fallback presentation compiler.
2026.05.08 22:00:14 INFO  no build target found for /Users/zachwinslett/Code/strava-cli/src/main/java/com/zwinslett/strava/api/StravaAPIClient.java. Using fallback presentation compiler.
2026.05.08 22:00:14 INFO  no build target found for /Users/zachwinslett/Code/strava-cli/src/main/java/com/zwinslett/strava/api/StravaAPIClient.java. Using fallback presentation compiler.
2026.05.08 22:00:14 INFO  no build target found for /Users/zachwinslett/Code/strava-cli/src/main/java/com/zwinslett/strava/api/StravaAPIClient.java. Using fallback presentation compiler.
2026.05.08 22:00:16 INFO  no build target found for /Users/zachwinslett/Code/strava-cli/src/main/java/com/zwinslett/strava/api/StravaAPIClient.java. Using fallback presentation compiler.
2026.05.08 22:00:16 INFO  no build target found for /Users/zachwinslett/Code/strava-cli/src/main/java/com/zwinslett/strava/api/StravaAPIClient.java. Using fallback presentation compiler.
2026.05.08 22:00:16 INFO  no build target found for /Users/zachwinslett/Code/strava-cli/src/main/java/com/zwinslett/strava/api/StravaAPIClient.java. Using fallback presentation compiler.
2026.05.08 22:00:16 INFO  no build target found for /Users/zachwinslett/Code/strava-cli/src/main/java/com/zwinslett/strava/api/StravaAPIClient.java. Using fallback presentation compiler.
2026.05.08 22:00:18 INFO  no build target found for /Users/zachwinslett/Code/strava-cli/src/main/java/com/zwinslett/strava/api/StravaAPIClient.java. Using fallback presentation compiler.
2026.05.08 22:00:18 INFO  no build target found for /Users/zachwinslett/Code/strava-cli/src/main/java/com/zwinslett/strava/api/StravaAPIClient.java. Using fallback presentation compiler.
2026.05.08 22:00:18 INFO  no build target found for /Users/zachwinslett/Code/strava-cli/src/main/java/com/zwinslett/strava/api/StravaAPIClient.java. Using fallback presentation compiler.
2026.05.08 22:00:19 INFO  no build target found for /Users/zachwinslett/Code/strava-cli/src/main/java/com/zwinslett/strava/api/StravaAPIClient.java. Using fallback presentation compiler.
2026.05.08 22:00:19 INFO  no build target found for /Users/zachwinslett/Code/strava-cli/src/main/java/com/zwinslett/strava/api/StravaAPIClient.java. Using fallback presentation compiler.
2026.05.08 22:00:32 INFO  no build target found for /Users/zachwinslett/Code/strava-cli/src/main/java/com/zwinslett/strava/api/StravaAPIClient.java. Using fallback presentation compiler.
2026.05.08 22:00:32 INFO  no build target found for /Users/zachwinslett/Code/strava-cli/src/main/java/com/zwinslett/strava/api/StravaAPIClient.java. Using fallback presentation compiler.
2026.05.08 22:00:32 INFO  no build target found for /Users/zachwinslett/Code/strava-cli/src/main/java/com/zwinslett/strava/api/StravaAPIClient.java. Using fallback presentation compiler.
2026.05.08 22:00:32 INFO  no build target found for /Users/zachwinslett/Code/strava-cli/src/main/java/com/zwinslett/strava/api/StravaAPIClient.java. Using fallback presentation compiler.
2026.05.08 22:00:47 INFO  no build target found for /Users/zachwinslett/Code/strava-cli/src/main/java/com/zwinslett/strava/api/StravaAPIClient.java. Using fallback presentation compiler.
2026.05.08 22:00:47 INFO  no build target found for /Users/zachwinslett/Code/strava-cli/src/main/java/com/zwinslett/strava/api/StravaAPIClient.java. Using fallback presentation compiler.
2026.05.08 22:01:11 INFO  no build target found for /Users/zachwinslett/Code/strava-cli/src/main/java/com/zwinslett/strava/api/StravaAPIClient.java. Using fallback presentation compiler.
2026.05.08 22:01:11 INFO  no build target found for /Users/zachwinslett/Code/strava-cli/src/main/java/com/zwinslett/strava/api/StravaAPIClient.java. Using fallback presentation compiler.
2026.05.08 22:03:57 INFO  no build target found for /Users/zachwinslett/Code/strava-cli/src/main/java/com/zwinslett/strava/api/StravaAPIClient.java. Using fallback presentation compiler.
2026.05.08 22:03:57 INFO  no build target found for /Users/zachwinslett/Code/strava-cli/src/main/java/com/zwinslett/strava/api/StravaAPIClient.java. Using fallback presentation compiler.
2026.05.08 22:03:57 INFO  no build target found for /Users/zachwinslett/Code/strava-cli/src/main/java/com/zwinslett/strava/api/StravaAPIClient.java. Using fallback presentation compiler.
2026.05.08 22:03:57 INFO  no build target found for /Users/zachwinslett/Code/strava-cli/src/main/java/com/zwinslett/strava/api/StravaAPIClient.java. Using fallback presentation compiler.
2026.05.08 22:03:57 INFO  no build target found for /Users/zachwinslett/Code/strava-cli/src/main/java/com/zwinslett/strava/api/StravaAPIClient.java. Using fallback presentation compiler.
2026.05.08 22:03:57 INFO  no build target found for /Users/zachwinslett/Code/strava-cli/src/main/java/com/zwinslett/strava/api/StravaAPIClient.java. Using fallback presentation compiler.
2026.05.08 22:03:57 INFO  no build target found for /Users/zachwinslett/Code/strava-cli/src/main/java/com/zwinslett/strava/api/StravaAPIClient.java. Using fallback presentation compiler.
2026.05.08 22:03:58 INFO  no build target found for /Users/zachwinslett/Code/strava-cli/src/main/java/com/zwinslett/strava/api/StravaAPIClient.java. Using fallback presentation compiler.
2026.05.08 22:03:58 INFO  no build target found for /Users/zachwinslett/Code/strava-cli/src/main/java/com/zwinslett/strava/api/StravaAPIClient.java. Using fallback presentation compiler.
2026.05.08 22:03:58 INFO  no build target found for /Users/zachwinslett/Code/strava-cli/src/main/java/com/zwinslett/strava/api/StravaAPIClient.java. Using fallback presentation compiler.
2026.05.08 22:04:00 INFO  no build target found for /Users/zachwinslett/Code/strava-cli/src/main/java/com/zwinslett/strava/api/StravaAPIClient.java. Using fallback presentation compiler.
2026.05.08 22:04:00 INFO  no build target found for /Users/zachwinslett/Code/strava-cli/src/main/java/com/zwinslett/strava/api/StravaAPIClient.java. Using fallback presentation compiler.
2026.05.08 22:04:00 INFO  no build target found for /Users/zachwinslett/Code/strava-cli/src/main/java/com/zwinslett/strava/api/StravaAPIClient.java. Using fallback presentation compiler.
2026.05.08 22:04:01 INFO  no build target found for /Users/zachwinslett/Code/strava-cli/src/main/java/com/zwinslett/strava/api/StravaAPIClient.java. Using fallback presentation compiler.
2026.05.08 22:04:02 INFO  no build target found for /Users/zachwinslett/Code/strava-cli/src/main/java/com/zwinslett/strava/api/StravaAPIClient.java. Using fallback presentation compiler.
2026.05.08 22:04:03 INFO  no build target found for /Users/zachwinslett/Code/strava-cli/src/main/java/com/zwinslett/strava/api/StravaAPIClient.java. Using fallback presentation compiler.
2026.05.08 22:04:02 INFO  no build target found for /Users/zachwinslett/Code/strava-cli/src/main/java/com/zwinslett/strava/api/StravaAPIClient.java. Using fallback presentation compiler.
2026.05.08 22:04:03 INFO  no build target found for /Users/zachwinslett/Code/strava-cli/src/main/java/com/zwinslett/strava/api/StravaAPIClient.java. Using fallback presentation compiler.
2026.05.08 22:04:02 INFO  no build target found for /Users/zachwinslett/Code/strava-cli/src/main/java/com/zwinslett/strava/api/StravaAPIClient.java. Using fallback presentation compiler.
2026.05.08 22:04:03 INFO  no build target found for /Users/zachwinslett/Code/strava-cli/src/main/java/com/zwinslett/strava/api/StravaAPIClient.java. Using fallback presentation compiler.
2026.05.08 22:04:03 INFO  no build target found for /Users/zachwinslett/Code/strava-cli/src/main/java/com/zwinslett/strava/api/StravaAPIClient.java. Using fallback presentation compiler.
2026.05.08 22:04:03 INFO  no build target found for /Users/zachwinslett/Code/strava-cli/src/main/java/com/zwinslett/strava/api/StravaAPIClient.java. Using fallback presentation compiler.
2026.05.08 22:04:03 INFO  no build target found for /Users/zachwinslett/Code/strava-cli/src/main/java/com/zwinslett/strava/api/StravaAPIClient.java. Using fallback presentation compiler.
2026.05.08 22:04:04 INFO  no build target found for /Users/zachwinslett/Code/strava-cli/src/main/java/com/zwinslett/strava/api/StravaAPIClient.java. Using fallback presentation compiler.
2026.05.08 22:04:04 INFO  no build target found for /Users/zachwinslett/Code/strava-cli/src/main/java/com/zwinslett/strava/api/StravaAPIClient.java. Using fallback presentation compiler.
2026.05.08 22:04:04 INFO  no build target found for /Users/zachwinslett/Code/strava-cli/src/main/java/com/zwinslett/strava/api/StravaAPIClient.java. Using fallback presentation compiler.
2026.05.08 22:04:06 INFO  no build target found for /Users/zachwinslett/Code/strava-cli/src/main/java/com/zwinslett/strava/api/StravaAPIClient.java. Using fallback presentation compiler.
2026.05.08 22:04:06 INFO  no build target found for /Users/zachwinslett/Code/strava-cli/src/main/java/com/zwinslett/strava/api/StravaAPIClient.java. Using fallback presentation compiler.
2026.05.08 22:04:07 INFO  no build target found for /Users/zachwinslett/Code/strava-cli/src/main/java/com/zwinslett/strava/api/StravaAPIClient.java. Using fallback presentation compiler.
2026.05.08 22:04:07 INFO  no build target found for /Users/zachwinslett/Code/strava-cli/src/main/java/com/zwinslett/strava/api/StravaAPIClient.java. Using fallback presentation compiler.
2026.05.08 22:04:07 INFO  no build target found for /Users/zachwinslett/Code/strava-cli/src/main/java/com/zwinslett/strava/api/StravaAPIClient.java. Using fallback presentation compiler.
2026.05.08 22:04:07 INFO  no build target found for /Users/zachwinslett/Code/strava-cli/src/main/java/com/zwinslett/strava/api/StravaAPIClient.java. Using fallback presentation compiler.
2026.05.08 22:04:07 INFO  no build target found for /Users/zachwinslett/Code/strava-cli/src/main/java/com/zwinslett/strava/api/StravaAPIClient.java. Using fallback presentation compiler.
2026.05.08 22:04:07 INFO  no build target found for /Users/zachwinslett/Code/strava-cli/src/main/java/com/zwinslett/strava/api/StravaAPIClient.java. Using fallback presentation compiler.
2026.05.08 22:04:08 INFO  no build target found for /Users/zachwinslett/Code/strava-cli/src/main/java/com/zwinslett/strava/api/StravaAPIClient.java. Using fallback presentation compiler.
2026.05.08 22:04:08 INFO  no build target found for /Users/zachwinslett/Code/strava-cli/src/main/java/com/zwinslett/strava/api/StravaAPIClient.java. Using fallback presentation compiler.
2026.05.08 22:04:08 INFO  no build target found for /Users/zachwinslett/Code/strava-cli/src/main/java/com/zwinslett/strava/api/StravaAPIClient.java. Using fallback presentation compiler.
2026.05.08 22:04:10 INFO  no build target found for /Users/zachwinslett/Code/strava-cli/src/main/java/com/zwinslett/strava/api/StravaAPIClient.java. Using fallback presentation compiler.
2026.05.08 22:04:10 INFO  no build target found for /Users/zachwinslett/Code/strava-cli/src/main/java/com/zwinslett/strava/api/StravaAPIClient.java. Using fallback presentation compiler.
2026.05.08 22:04:11 INFO  no build target found for /Users/zachwinslett/Code/strava-cli/src/main/java/com/zwinslett/strava/api/StravaAPIClient.java. Using fallback presentation compiler.
2026.05.08 22:04:11 INFO  no build target found for /Users/zachwinslett/Code/strava-cli/src/main/java/com/zwinslett/strava/api/StravaAPIClient.java. Using fallback presentation compiler.
2026.05.08 22:04:11 INFO  no build target found for /Users/zachwinslett/Code/strava-cli/src/main/java/com/zwinslett/strava/api/StravaAPIClient.java. Using fallback presentation compiler.
2026.05.08 22:04:11 INFO  no build target found for /Users/zachwinslett/Code/strava-cli/src/main/java/com/zwinslett/strava/api/StravaAPIClient.java. Using fallback presentation compiler.
2026.05.08 22:04:33 INFO  no build target found for /Users/zachwinslett/Code/strava-cli/src/main/java/com/zwinslett/strava/api/StravaAPIClient.java. Using fallback presentation compiler.
2026.05.08 22:04:34 INFO  no build target found for /Users/zachwinslett/Code/strava-cli/src/main/java/com/zwinslett/strava/api/StravaAPIClient.java. Using fallback presentation compiler.
2026.05.08 22:04:34 INFO  no build target found for /Users/zachwinslett/Code/strava-cli/src/main/java/com/zwinslett/strava/api/StravaAPIClient.java. Using fallback presentation compiler.
2026.05.08 22:04:34 INFO  empty definition using pc, found symbol in pc: java/lang/Exception# (full report at: "/Users/zachwinslett/Code/strava-cli/.metals/.reports/metals-full/2026-03-22/r_empty-definition_09-21-14-149.md")
2026.05.08 22:04:34 INFO  empty definition using pc, found symbol in pc: java/net/http/HttpResponse# (full report at: "/Users/zachwinslett/Code/strava-cli/.metals/.reports/metals-full/2026-03-22/r_empty-definition_09-11-36-977.md")
2026.05.08 22:04:52 INFO  no build target found for /Users/zachwinslett/Code/strava-cli/src/main/java/com/zwinslett/strava/api/StravaAPIClient.java. Using fallback presentation compiler.
2026.05.08 22:05:13 INFO  no build target found for /Users/zachwinslett/Code/strava-cli/src/main/java/com/zwinslett/strava/api/StravaAPIClient.java. Using fallback presentation compiler.
2026.05.08 22:05:13 INFO  no build target found for /Users/zachwinslett/Code/strava-cli/src/main/java/com/zwinslett/strava/api/StravaAPIClient.java. Using fallback presentation compiler.
2026.05.08 22:05:14 INFO  no build target found for /Users/zachwinslett/Code/strava-cli/src/main/java/com/zwinslett/strava/api/StravaAPIClient.java. Using fallback presentation compiler.
2026.05.08 22:05:24 INFO  no build target found for /Users/zachwinslett/Code/strava-cli/src/main/java/com/zwinslett/strava/api/StravaAPIClient.java. Using fallback presentation compiler.
2026.05.08 22:05:24 INFO  no build target found for /Users/zachwinslett/Code/strava-cli/src/main/java/com/zwinslett/strava/api/StravaAPIClient.java. Using fallback presentation compiler.
2026.05.08 22:05:24 INFO  no build target found for /Users/zachwinslett/Code/strava-cli/src/main/java/com/zwinslett/strava/api/StravaAPIClient.java. Using fallback presentation compiler.
2026.05.08 22:05:24 INFO  no build target found for /Users/zachwinslett/Code/strava-cli/src/main/java/com/zwinslett/strava/api/StravaAPIClient.java. Using fallback presentation compiler.
2026.05.08 22:05:24 INFO  no build target found for /Users/zachwinslett/Code/strava-cli/src/main/java/com/zwinslett/strava/api/StravaAPIClient.java. Using fallback presentation compiler.
2026.05.08 22:05:24 INFO  no build target found for /Users/zachwinslett/Code/strava-cli/src/main/java/com/zwinslett/strava/api/StravaAPIClient.java. Using fallback presentation compiler.
2026.05.08 22:05:25 INFO  no build target found for /Users/zachwinslett/Code/strava-cli/src/main/java/com/zwinslett/strava/api/StravaAPIClient.java. Using fallback presentation compiler.
2026.05.08 22:05:25 INFO  no build target found for /Users/zachwinslett/Code/strava-cli/src/main/java/com/zwinslett/strava/api/StravaAPIClient.java. Using fallback presentation compiler.
2026.05.08 22:05:25 INFO  no build target found for /Users/zachwinslett/Code/strava-cli/src/main/java/com/zwinslett/strava/api/StravaAPIClient.java. Using fallback presentation compiler.
2026.05.08 22:05:25 INFO  no build target found for /Users/zachwinslett/Code/strava-cli/src/main/java/com/zwinslett/strava/api/StravaAPIClient.java. Using fallback presentation compiler.
2026.05.08 22:05:27 INFO  no build target found for /Users/zachwinslett/Code/strava-cli/src/main/java/com/zwinslett/strava/api/StravaAPIClient.java. Using fallback presentation compiler.
2026.05.08 22:05:27 INFO  no build target found for /Users/zachwinslett/Code/strava-cli/src/main/java/com/zwinslett/strava/api/StravaAPIClient.java. Using fallback presentation compiler.
2026.05.08 22:05:27 INFO  no build target found for /Users/zachwinslett/Code/strava-cli/src/main/java/com/zwinslett/strava/api/StravaAPIClient.java. Using fallback presentation compiler.
2026.05.08 22:05:27 INFO  no build target found for /Users/zachwinslett/Code/strava-cli/src/main/java/com/zwinslett/strava/api/StravaAPIClient.java. Using fallback presentation compiler.
2026.05.08 22:05:27 INFO  no build target found for /Users/zachwinslett/Code/strava-cli/src/main/java/com/zwinslett/strava/api/StravaAPIClient.java. Using fallback presentation compiler.
2026.05.08 22:05:28 INFO  no build target found for /Users/zachwinslett/Code/strava-cli/src/main/java/com/zwinslett/strava/api/StravaAPIClient.java. Using fallback presentation compiler.
2026.05.08 22:05:28 INFO  no build target found for /Users/zachwinslett/Code/strava-cli/src/main/java/com/zwinslett/strava/api/StravaAPIClient.java. Using fallback presentation compiler.
2026.05.08 22:05:28 INFO  no build target found for /Users/zachwinslett/Code/strava-cli/src/main/java/com/zwinslett/strava/api/StravaAPIClient.java. Using fallback presentation compiler.
2026.05.08 22:05:29 INFO  no build target found for /Users/zachwinslett/Code/strava-cli/src/main/java/com/zwinslett/strava/api/StravaAPIClient.java. Using fallback presentation compiler.
2026.05.08 22:05:30 INFO  no build target found for /Users/zachwinslett/Code/strava-cli/src/main/java/com/zwinslett/strava/api/StravaAPIClient.java. Using fallback presentation compiler.
2026.05.08 22:05:30 INFO  no build target found for /Users/zachwinslett/Code/strava-cli/src/main/java/com/zwinslett/strava/api/StravaAPIClient.java. Using fallback presentation compiler.
2026.05.08 22:05:30 WARN  no build target for: /Users/zachwinslett/Code/strava-cli/src/main/java/com/zwinslett/strava/api/StravaAPIClient.java
2026.05.08 22:05:30 INFO  no build target found for /Users/zachwinslett/Code/strava-cli/src/main/java/com/zwinslett/strava/api/StravaAPIClient.java. Using fallback presentation compiler.
2026.05.08 22:05:31 WARN  Running javac-semanticdb failed for file:///Users/zachwinslett/Code/strava-cli/src/main/java/com/zwinslett/strava/api/StravaAPIClient.java. Output:

2026.05.08 22:05:30 INFO  no build target found for /Users/zachwinslett/Code/strava-cli/src/main/java/com/zwinslett/strava/api/StravaAPIClient.java. Using fallback presentation compiler.
2026.05.08 22:05:30 INFO  no build target found for /Users/zachwinslett/Code/strava-cli/src/main/java/com/zwinslett/strava/api/StravaAPIClient.java. Using fallback presentation compiler.
2026.05.08 22:05:30 INFO  empty definition using pc, found symbol in pc: _empty_/Activity# (full report at: "/Users/zachwinslett/Code/strava-cli/.metals/.reports/metals-full/2026-05-08/r_empty-definition_10-33-05-871.md")
2026.05.08 22:05:32 INFO  no build target found for /Users/zachwinslett/Code/strava-cli/src/main/java/com/zwinslett/strava/api/StravaAPIClient.java. Using fallback presentation compiler.
2026.05.08 22:05:32 INFO  no build target found for /Users/zachwinslett/Code/strava-cli/src/main/java/com/zwinslett/strava/api/StravaAPIClient.java. Using fallback presentation compiler.
2026.05.08 22:06:00 INFO  no build target found for /Users/zachwinslett/Code/strava-cli/src/main/java/com/zwinslett/strava/api/StravaAPIClient.java. Using fallback presentation compiler.
2026.05.08 22:06:00 INFO  no build target found for /Users/zachwinslett/Code/strava-cli/src/main/java/com/zwinslett/strava/api/StravaAPIClient.java. Using fallback presentation compiler.
2026.05.08 22:06:00 INFO  no build target found for /Users/zachwinslett/Code/strava-cli/src/main/java/com/zwinslett/strava/api/StravaAPIClient.java. Using fallback presentation compiler.
2026.05.08 22:06:01 INFO  no build target found for /Users/zachwinslett/Code/strava-cli/src/main/java/com/zwinslett/strava/api/StravaAPIClient.java. Using fallback presentation compiler.
2026.05.08 22:06:01 WARN  no build target for: /Users/zachwinslett/Code/strava-cli/src/main/java/com/zwinslett/strava/api/StravaAPIClient.java
2026.05.08 22:06:01 INFO  no build target found for /Users/zachwinslett/Code/strava-cli/src/main/java/com/zwinslett/strava/api/StravaAPIClient.java. Using fallback presentation compiler.
2026.05.08 22:06:01 INFO  no build target found for /Users/zachwinslett/Code/strava-cli/src/main/java/com/zwinslett/strava/api/StravaAPIClient.java. Using fallback presentation compiler.
2026.05.08 22:06:14 INFO  no build target found for /Users/zachwinslett/Code/strava-cli/src/main/java/com/zwinslett/strava/api/StravaAPIClient.java. Using fallback presentation compiler.
2026.05.08 22:06:14 INFO  no build target found for /Users/zachwinslett/Code/strava-cli/src/main/java/com/zwinslett/strava/api/StravaAPIClient.java. Using fallback presentation compiler.
2026.05.08 22:06:18 INFO  no build target found for /Users/zachwinslett/Code/strava-cli/src/main/java/com/zwinslett/strava/api/StravaAPIClient.java. Using fallback presentation compiler.
2026.05.08 22:06:18 INFO  no build target found for /Users/zachwinslett/Code/strava-cli/src/main/java/com/zwinslett/strava/api/StravaAPIClient.java. Using fallback presentation compiler.
2026.05.08 22:06:25 INFO  no build target found for /Users/zachwinslett/Code/strava-cli/src/main/java/com/zwinslett/strava/api/StravaAPIClient.java. Using fallback presentation compiler.
2026.05.08 22:06:25 INFO  no build target found for /Users/zachwinslett/Code/strava-cli/src/main/java/com/zwinslett/strava/api/StravaAPIClient.java. Using fallback presentation compiler.
2026.05.08 22:06:26 INFO  no build target found for /Users/zachwinslett/Code/strava-cli/src/main/java/com/zwinslett/strava/api/StravaAPIClient.java. Using fallback presentation compiler.
2026.05.08 22:06:28 INFO  no build target found for /Users/zachwinslett/Code/strava-cli/src/main/java/com/zwinslett/strava/api/StravaAPIClient.java. Using fallback presentation compiler.
2026.05.08 22:06:28 INFO  no build target found for /Users/zachwinslett/Code/strava-cli/src/main/java/com/zwinslett/strava/api/StravaAPIClient.java. Using fallback presentation compiler.
2026.05.08 22:06:30 INFO  no build target found for /Users/zachwinslett/Code/strava-cli/src/main/java/com/zwinslett/strava/api/StravaAPIClient.java. Using fallback presentation compiler.
2026.05.08 22:06:30 INFO  no build target found for /Users/zachwinslett/Code/strava-cli/src/main/java/com/zwinslett/strava/api/StravaAPIClient.java. Using fallback presentation compiler.
2026.05.08 22:06:30 INFO  no build target found for /Users/zachwinslett/Code/strava-cli/src/main/java/com/zwinslett/strava/api/StravaAPIClient.java. Using fallback presentation compiler.
2026.05.08 22:06:30 INFO  no build target found for /Users/zachwinslett/Code/strava-cli/src/main/java/com/zwinslett/strava/api/StravaAPIClient.java. Using fallback presentation compiler.
2026.05.08 22:06:31 INFO  no build target found for /Users/zachwinslett/Code/strava-cli/src/main/java/com/zwinslett/strava/api/StravaAPIClient.java. Using fallback presentation compiler.
2026.05.08 22:06:31 INFO  no build target found for /Users/zachwinslett/Code/strava-cli/src/main/java/com/zwinslett/strava/api/StravaAPIClient.java. Using fallback presentation compiler.
2026.05.08 22:06:31 INFO  no build target found for /Users/zachwinslett/Code/strava-cli/src/main/java/com/zwinslett/strava/api/StravaAPIClient.java. Using fallback presentation compiler.
2026.05.08 22:06:32 INFO  no build target found for /Users/zachwinslett/Code/strava-cli/src/main/java/com/zwinslett/strava/api/StravaAPIClient.java. Using fallback presentation compiler.
2026.05.08 22:06:32 INFO  no build target found for /Users/zachwinslett/Code/strava-cli/src/main/java/com/zwinslett/strava/api/StravaAPIClient.java. Using fallback presentation compiler.
2026.05.08 22:06:32 INFO  no build target found for /Users/zachwinslett/Code/strava-cli/src/main/java/com/zwinslett/strava/api/StravaAPIClient.java. Using fallback presentation compiler.
2026.05.08 22:06:33 INFO  no build target found for /Users/zachwinslett/Code/strava-cli/src/main/java/com/zwinslett/strava/api/StravaAPIClient.java. Using fallback presentation compiler.
2026.05.08 22:06:34 INFO  no build target found for /Users/zachwinslett/Code/strava-cli/src/main/java/com/zwinslett/strava/api/StravaAPIClient.java. Using fallback presentation compiler.
2026.05.08 22:06:34 INFO  no build target found for /Users/zachwinslett/Code/strava-cli/src/main/java/com/zwinslett/strava/api/StravaAPIClient.java. Using fallback presentation compiler.
2026.05.08 22:06:34 INFO  no build target found for /Users/zachwinslett/Code/strava-cli/src/main/java/com/zwinslett/strava/api/StravaAPIClient.java. Using fallback presentation compiler.
2026.05.08 22:06:34 INFO  no build target found for /Users/zachwinslett/Code/strava-cli/src/main/java/com/zwinslett/strava/api/StravaAPIClient.java. Using fallback presentation compiler.
2026.05.08 22:06:34 INFO  no build target found for /Users/zachwinslett/Code/strava-cli/src/main/java/com/zwinslett/strava/api/StravaAPIClient.java. Using fallback presentation compiler.
2026.05.08 22:06:34 INFO  no build target found for /Users/zachwinslett/Code/strava-cli/src/main/java/com/zwinslett/strava/api/StravaAPIClient.java. Using fallback presentation compiler.
2026.05.08 22:06:35 INFO  no build target found for /Users/zachwinslett/Code/strava-cli/src/main/java/com/zwinslett/strava/api/StravaAPIClient.java. Using fallback presentation compiler.
2026.05.08 22:06:35 INFO  no build target found for /Users/zachwinslett/Code/strava-cli/src/main/java/com/zwinslett/strava/api/StravaAPIClient.java. Using fallback presentation compiler.
2026.05.08 22:06:35 INFO  no build target found for /Users/zachwinslett/Code/strava-cli/src/main/java/com/zwinslett/strava/api/StravaAPIClient.java. Using fallback presentation compiler.
2026.05.08 22:06:35 INFO  no build target found for /Users/zachwinslett/Code/strava-cli/src/main/java/com/zwinslett/strava/api/StravaAPIClient.java. Using fallback presentation compiler.
2026.05.08 22:06:35 INFO  no build target found for /Users/zachwinslett/Code/strava-cli/src/main/java/com/zwinslett/strava/api/StravaAPIClient.java. Using fallback presentation compiler.
2026.05.08 22:06:35 INFO  no build target found for /Users/zachwinslett/Code/strava-cli/src/main/java/com/zwinslett/strava/api/StravaAPIClient.java. Using fallback presentation compiler.
2026.05.08 22:06:35 INFO  no build target found for /Users/zachwinslett/Code/strava-cli/src/main/java/com/zwinslett/strava/api/StravaAPIClient.java. Using fallback presentation compiler.
2026.05.08 22:06:36 INFO  no build target found for /Users/zachwinslett/Code/strava-cli/src/main/java/com/zwinslett/strava/api/StravaAPIClient.java. Using fallback presentation compiler.
2026.05.08 22:06:36 INFO  no build target found for /Users/zachwinslett/Code/strava-cli/src/main/java/com/zwinslett/strava/api/StravaAPIClient.java. Using fallback presentation compiler.
2026.05.08 22:06:36 INFO  no build target found for /Users/zachwinslett/Code/strava-cli/src/main/java/com/zwinslett/strava/api/StravaAPIClient.java. Using fallback presentation compiler.
2026.05.08 22:06:36 INFO  no build target found for /Users/zachwinslett/Code/strava-cli/src/main/java/com/zwinslett/strava/api/StravaAPIClient.java. Using fallback presentation compiler.
2026.05.08 22:06:36 INFO  no build target found for /Users/zachwinslett/Code/strava-cli/src/main/java/com/zwinslett/strava/api/StravaAPIClient.java. Using fallback presentation compiler.
2026.05.08 22:06:36 INFO  no build target found for /Users/zachwinslett/Code/strava-cli/src/main/java/com/zwinslett/strava/api/StravaAPIClient.java. Using fallback presentation compiler.
2026.05.08 22:06:36 INFO  no build target found for /Users/zachwinslett/Code/strava-cli/src/main/java/com/zwinslett/strava/api/StravaAPIClient.java. Using fallback presentation compiler.
2026.05.08 22:06:37 INFO  no build target found for /Users/zachwinslett/Code/strava-cli/src/main/java/com/zwinslett/strava/api/StravaAPIClient.java. Using fallback presentation compiler.
2026.05.08 22:06:37 INFO  no build target found for /Users/zachwinslett/Code/strava-cli/src/main/java/com/zwinslett/strava/api/StravaAPIClient.java. Using fallback presentation compiler.
2026.05.08 22:06:37 INFO  no build target found for /Users/zachwinslett/Code/strava-cli/src/main/java/com/zwinslett/strava/api/StravaAPIClient.java. Using fallback presentation compiler.
2026.05.08 22:06:37 INFO  no build target found for /Users/zachwinslett/Code/strava-cli/src/main/java/com/zwinslett/strava/api/StravaAPIClient.java. Using fallback presentation compiler.
2026.05.08 22:06:37 INFO  no build target found for /Users/zachwinslett/Code/strava-cli/src/main/java/com/zwinslett/strava/api/StravaAPIClient.java. Using fallback presentation compiler.
2026.05.08 22:06:37 INFO  no build target found for /Users/zachwinslett/Code/strava-cli/src/main/java/com/zwinslett/strava/api/StravaAPIClient.java. Using fallback presentation compiler.
2026.05.08 22:06:37 INFO  no build target found for /Users/zachwinslett/Code/strava-cli/src/main/java/com/zwinslett/strava/api/StravaAPIClient.java. Using fallback presentation compiler.
2026.05.08 22:06:38 INFO  no build target found for /Users/zachwinslett/Code/strava-cli/src/main/java/com/zwinslett/strava/api/StravaAPIClient.java. Using fallback presentation compiler.
2026.05.08 22:06:38 INFO  no build target found for /Users/zachwinslett/Code/strava-cli/src/main/java/com/zwinslett/strava/api/StravaAPIClient.java. Using fallback presentation compiler.
2026.05.08 22:06:38 INFO  no build target found for /Users/zachwinslett/Code/strava-cli/src/main/java/com/zwinslett/strava/api/StravaAPIClient.java. Using fallback presentation compiler.
2026.05.08 22:06:38 INFO  no build target found for /Users/zachwinslett/Code/strava-cli/src/main/java/com/zwinslett/strava/api/StravaAPIClient.java. Using fallback presentation compiler.
2026.05.08 22:06:39 INFO  no build target found for /Users/zachwinslett/Code/strava-cli/src/main/java/com/zwinslett/strava/api/StravaAPIClient.java. Using fallback presentation compiler.
2026.05.08 22:06:39 INFO  no build target found for /Users/zachwinslett/Code/strava-cli/src/main/java/com/zwinslett/strava/api/StravaAPIClient.java. Using fallback presentation compiler.
2026.05.08 22:06:39 INFO  no build target found for /Users/zachwinslett/Code/strava-cli/src/main/java/com/zwinslett/strava/api/StravaAPIClient.java. Using fallback presentation compiler.
2026.05.08 22:06:39 INFO  no build target found for /Users/zachwinslett/Code/strava-cli/src/main/java/com/zwinslett/strava/api/StravaAPIClient.java. Using fallback presentation compiler.
2026.05.08 22:06:39 INFO  no build target found for /Users/zachwinslett/Code/strava-cli/src/main/java/com/zwinslett/strava/api/StravaAPIClient.java. Using fallback presentation compiler.
2026.05.08 22:06:40 INFO  no build target found for /Users/zachwinslett/Code/strava-cli/src/main/java/com/zwinslett/strava/api/StravaAPIClient.java. Using fallback presentation compiler.
2026.05.08 22:06:40 INFO  no build target found for /Users/zachwinslett/Code/strava-cli/src/main/java/com/zwinslett/strava/api/StravaAPIClient.java. Using fallback presentation compiler.
2026.05.08 22:06:40 INFO  no build target found for /Users/zachwinslett/Code/strava-cli/src/main/java/com/zwinslett/strava/api/StravaAPIClient.java. Using fallback presentation compiler.
2026.05.08 22:06:40 INFO  no build target found for /Users/zachwinslett/Code/strava-cli/src/main/java/com/zwinslett/strava/api/StravaAPIClient.java. Using fallback presentation compiler.
2026.05.08 22:06:40 INFO  no build target found for /Users/zachwinslett/Code/strava-cli/src/main/java/com/zwinslett/strava/api/StravaAPIClient.java. Using fallback presentation compiler.
2026.05.08 22:06:40 INFO  no build target found for /Users/zachwinslett/Code/strava-cli/src/main/java/com/zwinslett/strava/api/StravaAPIClient.java. Using fallback presentation compiler.
2026.05.08 22:06:40 INFO  no build target found for /Users/zachwinslett/Code/strava-cli/src/main/java/com/zwinslett/strava/api/StravaAPIClient.java. Using fallback presentation compiler.
2026.05.08 22:06:40 INFO  no build target found for /Users/zachwinslett/Code/strava-cli/src/main/java/com/zwinslett/strava/api/StravaAPIClient.java. Using fallback presentation compiler.
2026.05.08 22:06:40 INFO  no build target found for /Users/zachwinslett/Code/strava-cli/src/main/java/com/zwinslett/strava/api/StravaAPIClient.java. Using fallback presentation compiler.
2026.05.08 22:06:40 INFO  no build target found for /Users/zachwinslett/Code/strava-cli/src/main/java/com/zwinslett/strava/api/StravaAPIClient.java. Using fallback presentation compiler.
2026.05.08 22:06:41 INFO  no build target found for /Users/zachwinslett/Code/strava-cli/src/main/java/com/zwinslett/strava/api/StravaAPIClient.java. Using fallback presentation compiler.
2026.05.08 22:06:41 INFO  no build target found for /Users/zachwinslett/Code/strava-cli/src/main/java/com/zwinslett/strava/api/StravaAPIClient.java. Using fallback presentation compiler.
2026.05.08 22:06:41 INFO  no build target found for /Users/zachwinslett/Code/strava-cli/src/main/java/com/zwinslett/strava/api/StravaAPIClient.java. Using fallback presentation compiler.
2026.05.08 22:06:41 INFO  no build target found for /Users/zachwinslett/Code/strava-cli/src/main/java/com/zwinslett/strava/api/StravaAPIClient.java. Using fallback presentation compiler.
2026.05.08 22:06:41 INFO  no build target found for /Users/zachwinslett/Code/strava-cli/src/main/java/com/zwinslett/strava/api/StravaAPIClient.java. Using fallback presentation compiler.
2026.05.08 22:06:42 INFO  no build target found for /Users/zachwinslett/Code/strava-cli/src/main/java/com/zwinslett/strava/api/StravaAPIClient.java. Using fallback presentation compiler.
2026.05.08 22:06:41 INFO  no build target found for /Users/zachwinslett/Code/strava-cli/src/main/java/com/zwinslett/strava/api/StravaAPIClient.java. Using fallback presentation compiler.
2026.05.08 22:06:41 INFO  no build target found for /Users/zachwinslett/Code/strava-cli/src/main/java/com/zwinslett/strava/api/StravaAPIClient.java. Using fallback presentation compiler.
2026.05.08 22:06:42 INFO  no build target found for /Users/zachwinslett/Code/strava-cli/src/main/java/com/zwinslett/strava/api/StravaAPIClient.java. Using fallback presentation compiler.
2026.05.08 22:06:41 INFO  no build target found for /Users/zachwinslett/Code/strava-cli/src/main/java/com/zwinslett/strava/api/StravaAPIClient.java. Using fallback presentation compiler.
2026.05.08 22:06:42 INFO  no build target found for /Users/zachwinslett/Code/strava-cli/src/main/java/com/zwinslett/strava/api/StravaAPIClient.java. Using fallback presentation compiler.
2026.05.08 22:06:42 INFO  no build target found for /Users/zachwinslett/Code/strava-cli/src/main/java/com/zwinslett/strava/api/StravaAPIClient.java. Using fallback presentation compiler.
2026.05.08 22:06:42 INFO  no build target found for /Users/zachwinslett/Code/strava-cli/src/main/java/com/zwinslett/strava/api/StravaAPIClient.java. Using fallback presentation compiler.
2026.05.08 22:06:43 INFO  no build target found for /Users/zachwinslett/Code/strava-cli/src/main/java/com/zwinslett/strava/api/StravaAPIClient.java. Using fallback presentation compiler.
2026.05.08 22:06:44 INFO  no build target found for /Users/zachwinslett/Code/strava-cli/src/main/java/com/zwinslett/strava/api/StravaAPIClient.java. Using fallback presentation compiler.
2026.05.08 22:06:44 INFO  no build target found for /Users/zachwinslett/Code/strava-cli/src/main/java/com/zwinslett/strava/api/StravaAPIClient.java. Using fallback presentation compiler.
2026.05.08 22:06:46 INFO  no build target found for /Users/zachwinslett/Code/strava-cli/src/main/java/com/zwinslett/strava/api/StravaAPIClient.java. Using fallback presentation compiler.
2026.05.08 22:06:46 INFO  no build target found for /Users/zachwinslett/Code/strava-cli/src/main/java/com/zwinslett/strava/api/StravaAPIClient.java. Using fallback presentation compiler.
2026.05.08 22:06:46 INFO  no build target found for /Users/zachwinslett/Code/strava-cli/src/main/java/com/zwinslett/strava/api/StravaAPIClient.java. Using fallback presentation compiler.
2026.05.08 22:06:46 INFO  no build target found for /Users/zachwinslett/Code/strava-cli/src/main/java/com/zwinslett/strava/api/StravaAPIClient.java. Using fallback presentation compiler.
2026.05.08 22:06:47 INFO  no build target found for /Users/zachwinslett/Code/strava-cli/src/main/java/com/zwinslett/strava/api/StravaAPIClient.java. Using fallback presentation compiler.
2026.05.08 22:06:47 INFO  no build target found for /Users/zachwinslett/Code/strava-cli/src/main/java/com/zwinslett/strava/api/StravaAPIClient.java. Using fallback presentation compiler.
2026.05.08 22:06:47 INFO  no build target found for /Users/zachwinslett/Code/strava-cli/src/main/java/com/zwinslett/strava/api/StravaAPIClient.java. Using fallback presentation compiler.
2026.05.08 22:06:48 INFO  no build target found for /Users/zachwinslett/Code/strava-cli/src/main/java/com/zwinslett/strava/api/StravaAPIClient.java. Using fallback presentation compiler.
2026.05.08 22:06:48 INFO  no build target found for /Users/zachwinslett/Code/strava-cli/src/main/java/com/zwinslett/strava/api/StravaAPIClient.java. Using fallback presentation compiler.
2026.05.08 22:06:48 INFO  no build target found for /Users/zachwinslett/Code/strava-cli/src/main/java/com/zwinslett/strava/api/StravaAPIClient.java. Using fallback presentation compiler.
2026.05.08 22:06:48 INFO  no build target found for /Users/zachwinslett/Code/strava-cli/src/main/java/com/zwinslett/strava/api/StravaAPIClient.java. Using fallback presentation compiler.
2026.05.08 22:06:48 INFO  no build target found for /Users/zachwinslett/Code/strava-cli/src/main/java/com/zwinslett/strava/api/StravaAPIClient.java. Using fallback presentation compiler.
2026.05.08 22:06:49 INFO  no build target found for /Users/zachwinslett/Code/strava-cli/src/main/java/com/zwinslett/strava/api/StravaAPIClient.java. Using fallback presentation compiler.
2026.05.08 22:06:49 INFO  no build target found for /Users/zachwinslett/Code/strava-cli/src/main/java/com/zwinslett/strava/api/StravaAPIClient.java. Using fallback presentation compiler.
2026.05.08 22:07:02 INFO  no build target found for /Users/zachwinslett/Code/strava-cli/src/main/java/com/zwinslett/strava/api/StravaAPIClient.java. Using fallback presentation compiler.
2026.05.08 22:07:02 INFO  no build target found for /Users/zachwinslett/Code/strava-cli/src/main/java/com/zwinslett/strava/api/StravaAPIClient.java. Using fallback presentation compiler.
2026.05.08 22:07:05 INFO  no build target found for /Users/zachwinslett/Code/strava-cli/src/main/java/com/zwinslett/strava/api/StravaAPIClient.java. Using fallback presentation compiler.
2026.05.08 22:07:05 INFO  no build target found for /Users/zachwinslett/Code/strava-cli/src/main/java/com/zwinslett/strava/api/StravaAPIClient.java. Using fallback presentation compiler.
2026.05.08 22:07:05 INFO  no build target found for /Users/zachwinslett/Code/strava-cli/src/main/java/com/zwinslett/strava/api/StravaAPIClient.java. Using fallback presentation compiler.
2026.05.08 22:07:05 INFO  no build target found for /Users/zachwinslett/Code/strava-cli/src/main/java/com/zwinslett/strava/api/StravaAPIClient.java. Using fallback presentation compiler.
2026.05.08 22:07:07 INFO  no build target found for /Users/zachwinslett/Code/strava-cli/src/main/java/com/zwinslett/strava/api/StravaAPIClient.java. Using fallback presentation compiler.
2026.05.08 22:07:07 INFO  no build target found for /Users/zachwinslett/Code/strava-cli/src/main/java/com/zwinslett/strava/api/StravaAPIClient.java. Using fallback presentation compiler.
2026.05.08 22:07:07 INFO  no build target found for /Users/zachwinslett/Code/strava-cli/src/main/java/com/zwinslett/strava/api/StravaAPIClient.java. Using fallback presentation compiler.
2026.05.08 22:07:07 INFO  no build target found for /Users/zachwinslett/Code/strava-cli/src/main/java/com/zwinslett/strava/api/StravaAPIClient.java. Using fallback presentation compiler.
2026.05.08 22:07:08 INFO  no build target found for /Users/zachwinslett/Code/strava-cli/src/main/java/com/zwinslett/strava/api/StravaAPIClient.java. Using fallback presentation compiler.
2026.05.08 22:07:09 INFO  no build target found for /Users/zachwinslett/Code/strava-cli/src/main/java/com/zwinslett/strava/api/StravaAPIClient.java. Using fallback presentation compiler.
2026.05.08 22:07:09 INFO  no build target found for /Users/zachwinslett/Code/strava-cli/src/main/java/com/zwinslett/strava/api/StravaAPIClient.java. Using fallback presentation compiler.
2026.05.08 22:07:12 INFO  no build target found for /Users/zachwinslett/Code/strava-cli/src/main/java/com/zwinslett/strava/api/StravaAPIClient.java. Using fallback presentation compiler.
2026.05.08 22:07:12 INFO  no build target found for /Users/zachwinslett/Code/strava-cli/src/main/java/com/zwinslett/strava/api/StravaAPIClient.java. Using fallback presentation compiler.
2026.05.08 22:07:12 INFO  no build target found for /Users/zachwinslett/Code/strava-cli/src/main/java/com/zwinslett/strava/api/StravaAPIClient.java. Using fallback presentation compiler.
2026.05.08 22:07:12 INFO  no build target found for /Users/zachwinslett/Code/strava-cli/src/main/java/com/zwinslett/strava/api/StravaAPIClient.java. Using fallback presentation compiler.
2026.05.08 22:07:13 INFO  no build target found for /Users/zachwinslett/Code/strava-cli/src/main/java/com/zwinslett/strava/api/StravaAPIClient.java. Using fallback presentation compiler.
2026.05.08 22:07:13 INFO  no build target found for /Users/zachwinslett/Code/strava-cli/src/main/java/com/zwinslett/strava/api/StravaAPIClient.java. Using fallback presentation compiler.
2026.05.08 22:07:14 INFO  no build target found for /Users/zachwinslett/Code/strava-cli/src/main/java/com/zwinslett/strava/api/StravaAPIClient.java. Using fallback presentation compiler.
2026.05.08 22:07:13 INFO  no build target found for /Users/zachwinslett/Code/strava-cli/src/main/java/com/zwinslett/strava/api/StravaAPIClient.java. Using fallback presentation compiler.
2026.05.08 22:07:15 INFO  no build target found for /Users/zachwinslett/Code/strava-cli/src/main/java/com/zwinslett/strava/api/StravaAPIClient.java. Using fallback presentation compiler.
2026.05.08 22:07:15 INFO  no build target found for /Users/zachwinslett/Code/strava-cli/src/main/java/com/zwinslett/strava/api/StravaAPIClient.java. Using fallback presentation compiler.
2026.05.08 22:07:16 INFO  no build target found for /Users/zachwinslett/Code/strava-cli/src/main/java/com/zwinslett/strava/api/StravaAPIClient.java. Using fallback presentation compiler.
2026.05.08 22:07:17 INFO  no build target found for /Users/zachwinslett/Code/strava-cli/src/main/java/com/zwinslett/strava/api/StravaAPIClient.java. Using fallback presentation compiler.
2026.05.08 22:07:17 INFO  no build target found for /Users/zachwinslett/Code/strava-cli/src/main/java/com/zwinslett/strava/api/StravaAPIClient.java. Using fallback presentation compiler.
2026.05.08 22:07:17 INFO  no build target found for /Users/zachwinslett/Code/strava-cli/src/main/java/com/zwinslett/strava/api/StravaAPIClient.java. Using fallback presentation compiler.
2026.05.08 22:07:17 INFO  no build target found for /Users/zachwinslett/Code/strava-cli/src/main/java/com/zwinslett/strava/api/StravaAPIClient.java. Using fallback presentation compiler.
2026.05.08 22:07:17 INFO  no build target found for /Users/zachwinslett/Code/strava-cli/src/main/java/com/zwinslett/strava/api/StravaAPIClient.java. Using fallback presentation compiler.
2026.05.08 22:07:17 INFO  no build target found for /Users/zachwinslett/Code/strava-cli/src/main/java/com/zwinslett/strava/api/StravaAPIClient.java. Using fallback presentation compiler.
2026.05.08 22:07:17 INFO  no build target found for /Users/zachwinslett/Code/strava-cli/src/main/java/com/zwinslett/strava/api/StravaAPIClient.java. Using fallback presentation compiler.
2026.05.08 22:07:17 INFO  no build target found for /Users/zachwinslett/Code/strava-cli/src/main/java/com/zwinslett/strava/api/StravaAPIClient.java. Using fallback presentation compiler.
2026.05.08 22:07:18 INFO  no build target found for /Users/zachwinslett/Code/strava-cli/src/main/java/com/zwinslett/strava/api/StravaAPIClient.java. Using fallback presentation compiler.
2026.05.08 22:07:17 INFO  no build target found for /Users/zachwinslett/Code/strava-cli/src/main/java/com/zwinslett/strava/api/StravaAPIClient.java. Using fallback presentation compiler.
2026.05.08 22:07:17 INFO  no build target found for /Users/zachwinslett/Code/strava-cli/src/main/java/com/zwinslett/strava/api/StravaAPIClient.java. Using fallback presentation compiler.
2026.05.08 22:07:18 INFO  no build target found for /Users/zachwinslett/Code/strava-cli/src/main/java/com/zwinslett/strava/api/StravaAPIClient.java. Using fallback presentation compiler.
2026.05.08 22:07:18 INFO  no build target found for /Users/zachwinslett/Code/strava-cli/src/main/java/com/zwinslett/strava/api/StravaAPIClient.java. Using fallback presentation compiler.
2026.05.08 22:07:18 INFO  no build target found for /Users/zachwinslett/Code/strava-cli/src/main/java/com/zwinslett/strava/api/StravaAPIClient.java. Using fallback presentation compiler.
2026.05.08 22:07:18 INFO  no build target found for /Users/zachwinslett/Code/strava-cli/src/main/java/com/zwinslett/strava/api/StravaAPIClient.java. Using fallback presentation compiler.
2026.05.08 22:07:18 INFO  no build target found for /Users/zachwinslett/Code/strava-cli/src/main/java/com/zwinslett/strava/api/StravaAPIClient.java. Using fallback presentation compiler.
2026.05.08 22:07:18 INFO  no build target found for /Users/zachwinslett/Code/strava-cli/src/main/java/com/zwinslett/strava/api/StravaAPIClient.java. Using fallback presentation compiler.
2026.05.08 22:07:18 INFO  no build target found for /Users/zachwinslett/Code/strava-cli/src/main/java/com/zwinslett/strava/api/StravaAPIClient.java. Using fallback presentation compiler.
2026.05.08 22:07:18 INFO  no build target found for /Users/zachwinslett/Code/strava-cli/src/main/java/com/zwinslett/strava/api/StravaAPIClient.java. Using fallback presentation compiler.
2026.05.08 22:07:19 INFO  no build target found for /Users/zachwinslett/Code/strava-cli/src/main/java/com/zwinslett/strava/api/StravaAPIClient.java. Using fallback presentation compiler.
2026.05.08 22:07:19 INFO  no build target found for /Users/zachwinslett/Code/strava-cli/src/main/java/com/zwinslett/strava/api/StravaAPIClient.java. Using fallback presentation compiler.
2026.05.08 22:07:19 INFO  no build target found for /Users/zachwinslett/Code/strava-cli/src/main/java/com/zwinslett/strava/api/StravaAPIClient.java. Using fallback presentation compiler.
2026.05.08 22:07:19 INFO  no build target found for /Users/zachwinslett/Code/strava-cli/src/main/java/com/zwinslett/strava/api/StravaAPIClient.java. Using fallback presentation compiler.
2026.05.08 22:07:19 INFO  no build target found for /Users/zachwinslett/Code/strava-cli/src/main/java/com/zwinslett/strava/api/StravaAPIClient.java. Using fallback presentation compiler.
2026.05.08 22:07:20 INFO  no build target found for /Users/zachwinslett/Code/strava-cli/src/main/java/com/zwinslett/strava/api/StravaAPIClient.java. Using fallback presentation compiler.
2026.05.08 22:07:19 INFO  no build target found for /Users/zachwinslett/Code/strava-cli/src/main/java/com/zwinslett/strava/api/StravaAPIClient.java. Using fallback presentation compiler.
2026.05.08 22:07:19 INFO  no build target found for /Users/zachwinslett/Code/strava-cli/src/main/java/com/zwinslett/strava/api/StravaAPIClient.java. Using fallback presentation compiler.
2026.05.08 22:07:20 INFO  no build target found for /Users/zachwinslett/Code/strava-cli/src/main/java/com/zwinslett/strava/api/StravaAPIClient.java. Using fallback presentation compiler.
2026.05.08 22:07:20 INFO  no build target found for /Users/zachwinslett/Code/strava-cli/src/main/java/com/zwinslett/strava/api/StravaAPIClient.java. Using fallback presentation compiler.
2026.05.08 22:07:20 INFO  no build target found for /Users/zachwinslett/Code/strava-cli/src/main/java/com/zwinslett/strava/api/StravaAPIClient.java. Using fallback presentation compiler.
2026.05.08 22:07:20 INFO  no build target found for /Users/zachwinslett/Code/strava-cli/src/main/java/com/zwinslett/strava/api/StravaAPIClient.java. Using fallback presentation compiler.
2026.05.08 22:07:20 INFO  no build target found for /Users/zachwinslett/Code/strava-cli/src/main/java/com/zwinslett/strava/api/StravaAPIClient.java. Using fallback presentation compiler.
2026.05.08 22:07:21 INFO  no build target found for /Users/zachwinslett/Code/strava-cli/src/main/java/com/zwinslett/strava/api/StravaAPIClient.java. Using fallback presentation compiler.
2026.05.08 22:07:20 INFO  no build target found for /Users/zachwinslett/Code/strava-cli/src/main/java/com/zwinslett/strava/api/StravaAPIClient.java. Using fallback presentation compiler.
2026.05.08 22:07:20 INFO  no build target found for /Users/zachwinslett/Code/strava-cli/src/main/java/com/zwinslett/strava/api/StravaAPIClient.java. Using fallback presentation compiler.
2026.05.08 22:07:20 INFO  no build target found for /Users/zachwinslett/Code/strava-cli/src/main/java/com/zwinslett/strava/api/StravaAPIClient.java. Using fallback presentation compiler.
2026.05.08 22:07:21 INFO  no build target found for /Users/zachwinslett/Code/strava-cli/src/main/java/com/zwinslett/strava/api/StravaAPIClient.java. Using fallback presentation compiler.
2026.05.08 22:07:20 INFO  no build target found for /Users/zachwinslett/Code/strava-cli/src/main/java/com/zwinslett/strava/api/StravaAPIClient.java. Using fallback presentation compiler.
2026.05.08 22:07:20 INFO  no build target found for /Users/zachwinslett/Code/strava-cli/src/main/java/com/zwinslett/strava/api/StravaAPIClient.java. Using fallback presentation compiler.
2026.05.08 22:07:20 INFO  no build target found for /Users/zachwinslett/Code/strava-cli/src/main/java/com/zwinslett/strava/api/StravaAPIClient.java. Using fallback presentation compiler.
2026.05.08 22:07:20 INFO  no build target found for /Users/zachwinslett/Code/strava-cli/src/main/java/com/zwinslett/strava/api/StravaAPIClient.java. Using fallback presentation compiler.
2026.05.08 22:07:20 INFO  no build target found for /Users/zachwinslett/Code/strava-cli/src/main/java/com/zwinslett/strava/api/StravaAPIClient.java. Using fallback presentation compiler.
2026.05.08 22:07:22 INFO  no build target found for /Users/zachwinslett/Code/strava-cli/src/main/java/com/zwinslett/strava/api/StravaAPIClient.java. Using fallback presentation compiler.
2026.05.08 22:07:22 INFO  no build target found for /Users/zachwinslett/Code/strava-cli/src/main/java/com/zwinslett/strava/api/StravaAPIClient.java. Using fallback presentation compiler.
2026.05.08 22:07:22 INFO  no build target found for /Users/zachwinslett/Code/strava-cli/src/main/java/com/zwinslett/strava/api/StravaAPIClient.java. Using fallback presentation compiler.
2026.05.08 22:07:22 INFO  no build target found for /Users/zachwinslett/Code/strava-cli/src/main/java/com/zwinslett/strava/api/StravaAPIClient.java. Using fallback presentation compiler.
2026.05.08 22:07:22 INFO  no build target found for /Users/zachwinslett/Code/strava-cli/src/main/java/com/zwinslett/strava/api/StravaAPIClient.java. Using fallback presentation compiler.
2026.05.08 22:07:22 INFO  no build target found for /Users/zachwinslett/Code/strava-cli/src/main/java/com/zwinslett/strava/api/StravaAPIClient.java. Using fallback presentation compiler.
2026.05.08 22:07:22 INFO  no build target found for /Users/zachwinslett/Code/strava-cli/src/main/java/com/zwinslett/strava/api/StravaAPIClient.java. Using fallback presentation compiler.
2026.05.08 22:07:22 INFO  no build target found for /Users/zachwinslett/Code/strava-cli/src/main/java/com/zwinslett/strava/api/StravaAPIClient.java. Using fallback presentation compiler.
2026.05.08 22:07:23 INFO  no build target found for /Users/zachwinslett/Code/strava-cli/src/main/java/com/zwinslett/strava/api/StravaAPIClient.java. Using fallback presentation compiler.
2026.05.08 22:07:23 INFO  no build target found for /Users/zachwinslett/Code/strava-cli/src/main/java/com/zwinslett/strava/api/StravaAPIClient.java. Using fallback presentation compiler.
2026.05.08 22:07:23 INFO  no build target found for /Users/zachwinslett/Code/strava-cli/src/main/java/com/zwinslett/strava/api/StravaAPIClient.java. Using fallback presentation compiler.
2026.05.08 22:07:23 INFO  no build target found for /Users/zachwinslett/Code/strava-cli/src/main/java/com/zwinslett/strava/api/StravaAPIClient.java. Using fallback presentation compiler.
2026.05.08 22:07:23 INFO  no build target found for /Users/zachwinslett/Code/strava-cli/src/main/java/com/zwinslett/strava/api/StravaAPIClient.java. Using fallback presentation compiler.
2026.05.08 22:07:30 INFO  no build target found for /Users/zachwinslett/Code/strava-cli/src/main/java/com/zwinslett/strava/api/StravaAPIClient.java. Using fallback presentation compiler.
2026.05.08 22:07:30 INFO  no build target found for /Users/zachwinslett/Code/strava-cli/src/main/java/com/zwinslett/strava/api/StravaAPIClient.java. Using fallback presentation compiler.
2026.05.08 22:07:30 INFO  no build target found for /Users/zachwinslett/Code/strava-cli/src/main/java/com/zwinslett/strava/api/StravaAPIClient.java. Using fallback presentation compiler.
2026.05.08 22:07:30 INFO  no build target found for /Users/zachwinslett/Code/strava-cli/src/main/java/com/zwinslett/strava/api/StravaAPIClient.java. Using fallback presentation compiler.
2026.05.08 22:07:30 INFO  no build target found for /Users/zachwinslett/Code/strava-cli/src/main/java/com/zwinslett/strava/api/StravaAPIClient.java. Using fallback presentation compiler.
2026.05.08 22:07:30 INFO  no build target found for /Users/zachwinslett/Code/strava-cli/src/main/java/com/zwinslett/strava/api/StravaAPIClient.java. Using fallback presentation compiler.
2026.05.08 22:07:30 INFO  no build target found for /Users/zachwinslett/Code/strava-cli/src/main/java/com/zwinslett/strava/api/StravaAPIClient.java. Using fallback presentation compiler.
2026.05.08 22:07:30 INFO  no build target found for /Users/zachwinslett/Code/strava-cli/src/main/java/com/zwinslett/strava/api/StravaAPIClient.java. Using fallback presentation compiler.
2026.05.08 22:07:30 INFO  no build target found for /Users/zachwinslett/Code/strava-cli/src/main/java/com/zwinslett/strava/api/StravaAPIClient.java. Using fallback presentation compiler.
2026.05.08 22:07:30 INFO  no build target found for /Users/zachwinslett/Code/strava-cli/src/main/java/com/zwinslett/strava/api/StravaAPIClient.java. Using fallback presentation compiler.
2026.05.08 22:07:30 INFO  no build target found for /Users/zachwinslett/Code/strava-cli/src/main/java/com/zwinslett/strava/api/StravaAPIClient.java. Using fallback presentation compiler.
2026.05.08 22:07:30 INFO  no build target found for /Users/zachwinslett/Code/strava-cli/src/main/java/com/zwinslett/strava/api/StravaAPIClient.java. Using fallback presentation compiler.
2026.05.08 22:07:30 INFO  no build target found for /Users/zachwinslett/Code/strava-cli/src/main/java/com/zwinslett/strava/api/StravaAPIClient.java. Using fallback presentation compiler.
2026.05.08 22:07:30 INFO  no build target found for /Users/zachwinslett/Code/strava-cli/src/main/java/com/zwinslett/strava/api/StravaAPIClient.java. Using fallback presentation compiler.
2026.05.08 22:07:30 INFO  no build target found for /Users/zachwinslett/Code/strava-cli/src/main/java/com/zwinslett/strava/api/StravaAPIClient.java. Using fallback presentation compiler.
2026.05.08 22:07:31 INFO  no build target found for /Users/zachwinslett/Code/strava-cli/src/main/java/com/zwinslett/strava/api/StravaAPIClient.java. Using fallback presentation compiler.
2026.05.08 22:07:31 INFO  no build target found for /Users/zachwinslett/Code/strava-cli/src/main/java/com/zwinslett/strava/api/StravaAPIClient.java. Using fallback presentation compiler.
2026.05.08 22:07:31 INFO  no build target found for /Users/zachwinslett/Code/strava-cli/src/main/java/com/zwinslett/strava/api/StravaAPIClient.java. Using fallback presentation compiler.
2026.05.08 22:07:31 INFO  no build target found for /Users/zachwinslett/Code/strava-cli/src/main/java/com/zwinslett/strava/api/StravaAPIClient.java. Using fallback presentation compiler.
2026.05.08 22:07:31 INFO  no build target found for /Users/zachwinslett/Code/strava-cli/src/main/java/com/zwinslett/strava/api/StravaAPIClient.java. Using fallback presentation compiler.
2026.05.08 22:07:31 INFO  no build target found for /Users/zachwinslett/Code/strava-cli/src/main/java/com/zwinslett/strava/api/StravaAPIClient.java. Using fallback presentation compiler.
2026.05.08 22:07:31 INFO  no build target found for /Users/zachwinslett/Code/strava-cli/src/main/java/com/zwinslett/strava/api/StravaAPIClient.java. Using fallback presentation compiler.
2026.05.08 22:07:30 INFO  no build target found for /Users/zachwinslett/Code/strava-cli/src/main/java/com/zwinslett/strava/api/StravaAPIClient.java. Using fallback presentation compiler.
2026.05.08 22:07:31 INFO  no build target found for /Users/zachwinslett/Code/strava-cli/src/main/java/com/zwinslett/strava/api/StravaAPIClient.java. Using fallback presentation compiler.
2026.05.08 22:07:31 INFO  no build target found for /Users/zachwinslett/Code/strava-cli/src/main/java/com/zwinslett/strava/api/StravaAPIClient.java. Using fallback presentation compiler.
2026.05.08 22:07:31 INFO  no build target found for /Users/zachwinslett/Code/strava-cli/src/main/java/com/zwinslett/strava/api/StravaAPIClient.java. Using fallback presentation compiler.
2026.05.08 22:07:31 INFO  no build target found for /Users/zachwinslett/Code/strava-cli/src/main/java/com/zwinslett/strava/api/StravaAPIClient.java. Using fallback presentation compiler.
2026.05.08 22:07:31 INFO  no build target found for /Users/zachwinslett/Code/strava-cli/src/main/java/com/zwinslett/strava/api/StravaAPIClient.java. Using fallback presentation compiler.
2026.05.08 22:07:32 INFO  no build target found for /Users/zachwinslett/Code/strava-cli/src/main/java/com/zwinslett/strava/api/StravaAPIClient.java. Using fallback presentation compiler.
2026.05.08 22:07:32 INFO  no build target found for /Users/zachwinslett/Code/strava-cli/src/main/java/com/zwinslett/strava/api/StravaAPIClient.java. Using fallback presentation compiler.
2026.05.08 22:07:32 INFO  no build target found for /Users/zachwinslett/Code/strava-cli/src/main/java/com/zwinslett/strava/api/StravaAPIClient.java. Using fallback presentation compiler.
2026.05.08 22:07:32 INFO  no build target found for /Users/zachwinslett/Code/strava-cli/src/main/java/com/zwinslett/strava/api/StravaAPIClient.java. Using fallback presentation compiler.
2026.05.08 22:07:32 INFO  no build target found for /Users/zachwinslett/Code/strava-cli/src/main/java/com/zwinslett/strava/api/StravaAPIClient.java. Using fallback presentation compiler.
2026.05.08 22:07:32 INFO  no build target found for /Users/zachwinslett/Code/strava-cli/src/main/java/com/zwinslett/strava/api/StravaAPIClient.java. Using fallback presentation compiler.
2026.05.08 22:07:32 INFO  no build target found for /Users/zachwinslett/Code/strava-cli/src/main/java/com/zwinslett/strava/api/StravaAPIClient.java. Using fallback presentation compiler.
2026.05.08 22:07:32 INFO  no build target found for /Users/zachwinslett/Code/strava-cli/src/main/java/com/zwinslett/strava/api/StravaAPIClient.java. Using fallback presentation compiler.
2026.05.08 22:07:37 INFO  no build target found for /Users/zachwinslett/Code/strava-cli/src/main/java/com/zwinslett/strava/api/StravaAPIClient.java. Using fallback presentation compiler.
2026.05.08 22:07:37 INFO  no build target found for /Users/zachwinslett/Code/strava-cli/src/main/java/com/zwinslett/strava/api/StravaAPIClient.java. Using fallback presentation compiler.
2026.05.08 22:07:37 INFO  no build target found for /Users/zachwinslett/Code/strava-cli/src/main/java/com/zwinslett/strava/api/StravaAPIClient.java. Using fallback presentation compiler.
2026.05.08 22:07:37 INFO  no build target found for /Users/zachwinslett/Code/strava-cli/src/main/java/com/zwinslett/strava/api/StravaAPIClient.java. Using fallback presentation compiler.
2026.05.08 22:07:37 INFO  no build target found for /Users/zachwinslett/Code/strava-cli/src/main/java/com/zwinslett/strava/api/StravaAPIClient.java. Using fallback presentation compiler.
2026.05.08 22:07:38 INFO  no build target found for /Users/zachwinslett/Code/strava-cli/src/main/java/com/zwinslett/strava/api/StravaAPIClient.java. Using fallback presentation compiler.
2026.05.08 22:07:37 INFO  no build target found for /Users/zachwinslett/Code/strava-cli/src/main/java/com/zwinslett/strava/api/StravaAPIClient.java. Using fallback presentation compiler.
2026.05.08 22:07:37 INFO  no build target found for /Users/zachwinslett/Code/strava-cli/src/main/java/com/zwinslett/strava/api/StravaAPIClient.java. Using fallback presentation compiler.
2026.05.08 22:07:37 INFO  no build target found for /Users/zachwinslett/Code/strava-cli/src/main/java/com/zwinslett/strava/api/StravaAPIClient.java. Using fallback presentation compiler.
2026.05.08 22:07:38 INFO  no build target found for /Users/zachwinslett/Code/strava-cli/src/main/java/com/zwinslett/strava/api/StravaAPIClient.java. Using fallback presentation compiler.
2026.05.08 22:07:38 INFO  no build target found for /Users/zachwinslett/Code/strava-cli/src/main/java/com/zwinslett/strava/api/StravaAPIClient.java. Using fallback presentation compiler.
2026.05.08 22:07:40 INFO  no build target found for /Users/zachwinslett/Code/strava-cli/src/main/java/com/zwinslett/strava/api/StravaAPIClient.java. Using fallback presentation compiler.
2026.05.08 22:07:40 INFO  no build target found for /Users/zachwinslett/Code/strava-cli/src/main/java/com/zwinslett/strava/api/StravaAPIClient.java. Using fallback presentation compiler.
2026.05.08 22:07:40 INFO  no build target found for /Users/zachwinslett/Code/strava-cli/src/main/java/com/zwinslett/strava/api/StravaAPIClient.java. Using fallback presentation compiler.
2026.05.08 22:07:40 INFO  no build target found for /Users/zachwinslett/Code/strava-cli/src/main/java/com/zwinslett/strava/api/StravaAPIClient.java. Using fallback presentation compiler.
2026.05.08 22:07:40 INFO  no build target found for /Users/zachwinslett/Code/strava-cli/src/main/java/com/zwinslett/strava/api/StravaAPIClient.java. Using fallback presentation compiler.
2026.05.08 22:07:40 INFO  no build target found for /Users/zachwinslett/Code/strava-cli/src/main/java/com/zwinslett/strava/api/StravaAPIClient.java. Using fallback presentation compiler.
2026.05.08 22:07:40 INFO  no build target found for /Users/zachwinslett/Code/strava-cli/src/main/java/com/zwinslett/strava/api/StravaAPIClient.java. Using fallback presentation compiler.
2026.05.08 22:07:40 INFO  no build target found for /Users/zachwinslett/Code/strava-cli/src/main/java/com/zwinslett/strava/api/StravaAPIClient.java. Using fallback presentation compiler.
2026.05.08 22:07:40 INFO  no build target found for /Users/zachwinslett/Code/strava-cli/src/main/java/com/zwinslett/strava/api/StravaAPIClient.java. Using fallback presentation compiler.
2026.05.08 22:07:41 INFO  no build target found for /Users/zachwinslett/Code/strava-cli/src/main/java/com/zwinslett/strava/api/StravaAPIClient.java. Using fallback presentation compiler.
2026.05.08 22:07:41 INFO  no build target found for /Users/zachwinslett/Code/strava-cli/src/main/java/com/zwinslett/strava/api/StravaAPIClient.java. Using fallback presentation compiler.
2026.05.08 22:07:41 INFO  no build target found for /Users/zachwinslett/Code/strava-cli/src/main/java/com/zwinslett/strava/api/StravaAPIClient.java. Using fallback presentation compiler.
2026.05.08 22:07:41 INFO  no build target found for /Users/zachwinslett/Code/strava-cli/src/main/java/com/zwinslett/strava/api/StravaAPIClient.java. Using fallback presentation compiler.
2026.05.08 22:07:41 INFO  no build target found for /Users/zachwinslett/Code/strava-cli/src/main/java/com/zwinslett/strava/api/StravaAPIClient.java. Using fallback presentation compiler.
2026.05.08 22:07:41 INFO  no build target found for /Users/zachwinslett/Code/strava-cli/src/main/java/com/zwinslett/strava/api/StravaAPIClient.java. Using fallback presentation compiler.
2026.05.08 22:07:41 INFO  no build target found for /Users/zachwinslett/Code/strava-cli/src/main/java/com/zwinslett/strava/api/StravaAPIClient.java. Using fallback presentation compiler.
2026.05.08 22:07:41 INFO  no build target found for /Users/zachwinslett/Code/strava-cli/src/main/java/com/zwinslett/strava/api/StravaAPIClient.java. Using fallback presentation compiler.
2026.05.08 22:07:42 INFO  no build target found for /Users/zachwinslett/Code/strava-cli/src/main/java/com/zwinslett/strava/api/StravaAPIClient.java. Using fallback presentation compiler.
2026.05.08 22:07:42 INFO  no build target found for /Users/zachwinslett/Code/strava-cli/src/main/java/com/zwinslett/strava/api/StravaAPIClient.java. Using fallback presentation compiler.
2026.05.08 22:07:42 INFO  no build target found for /Users/zachwinslett/Code/strava-cli/src/main/java/com/zwinslett/strava/api/StravaAPIClient.java. Using fallback presentation compiler.
2026.05.08 22:07:42 INFO  no build target found for /Users/zachwinslett/Code/strava-cli/src/main/java/com/zwinslett/strava/api/StravaAPIClient.java. Using fallback presentation compiler.
May 08, 2026 10:07:43 PM org.eclipse.lsp4j.jsonrpc.RemoteEndpoint handleCancellation
WARNING: Unmatched cancel notification for request id 5740
2026.05.08 22:07:42 INFO  no build target found for /Users/zachwinslett/Code/strava-cli/src/main/java/com/zwinslett/strava/api/StravaAPIClient.java. Using fallback presentation compiler.
2026.05.08 22:07:42 INFO  no build target found for /Users/zachwinslett/Code/strava-cli/src/main/java/com/zwinslett/strava/api/StravaAPIClient.java. Using fallback presentation compiler.
2026.05.08 22:07:42 INFO  no build target found for /Users/zachwinslett/Code/strava-cli/src/main/java/com/zwinslett/strava/api/StravaAPIClient.java. Using fallback presentation compiler.
2026.05.08 22:07:43 INFO  no build target found for /Users/zachwinslett/Code/strava-cli/src/main/java/com/zwinslett/strava/api/StravaAPIClient.java. Using fallback presentation compiler.
2026.05.08 22:07:43 INFO  no build target found for /Users/zachwinslett/Code/strava-cli/src/main/java/com/zwinslett/strava/api/StravaAPIClient.java. Using fallback presentation compiler.
2026.05.08 22:07:43 INFO  no build target found for /Users/zachwinslett/Code/strava-cli/src/main/java/com/zwinslett/strava/api/StravaAPIClient.java. Using fallback presentation compiler.
2026.05.08 22:07:43 INFO  no build target found for /Users/zachwinslett/Code/strava-cli/src/main/java/com/zwinslett/strava/api/StravaAPIClient.java. Using fallback presentation compiler.
2026.05.08 22:07:43 INFO  no build target found for /Users/zachwinslett/Code/strava-cli/src/main/java/com/zwinslett/strava/api/StravaAPIClient.java. Using fallback presentation compiler.
2026.05.08 22:07:44 INFO  no build target found for /Users/zachwinslett/Code/strava-cli/src/main/java/com/zwinslett/strava/api/StravaAPIClient.java. Using fallback presentation compiler.
2026.05.08 22:07:43 INFO  no build target found for /Users/zachwinslett/Code/strava-cli/src/main/java/com/zwinslett/strava/api/StravaAPIClient.java. Using fallback presentation compiler.
2026.05.08 22:07:43 INFO  no build target found for /Users/zachwinslett/Code/strava-cli/src/main/java/com/zwinslett/strava/api/StravaAPIClient.java. Using fallback presentation compiler.
2026.05.08 22:07:46 INFO  no build target found for /Users/zachwinslett/Code/strava-cli/src/main/java/com/zwinslett/strava/api/StravaAPIClient.java. Using fallback presentation compiler.
2026.05.08 22:07:46 INFO  no build target found for /Users/zachwinslett/Code/strava-cli/src/main/java/com/zwinslett/strava/api/StravaAPIClient.java. Using fallback presentation compiler.
2026.05.08 22:07:46 INFO  no build target found for /Users/zachwinslett/Code/strava-cli/src/main/java/com/zwinslett/strava/api/StravaAPIClient.java. Using fallback presentation compiler.
2026.05.08 22:07:46 INFO  no build target found for /Users/zachwinslett/Code/strava-cli/src/main/java/com/zwinslett/strava/api/StravaAPIClient.java. Using fallback presentation compiler.
2026.05.08 22:07:46 INFO  no build target found for /Users/zachwinslett/Code/strava-cli/src/main/java/com/zwinslett/strava/api/StravaAPIClient.java. Using fallback presentation compiler.
2026.05.08 22:07:47 INFO  no build target found for /Users/zachwinslett/Code/strava-cli/src/main/java/com/zwinslett/strava/api/StravaAPIClient.java. Using fallback presentation compiler.
2026.05.08 22:07:47 INFO  no build target found for /Users/zachwinslett/Code/strava-cli/src/main/java/com/zwinslett/strava/api/StravaAPIClient.java. Using fallback presentation compiler.
2026.05.08 22:07:47 INFO  no build target found for /Users/zachwinslett/Code/strava-cli/src/main/java/com/zwinslett/strava/api/StravaAPIClient.java. Using fallback presentation compiler.
2026.05.08 22:07:47 INFO  no build target found for /Users/zachwinslett/Code/strava-cli/src/main/java/com/zwinslett/strava/api/StravaAPIClient.java. Using fallback presentation compiler.
2026.05.08 22:07:47 INFO  no build target found for /Users/zachwinslett/Code/strava-cli/src/main/java/com/zwinslett/strava/api/StravaAPIClient.java. Using fallback presentation compiler.
2026.05.08 22:07:47 INFO  no build target found for /Users/zachwinslett/Code/strava-cli/src/main/java/com/zwinslett/strava/api/StravaAPIClient.java. Using fallback presentation compiler.
2026.05.08 22:07:48 INFO  no build target found for /Users/zachwinslett/Code/strava-cli/src/main/java/com/zwinslett/strava/api/StravaAPIClient.java. Using fallback presentation compiler.
2026.05.08 22:07:48 INFO  no build target found for /Users/zachwinslett/Code/strava-cli/src/main/java/com/zwinslett/strava/api/StravaAPIClient.java. Using fallback presentation compiler.
2026.05.08 22:07:48 INFO  no build target found for /Users/zachwinslett/Code/strava-cli/src/main/java/com/zwinslett/strava/api/StravaAPIClient.java. Using fallback presentation compiler.
2026.05.08 22:07:48 INFO  no build target found for /Users/zachwinslett/Code/strava-cli/src/main/java/com/zwinslett/strava/api/StravaAPIClient.java. Using fallback presentation compiler.
2026.05.08 22:07:48 INFO  no build target found for /Users/zachwinslett/Code/strava-cli/src/main/java/com/zwinslett/strava/api/StravaAPIClient.java. Using fallback presentation compiler.
2026.05.08 22:07:48 INFO  no build target found for /Users/zachwinslett/Code/strava-cli/src/main/java/com/zwinslett/strava/api/StravaAPIClient.java. Using fallback presentation compiler.
2026.05.08 22:07:48 INFO  no build target found for /Users/zachwinslett/Code/strava-cli/src/main/java/com/zwinslett/strava/api/StravaAPIClient.java. Using fallback presentation compiler.
2026.05.08 22:07:48 INFO  no build target found for /Users/zachwinslett/Code/strava-cli/src/main/java/com/zwinslett/strava/api/StravaAPIClient.java. Using fallback presentation compiler.
May 08, 2026 10:07:49 PM org.eclipse.lsp4j.jsonrpc.RemoteEndpoint handleCancellation
WARNING: Unmatched cancel notification for request id 5781
May 08, 2026 10:07:49 PM org.eclipse.lsp4j.jsonrpc.RemoteEndpoint handleCancellation
WARNING: Unmatched cancel notification for request id 5784
2026.05.08 22:07:48 INFO  no build target found for /Users/zachwinslett/Code/strava-cli/src/main/java/com/zwinslett/strava/api/StravaAPIClient.java. Using fallback presentation compiler.
2026.05.08 22:07:49 INFO  no build target found for /Users/zachwinslett/Code/strava-cli/src/main/java/com/zwinslett/strava/api/StravaAPIClient.java. Using fallback presentation compiler.
2026.05.08 22:07:49 INFO  no build target found for /Users/zachwinslett/Code/strava-cli/src/main/java/com/zwinslett/strava/api/StravaAPIClient.java. Using fallback presentation compiler.
2026.05.08 22:07:49 INFO  no build target found for /Users/zachwinslett/Code/strava-cli/src/main/java/com/zwinslett/strava/api/StravaAPIClient.java. Using fallback presentation compiler.
2026.05.08 22:07:49 INFO  no build target found for /Users/zachwinslett/Code/strava-cli/src/main/java/com/zwinslett/strava/api/StravaAPIClient.java. Using fallback presentation compiler.
2026.05.08 22:07:49 INFO  no build target found for /Users/zachwinslett/Code/strava-cli/src/main/java/com/zwinslett/strava/api/StravaAPIClient.java. Using fallback presentation compiler.
2026.05.08 22:07:49 INFO  no build target found for /Users/zachwinslett/Code/strava-cli/src/main/java/com/zwinslett/strava/api/StravaAPIClient.java. Using fallback presentation compiler.
2026.05.08 22:07:49 INFO  no build target found for /Users/zachwinslett/Code/strava-cli/src/main/java/com/zwinslett/strava/api/StravaAPIClient.java. Using fallback presentation compiler.
2026.05.08 22:07:49 INFO  no build target found for /Users/zachwinslett/Code/strava-cli/src/main/java/com/zwinslett/strava/api/StravaAPIClient.java. Using fallback presentation compiler.
2026.05.08 22:07:50 INFO  no build target found for /Users/zachwinslett/Code/strava-cli/src/main/java/com/zwinslett/strava/api/StravaAPIClient.java. Using fallback presentation compiler.
2026.05.08 22:07:50 INFO  no build target found for /Users/zachwinslett/Code/strava-cli/src/main/java/com/zwinslett/strava/api/StravaAPIClient.java. Using fallback presentation compiler.
2026.05.08 22:07:50 INFO  no build target found for /Users/zachwinslett/Code/strava-cli/src/main/java/com/zwinslett/strava/api/StravaAPIClient.java. Using fallback presentation compiler.
2026.05.08 22:07:50 INFO  no build target found for /Users/zachwinslett/Code/strava-cli/src/main/java/com/zwinslett/strava/api/StravaAPIClient.java. Using fallback presentation compiler.
2026.05.08 22:07:50 INFO  no build target found for /Users/zachwinslett/Code/strava-cli/src/main/java/com/zwinslett/strava/api/StravaAPIClient.java. Using fallback presentation compiler.
2026.05.08 22:07:51 INFO  no build target found for /Users/zachwinslett/Code/strava-cli/src/main/java/com/zwinslett/strava/api/StravaAPIClient.java. Using fallback presentation compiler.
2026.05.08 22:07:50 INFO  no build target found for /Users/zachwinslett/Code/strava-cli/src/main/java/com/zwinslett/strava/api/StravaAPIClient.java. Using fallback presentation compiler.
2026.05.08 22:07:50 INFO  no build target found for /Users/zachwinslett/Code/strava-cli/src/main/java/com/zwinslett/strava/api/StravaAPIClient.java. Using fallback presentation compiler.
2026.05.08 22:07:50 INFO  no build target found for /Users/zachwinslett/Code/strava-cli/src/main/java/com/zwinslett/strava/api/StravaAPIClient.java. Using fallback presentation compiler.
2026.05.08 22:07:50 INFO  no build target found for /Users/zachwinslett/Code/strava-cli/src/main/java/com/zwinslett/strava/api/StravaAPIClient.java. Using fallback presentation compiler.
2026.05.08 22:07:50 INFO  no build target found for /Users/zachwinslett/Code/strava-cli/src/main/java/com/zwinslett/strava/api/StravaAPIClient.java. Using fallback presentation compiler.
2026.05.08 22:07:50 INFO  no build target found for /Users/zachwinslett/Code/strava-cli/src/main/java/com/zwinslett/strava/api/StravaAPIClient.java. Using fallback presentation compiler.
2026.05.08 22:07:50 INFO  no build target found for /Users/zachwinslett/Code/strava-cli/src/main/java/com/zwinslett/strava/api/StravaAPIClient.java. Using fallback presentation compiler.
2026.05.08 22:07:51 INFO  no build target found for /Users/zachwinslett/Code/strava-cli/src/main/java/com/zwinslett/strava/api/StravaAPIClient.java. Using fallback presentation compiler.
2026.05.08 22:07:50 INFO  no build target found for /Users/zachwinslett/Code/strava-cli/src/main/java/com/zwinslett/strava/api/StravaAPIClient.java. Using fallback presentation compiler.
2026.05.08 22:07:50 INFO  no build target found for /Users/zachwinslett/Code/strava-cli/src/main/java/com/zwinslett/strava/api/StravaAPIClient.java. Using fallback presentation compiler.
2026.05.08 22:07:50 INFO  no build target found for /Users/zachwinslett/Code/strava-cli/src/main/java/com/zwinslett/strava/api/StravaAPIClient.java. Using fallback presentation compiler.
2026.05.08 22:07:52 INFO  no build target found for /Users/zachwinslett/Code/strava-cli/src/main/java/com/zwinslett/strava/api/StravaAPIClient.java. Using fallback presentation compiler.
2026.05.08 22:07:52 INFO  no build target found for /Users/zachwinslett/Code/strava-cli/src/main/java/com/zwinslett/strava/api/StravaAPIClient.java. Using fallback presentation compiler.
2026.05.08 22:07:52 INFO  no build target found for /Users/zachwinslett/Code/strava-cli/src/main/java/com/zwinslett/strava/api/StravaAPIClient.java. Using fallback presentation compiler.
2026.05.08 22:07:52 INFO  no build target found for /Users/zachwinslett/Code/strava-cli/src/main/java/com/zwinslett/strava/api/StravaAPIClient.java. Using fallback presentation compiler.
2026.05.08 22:07:52 INFO  no build target found for /Users/zachwinslett/Code/strava-cli/src/main/java/com/zwinslett/strava/api/StravaAPIClient.java. Using fallback presentation compiler.
2026.05.08 22:07:53 INFO  no build target found for /Users/zachwinslett/Code/strava-cli/src/main/java/com/zwinslett/strava/api/StravaAPIClient.java. Using fallback presentation compiler.
2026.05.08 22:07:53 INFO  no build target found for /Users/zachwinslett/Code/strava-cli/src/main/java/com/zwinslett/strava/api/StravaAPIClient.java. Using fallback presentation compiler.
2026.05.08 22:07:55 INFO  no build target found for /Users/zachwinslett/Code/strava-cli/src/main/java/com/zwinslett/strava/api/StravaAPIClient.java. Using fallback presentation compiler.
2026.05.08 22:07:55 INFO  no build target found for /Users/zachwinslett/Code/strava-cli/src/main/java/com/zwinslett/strava/api/StravaAPIClient.java. Using fallback presentation compiler.
2026.05.08 22:07:55 INFO  no build target found for /Users/zachwinslett/Code/strava-cli/src/main/java/com/zwinslett/strava/api/StravaAPIClient.java. Using fallback presentation compiler.
2026.05.08 22:07:57 INFO  no build target found for /Users/zachwinslett/Code/strava-cli/src/main/java/com/zwinslett/strava/api/StravaAPIClient.java. Using fallback presentation compiler.
2026.05.08 22:07:57 INFO  no build target found for /Users/zachwinslett/Code/strava-cli/src/main/java/com/zwinslett/strava/api/StravaAPIClient.java. Using fallback presentation compiler.
2026.05.08 22:07:58 INFO  no build target found for /Users/zachwinslett/Code/strava-cli/src/main/java/com/zwinslett/strava/api/StravaAPIClient.java. Using fallback presentation compiler.
2026.05.08 22:07:58 INFO  no build target found for /Users/zachwinslett/Code/strava-cli/src/main/java/com/zwinslett/strava/api/StravaAPIClient.java. Using fallback presentation compiler.
2026.05.08 22:07:58 INFO  no build target found for /Users/zachwinslett/Code/strava-cli/src/main/java/com/zwinslett/strava/api/StravaAPIClient.java. Using fallback presentation compiler.
2026.05.08 22:07:58 INFO  no build target found for /Users/zachwinslett/Code/strava-cli/src/main/java/com/zwinslett/strava/api/StravaAPIClient.java. Using fallback presentation compiler.
2026.05.08 22:07:59 INFO  no build target found for /Users/zachwinslett/Code/strava-cli/src/main/java/com/zwinslett/strava/api/StravaAPIClient.java. Using fallback presentation compiler.
2026.05.08 22:08:00 INFO  no build target found for /Users/zachwinslett/Code/strava-cli/src/main/java/com/zwinslett/strava/api/StravaAPIClient.java. Using fallback presentation compiler.
2026.05.08 22:08:00 INFO  no build target found for /Users/zachwinslett/Code/strava-cli/src/main/java/com/zwinslett/strava/api/StravaAPIClient.java. Using fallback presentation compiler.
2026.05.08 22:08:00 INFO  no build target found for /Users/zachwinslett/Code/strava-cli/src/main/java/com/zwinslett/strava/api/StravaAPIClient.java. Using fallback presentation compiler.
2026.05.08 22:08:00 INFO  no build target found for /Users/zachwinslett/Code/strava-cli/src/main/java/com/zwinslett/strava/api/StravaAPIClient.java. Using fallback presentation compiler.
2026.05.08 22:08:01 INFO  no build target found for /Users/zachwinslett/Code/strava-cli/src/main/java/com/zwinslett/strava/api/StravaAPIClient.java. Using fallback presentation compiler.
2026.05.08 22:08:01 INFO  no build target found for /Users/zachwinslett/Code/strava-cli/src/main/java/com/zwinslett/strava/api/StravaAPIClient.java. Using fallback presentation compiler.
2026.05.08 22:08:01 INFO  no build target found for /Users/zachwinslett/Code/strava-cli/src/main/java/com/zwinslett/strava/api/StravaAPIClient.java. Using fallback presentation compiler.
2026.05.08 22:08:01 INFO  no build target found for /Users/zachwinslett/Code/strava-cli/src/main/java/com/zwinslett/strava/api/StravaAPIClient.java. Using fallback presentation compiler.
2026.05.08 22:08:01 INFO  no build target found for /Users/zachwinslett/Code/strava-cli/src/main/java/com/zwinslett/strava/api/StravaAPIClient.java. Using fallback presentation compiler.
2026.05.08 22:08:02 INFO  no build target found for /Users/zachwinslett/Code/strava-cli/src/main/java/com/zwinslett/strava/api/StravaAPIClient.java. Using fallback presentation compiler.
2026.05.08 22:08:01 INFO  no build target found for /Users/zachwinslett/Code/strava-cli/src/main/java/com/zwinslett/strava/api/StravaAPIClient.java. Using fallback presentation compiler.
2026.05.08 22:08:03 INFO  no build target found for /Users/zachwinslett/Code/strava-cli/src/main/java/com/zwinslett/strava/api/StravaAPIClient.java. Using fallback presentation compiler.
2026.05.08 22:08:03 INFO  no build target found for /Users/zachwinslett/Code/strava-cli/src/main/java/com/zwinslett/strava/api/StravaAPIClient.java. Using fallback presentation compiler.
2026.05.08 22:08:03 INFO  no build target found for /Users/zachwinslett/Code/strava-cli/src/main/java/com/zwinslett/strava/api/StravaAPIClient.java. Using fallback presentation compiler.
2026.05.08 22:08:03 INFO  no build target found for /Users/zachwinslett/Code/strava-cli/src/main/java/com/zwinslett/strava/api/StravaAPIClient.java. Using fallback presentation compiler.
2026.05.08 22:08:04 WARN  no build target for: /Users/zachwinslett/Code/strava-cli/src/main/java/com/zwinslett/strava/api/StravaAPIClient.java
2026.05.08 22:08:04 INFO  no build target found for /Users/zachwinslett/Code/strava-cli/src/main/java/com/zwinslett/strava/api/StravaAPIClient.java. Using fallback presentation compiler.
2026.05.08 22:08:04 INFO  no build target found for /Users/zachwinslett/Code/strava-cli/src/main/java/com/zwinslett/strava/api/StravaAPIClient.java. Using fallback presentation compiler.
2026.05.08 22:08:27 INFO  no build target found for /Users/zachwinslett/Code/strava-cli/src/main/java/com/zwinslett/strava/cli/ActivityByIdCommand.java. Using fallback presentation compiler.
2026.05.08 22:08:33 INFO  no build target found for /Users/zachwinslett/Code/strava-cli/src/main/java/com/zwinslett/strava/cli/StatsMonthlyCommand.java. Using fallback presentation compiler.
2026.05.08 22:08:33 INFO  no build target found for /Users/zachwinslett/Code/strava-cli/src/main/java/com/zwinslett/strava/cli/StatsMonthlyCommand.java. Using fallback presentation compiler.
2026.05.08 22:08:33 INFO  no build target found for /Users/zachwinslett/Code/strava-cli/src/main/java/com/zwinslett/strava/cli/StatsMonthlyCommand.java. Using fallback presentation compiler.
2026.05.08 22:08:34 INFO  no build target found for /Users/zachwinslett/Code/strava-cli/src/main/java/com/zwinslett/strava/cli/StatsMonthlyCommand.java. Using fallback presentation compiler.
2026.05.08 22:08:57 WARN  no build target for: /Users/zachwinslett/Code/strava-cli/src/main/java/com/zwinslett/strava/cli/StatsMonthlyCommand.java
2026.05.08 22:08:57 INFO  no build target found for /Users/zachwinslett/Code/strava-cli/src/main/java/com/zwinslett/strava/cli/StatsMonthlyCommand.java. Using fallback presentation compiler.
2026.05.08 22:08:58 WARN  no build target for: /Users/zachwinslett/Code/strava-cli/src/main/java/com/zwinslett/strava/cli/StatsMonthlyCommand.java
2026.05.08 22:08:57 INFO  no build target found for /Users/zachwinslett/Code/strava-cli/src/main/java/com/zwinslett/strava/cli/StatsMonthlyCommand.java. Using fallback presentation compiler.
2026.05.08 22:08:57 INFO  no build target found for /Users/zachwinslett/Code/strava-cli/src/main/java/com/zwinslett/strava/cli/StatsMonthlyCommand.java. Using fallback presentation compiler.
2026.05.08 22:08:57 INFO  Created report: Optional[file:///Users/zachwinslett/Code/strava-cli/src/main/java/com/zwinslett/strava/cli/StatsMonthlyCommand.java]
2026.05.08 22:08:57 INFO  empty definition using pc, found symbol in pc: _empty_/calculator#calculateStats# (full report at: "/Users/zachwinslett/Code/strava-cli/.metals/.reports/metals-full/2026-05-08/r_empty-definition_22-08-58-223.md")
2026.05.08 22:08:58 INFO  no build target found for /Users/zachwinslett/Code/strava-cli/src/main/java/com/zwinslett/strava/service/ActivityCalculator.java. Using fallback presentation compiler.
2026.05.08 22:08:58 INFO  no build target found for /Users/zachwinslett/Code/strava-cli/src/main/java/com/zwinslett/strava/cli/StatsMonthlyCommand.java. Using fallback presentation compiler.
2026.05.08 22:09:04 INFO  no build target found for /Users/zachwinslett/Code/strava-cli/src/main/java/com/zwinslett/strava/cli/StatsMonthlyCommand.java. Using fallback presentation compiler.
2026.05.08 22:09:06 INFO  no build target found for /Users/zachwinslett/Code/strava-cli/src/main/java/com/zwinslett/strava/cli/StatsMonthlyCommand.java. Using fallback presentation compiler.
2026.05.08 22:09:07 INFO  no build target found for /Users/zachwinslett/Code/strava-cli/src/main/java/com/zwinslett/strava/cli/StatsMonthlyCommand.java. Using fallback presentation compiler.
2026.05.08 22:09:07 INFO  no build target found for /Users/zachwinslett/Code/strava-cli/src/main/java/com/zwinslett/strava/api/StravaAPIClient.java. Using fallback presentation compiler.
2026.05.08 22:09:07 WARN  no build target for: /Users/zachwinslett/Code/strava-cli/src/main/java/com/zwinslett/strava/api/StravaAPIClient.java
2026.05.08 22:09:07 INFO  no build target found for /Users/zachwinslett/Code/strava-cli/src/main/java/com/zwinslett/strava/api/StravaAPIClient.java. Using fallback presentation compiler.
2026.05.08 22:09:07 INFO  no build target found for /Users/zachwinslett/Code/strava-cli/src/main/java/com/zwinslett/strava/api/StravaAPIClient.java. Using fallback presentation compiler.
2026.05.08 22:09:11 INFO  no build target found for /Users/zachwinslett/Code/strava-cli/src/main/java/com/zwinslett/strava/api/StravaAPIClient.java. Using fallback presentation compiler.
2026.05.08 22:09:23 INFO  no build target found for /Users/zachwinslett/Code/strava-cli/src/main/java/com/zwinslett/strava/api/StravaAPIClient.java. Using fallback presentation compiler.
2026.05.08 22:09:28 INFO  no build target found for /Users/zachwinslett/Code/strava-cli/src/main/java/com/zwinslett/strava/api/StravaAPIClient.java. Using fallback presentation compiler.
2026.05.08 22:10:50 INFO  no build target found for /Users/zachwinslett/Code/strava-cli/src/main/java/com/zwinslett/strava/api/StravaAPIClient.java. Using fallback presentation compiler.
2026.05.08 22:10:59 INFO  no build target found for /Users/zachwinslett/Code/strava-cli/src/main/java/com/zwinslett/strava/api/StravaAPIClient.java. Using fallback presentation compiler.
2026.05.08 22:11:01 INFO  no build target found for /Users/zachwinslett/Code/strava-cli/src/main/java/com/zwinslett/strava/api/StravaAPIClient.java. Using fallback presentation compiler.
2026.05.08 22:11:01 INFO  no build target found for /Users/zachwinslett/Code/strava-cli/src/main/java/com/zwinslett/strava/api/StravaAPIClient.java. Using fallback presentation compiler.
2026.05.08 22:11:05 INFO  no build target found for /Users/zachwinslett/Code/strava-cli/src/main/java/com/zwinslett/strava/api/StravaAPIClient.java. Using fallback presentation compiler.
2026.05.08 22:11:05 INFO  no build target found for /Users/zachwinslett/Code/strava-cli/src/main/java/com/zwinslett/strava/api/StravaAPIClient.java. Using fallback presentation compiler.
2026.05.08 22:11:05 INFO  no build target found for /Users/zachwinslett/Code/strava-cli/src/main/java/com/zwinslett/strava/api/StravaAPIClient.java. Using fallback presentation compiler.
2026.05.08 22:11:49 INFO  no build target found for /Users/zachwinslett/Code/strava-cli/src/main/java/com/zwinslett/strava/api/StravaAPIClient.java. Using fallback presentation compiler.
2026.05.08 22:11:50 INFO  no build target found for /Users/zachwinslett/Code/strava-cli/src/main/java/com/zwinslett/strava/api/StravaAPIClient.java. Using fallback presentation compiler.
2026.05.08 22:11:50 INFO  no build target found for /Users/zachwinslett/Code/strava-cli/src/main/java/com/zwinslett/strava/api/StravaAPIClient.java. Using fallback presentation compiler.
2026.05.08 22:12:59 INFO  no build target found for /Users/zachwinslett/Code/strava-cli/src/main/java/com/zwinslett/strava/api/StravaAPIClient.java. Using fallback presentation compiler.
2026.05.08 22:12:59 INFO  no build target found for /Users/zachwinslett/Code/strava-cli/src/main/java/com/zwinslett/strava/api/StravaAPIClient.java. Using fallback presentation compiler.
2026.05.08 22:13:01 INFO  no build target found for /Users/zachwinslett/Code/strava-cli/src/main/java/com/zwinslett/strava/api/StravaAPIClient.java. Using fallback presentation compiler.
2026.05.08 22:13:01 INFO  no build target found for /Users/zachwinslett/Code/strava-cli/src/main/java/com/zwinslett/strava/api/StravaAPIClient.java. Using fallback presentation compiler.
2026.05.08 22:13:15 INFO  no build target found for /Users/zachwinslett/Code/strava-cli/src/main/java/com/zwinslett/strava/api/StravaAPIClient.java. Using fallback presentation compiler.
2026.05.08 22:13:21 INFO  no build target found for /Users/zachwinslett/Code/strava-cli/src/main/java/com/zwinslett/strava/api/StravaAPIClient.java. Using fallback presentation compiler.
2026.05.08 22:13:26 INFO  no build target found for /Users/zachwinslett/Code/strava-cli/src/main/java/com/zwinslett/strava/api/StravaAPIClient.java. Using fallback presentation compiler.
2026.05.08 22:13:26 INFO  no build target found for /Users/zachwinslett/Code/strava-cli/src/main/java/com/zwinslett/strava/api/StravaAPIClient.java. Using fallback presentation compiler.
2026.05.08 22:13:27 INFO  no build target found for /Users/zachwinslett/Code/strava-cli/src/main/java/com/zwinslett/strava/api/StravaAPIClient.java. Using fallback presentation compiler.
2026.05.08 22:13:27 INFO  no build target found for /Users/zachwinslett/Code/strava-cli/src/main/java/com/zwinslett/strava/api/StravaAPIClient.java. Using fallback presentation compiler.
2026.05.08 22:13:27 INFO  no build target found for /Users/zachwinslett/Code/strava-cli/src/main/java/com/zwinslett/strava/api/StravaAPIClient.java. Using fallback presentation compiler.
2026.05.08 22:13:27 INFO  no build target found for /Users/zachwinslett/Code/strava-cli/src/main/java/com/zwinslett/strava/api/StravaAPIClient.java. Using fallback presentation compiler.
2026.05.08 22:13:27 INFO  no build target found for /Users/zachwinslett/Code/strava-cli/src/main/java/com/zwinslett/strava/api/StravaAPIClient.java. Using fallback presentation compiler.
2026.05.08 22:13:27 INFO  no build target found for /Users/zachwinslett/Code/strava-cli/src/main/java/com/zwinslett/strava/api/StravaAPIClient.java. Using fallback presentation compiler.
2026.05.08 22:13:28 INFO  no build target found for /Users/zachwinslett/Code/strava-cli/src/main/java/com/zwinslett/strava/api/StravaAPIClient.java. Using fallback presentation compiler.
2026.05.08 22:13:28 INFO  no build target found for /Users/zachwinslett/Code/strava-cli/src/main/java/com/zwinslett/strava/api/StravaAPIClient.java. Using fallback presentation compiler.
2026.05.08 22:13:28 INFO  no build target found for /Users/zachwinslett/Code/strava-cli/src/main/java/com/zwinslett/strava/api/StravaAPIClient.java. Using fallback presentation compiler.
2026.05.08 22:13:28 INFO  no build target found for /Users/zachwinslett/Code/strava-cli/src/main/java/com/zwinslett/strava/api/StravaAPIClient.java. Using fallback presentation compiler.
2026.05.08 22:13:28 INFO  no build target found for /Users/zachwinslett/Code/strava-cli/src/main/java/com/zwinslett/strava/api/StravaAPIClient.java. Using fallback presentation compiler.
2026.05.08 22:13:28 INFO  no build target found for /Users/zachwinslett/Code/strava-cli/src/main/java/com/zwinslett/strava/api/StravaAPIClient.java. Using fallback presentation compiler.
2026.05.08 22:13:28 INFO  no build target found for /Users/zachwinslett/Code/strava-cli/src/main/java/com/zwinslett/strava/api/StravaAPIClient.java. Using fallback presentation compiler.
2026.05.08 22:13:28 INFO  no build target found for /Users/zachwinslett/Code/strava-cli/src/main/java/com/zwinslett/strava/api/StravaAPIClient.java. Using fallback presentation compiler.
2026.05.08 22:13:30 INFO  no build target found for /Users/zachwinslett/Code/strava-cli/src/main/java/com/zwinslett/strava/api/StravaAPIClient.java. Using fallback presentation compiler.
2026.05.08 22:13:30 INFO  no build target found for /Users/zachwinslett/Code/strava-cli/src/main/java/com/zwinslett/strava/api/StravaAPIClient.java. Using fallback presentation compiler.
2026.05.08 22:13:30 INFO  no build target found for /Users/zachwinslett/Code/strava-cli/src/main/java/com/zwinslett/strava/api/StravaAPIClient.java. Using fallback presentation compiler.
2026.05.08 22:13:30 INFO  no build target found for /Users/zachwinslett/Code/strava-cli/src/main/java/com/zwinslett/strava/api/StravaAPIClient.java. Using fallback presentation compiler.
2026.05.08 22:13:31 INFO  no build target found for /Users/zachwinslett/Code/strava-cli/src/main/java/com/zwinslett/strava/api/StravaAPIClient.java. Using fallback presentation compiler.
2026.05.08 22:13:30 INFO  no build target found for /Users/zachwinslett/Code/strava-cli/src/main/java/com/zwinslett/strava/api/StravaAPIClient.java. Using fallback presentation compiler.
2026.05.08 22:13:30 INFO  no build target found for /Users/zachwinslett/Code/strava-cli/src/main/java/com/zwinslett/strava/api/StravaAPIClient.java. Using fallback presentation compiler.
2026.05.08 22:13:31 INFO  no build target found for /Users/zachwinslett/Code/strava-cli/src/main/java/com/zwinslett/strava/api/StravaAPIClient.java. Using fallback presentation compiler.
2026.05.08 22:13:31 INFO  no build target found for /Users/zachwinslett/Code/strava-cli/src/main/java/com/zwinslett/strava/api/StravaAPIClient.java. Using fallback presentation compiler.
2026.05.08 22:13:31 INFO  no build target found for /Users/zachwinslett/Code/strava-cli/src/main/java/com/zwinslett/strava/api/StravaAPIClient.java. Using fallback presentation compiler.
2026.05.08 22:13:31 INFO  no build target found for /Users/zachwinslett/Code/strava-cli/src/main/java/com/zwinslett/strava/api/StravaAPIClient.java. Using fallback presentation compiler.
2026.05.08 22:13:31 INFO  no build target found for /Users/zachwinslett/Code/strava-cli/src/main/java/com/zwinslett/strava/api/StravaAPIClient.java. Using fallback presentation compiler.
2026.05.08 22:13:31 INFO  no build target found for /Users/zachwinslett/Code/strava-cli/src/main/java/com/zwinslett/strava/api/StravaAPIClient.java. Using fallback presentation compiler.
2026.05.08 22:13:31 INFO  no build target found for /Users/zachwinslett/Code/strava-cli/src/main/java/com/zwinslett/strava/api/StravaAPIClient.java. Using fallback presentation compiler.
2026.05.08 22:13:31 INFO  no build target found for /Users/zachwinslett/Code/strava-cli/src/main/java/com/zwinslett/strava/api/StravaAPIClient.java. Using fallback presentation compiler.
2026.05.08 22:13:31 INFO  no build target found for /Users/zachwinslett/Code/strava-cli/src/main/java/com/zwinslett/strava/api/StravaAPIClient.java. Using fallback presentation compiler.
2026.05.08 22:13:32 INFO  no build target found for /Users/zachwinslett/Code/strava-cli/src/main/java/com/zwinslett/strava/api/StravaAPIClient.java. Using fallback presentation compiler.
2026.05.08 22:13:32 INFO  no build target found for /Users/zachwinslett/Code/strava-cli/src/main/java/com/zwinslett/strava/api/StravaAPIClient.java. Using fallback presentation compiler.
2026.05.08 22:13:32 INFO  no build target found for /Users/zachwinslett/Code/strava-cli/src/main/java/com/zwinslett/strava/api/StravaAPIClient.java. Using fallback presentation compiler.
2026.05.08 22:13:32 INFO  no build target found for /Users/zachwinslett/Code/strava-cli/src/main/java/com/zwinslett/strava/api/StravaAPIClient.java. Using fallback presentation compiler.
2026.05.08 22:13:32 INFO  no build target found for /Users/zachwinslett/Code/strava-cli/src/main/java/com/zwinslett/strava/api/StravaAPIClient.java. Using fallback presentation compiler.
2026.05.08 22:13:33 INFO  no build target found for /Users/zachwinslett/Code/strava-cli/src/main/java/com/zwinslett/strava/api/StravaAPIClient.java. Using fallback presentation compiler.
2026.05.08 22:13:33 INFO  no build target found for /Users/zachwinslett/Code/strava-cli/src/main/java/com/zwinslett/strava/api/StravaAPIClient.java. Using fallback presentation compiler.
2026.05.08 22:13:33 INFO  no build target found for /Users/zachwinslett/Code/strava-cli/src/main/java/com/zwinslett/strava/api/StravaAPIClient.java. Using fallback presentation compiler.
2026.05.08 22:13:33 INFO  no build target found for /Users/zachwinslett/Code/strava-cli/src/main/java/com/zwinslett/strava/api/StravaAPIClient.java. Using fallback presentation compiler.
2026.05.08 22:13:34 INFO  no build target found for /Users/zachwinslett/Code/strava-cli/src/main/java/com/zwinslett/strava/api/StravaAPIClient.java. Using fallback presentation compiler.
2026.05.08 22:13:33 INFO  no build target found for /Users/zachwinslett/Code/strava-cli/src/main/java/com/zwinslett/strava/api/StravaAPIClient.java. Using fallback presentation compiler.
2026.05.08 22:13:33 INFO  no build target found for /Users/zachwinslett/Code/strava-cli/src/main/java/com/zwinslett/strava/api/StravaAPIClient.java. Using fallback presentation compiler.
2026.05.08 22:13:33 INFO  no build target found for /Users/zachwinslett/Code/strava-cli/src/main/java/com/zwinslett/strava/api/StravaAPIClient.java. Using fallback presentation compiler.
2026.05.08 22:13:33 INFO  no build target found for /Users/zachwinslett/Code/strava-cli/src/main/java/com/zwinslett/strava/api/StravaAPIClient.java. Using fallback presentation compiler.
2026.05.08 22:13:33 INFO  no build target found for /Users/zachwinslett/Code/strava-cli/src/main/java/com/zwinslett/strava/api/StravaAPIClient.java. Using fallback presentation compiler.
2026.05.08 22:13:33 INFO  no build target found for /Users/zachwinslett/Code/strava-cli/src/main/java/com/zwinslett/strava/api/StravaAPIClient.java. Using fallback presentation compiler.
2026.05.08 22:13:33 INFO  no build target found for /Users/zachwinslett/Code/strava-cli/src/main/java/com/zwinslett/strava/api/StravaAPIClient.java. Using fallback presentation compiler.
2026.05.08 22:13:34 INFO  no build target found for /Users/zachwinslett/Code/strava-cli/src/main/java/com/zwinslett/strava/api/StravaAPIClient.java. Using fallback presentation compiler.
2026.05.08 22:13:34 INFO  no build target found for /Users/zachwinslett/Code/strava-cli/src/main/java/com/zwinslett/strava/api/StravaAPIClient.java. Using fallback presentation compiler.
2026.05.08 22:13:34 INFO  no build target found for /Users/zachwinslett/Code/strava-cli/src/main/java/com/zwinslett/strava/api/StravaAPIClient.java. Using fallback presentation compiler.
2026.05.08 22:13:34 INFO  no build target found for /Users/zachwinslett/Code/strava-cli/src/main/java/com/zwinslett/strava/api/StravaAPIClient.java. Using fallback presentation compiler.
2026.05.08 22:13:34 INFO  no build target found for /Users/zachwinslett/Code/strava-cli/src/main/java/com/zwinslett/strava/api/StravaAPIClient.java. Using fallback presentation compiler.
2026.05.08 22:13:35 INFO  no build target found for /Users/zachwinslett/Code/strava-cli/src/main/java/com/zwinslett/strava/api/StravaAPIClient.java. Using fallback presentation compiler.
2026.05.08 22:13:34 INFO  no build target found for /Users/zachwinslett/Code/strava-cli/src/main/java/com/zwinslett/strava/api/StravaAPIClient.java. Using fallback presentation compiler.
2026.05.08 22:13:34 INFO  no build target found for /Users/zachwinslett/Code/strava-cli/src/main/java/com/zwinslett/strava/api/StravaAPIClient.java. Using fallback presentation compiler.
2026.05.08 22:13:34 INFO  no build target found for /Users/zachwinslett/Code/strava-cli/src/main/java/com/zwinslett/strava/api/StravaAPIClient.java. Using fallback presentation compiler.
2026.05.08 22:13:35 INFO  no build target found for /Users/zachwinslett/Code/strava-cli/src/main/java/com/zwinslett/strava/api/StravaAPIClient.java. Using fallback presentation compiler.
2026.05.08 22:13:36 INFO  no build target found for /Users/zachwinslett/Code/strava-cli/src/main/java/com/zwinslett/strava/api/StravaAPIClient.java. Using fallback presentation compiler.
2026.05.08 22:13:36 INFO  no build target found for /Users/zachwinslett/Code/strava-cli/src/main/java/com/zwinslett/strava/api/StravaAPIClient.java. Using fallback presentation compiler.
2026.05.08 22:13:36 INFO  no build target found for /Users/zachwinslett/Code/strava-cli/src/main/java/com/zwinslett/strava/api/StravaAPIClient.java. Using fallback presentation compiler.
2026.05.08 22:13:36 INFO  no build target found for /Users/zachwinslett/Code/strava-cli/src/main/java/com/zwinslett/strava/api/StravaAPIClient.java. Using fallback presentation compiler.
2026.05.08 22:13:36 INFO  no build target found for /Users/zachwinslett/Code/strava-cli/src/main/java/com/zwinslett/strava/api/StravaAPIClient.java. Using fallback presentation compiler.
2026.05.08 22:13:36 INFO  no build target found for /Users/zachwinslett/Code/strava-cli/src/main/java/com/zwinslett/strava/api/StravaAPIClient.java. Using fallback presentation compiler.
2026.05.08 22:13:36 INFO  no build target found for /Users/zachwinslett/Code/strava-cli/src/main/java/com/zwinslett/strava/api/StravaAPIClient.java. Using fallback presentation compiler.
2026.05.08 22:13:36 INFO  no build target found for /Users/zachwinslett/Code/strava-cli/src/main/java/com/zwinslett/strava/api/StravaAPIClient.java. Using fallback presentation compiler.
2026.05.08 22:13:41 INFO  no build target found for /Users/zachwinslett/Code/strava-cli/src/main/java/com/zwinslett/strava/api/StravaAPIClient.java. Using fallback presentation compiler.
2026.05.08 22:13:41 INFO  no build target found for /Users/zachwinslett/Code/strava-cli/src/main/java/com/zwinslett/strava/api/StravaAPIClient.java. Using fallback presentation compiler.
2026.05.08 22:13:41 INFO  no build target found for /Users/zachwinslett/Code/strava-cli/src/main/java/com/zwinslett/strava/api/StravaAPIClient.java. Using fallback presentation compiler.
2026.05.08 22:13:41 INFO  no build target found for /Users/zachwinslett/Code/strava-cli/src/main/java/com/zwinslett/strava/api/StravaAPIClient.java. Using fallback presentation compiler.
2026.05.08 22:13:41 INFO  no build target found for /Users/zachwinslett/Code/strava-cli/src/main/java/com/zwinslett/strava/api/StravaAPIClient.java. Using fallback presentation compiler.
2026.05.08 22:13:42 INFO  no build target found for /Users/zachwinslett/Code/strava-cli/src/main/java/com/zwinslett/strava/api/StravaAPIClient.java. Using fallback presentation compiler.
2026.05.08 22:13:42 INFO  no build target found for /Users/zachwinslett/Code/strava-cli/src/main/java/com/zwinslett/strava/api/StravaAPIClient.java. Using fallback presentation compiler.
2026.05.08 22:13:42 INFO  no build target found for /Users/zachwinslett/Code/strava-cli/src/main/java/com/zwinslett/strava/api/StravaAPIClient.java. Using fallback presentation compiler.
2026.05.08 22:13:42 INFO  no build target found for /Users/zachwinslett/Code/strava-cli/src/main/java/com/zwinslett/strava/api/StravaAPIClient.java. Using fallback presentation compiler.
2026.05.08 22:13:42 INFO  no build target found for /Users/zachwinslett/Code/strava-cli/src/main/java/com/zwinslett/strava/api/StravaAPIClient.java. Using fallback presentation compiler.
2026.05.08 22:13:42 INFO  no build target found for /Users/zachwinslett/Code/strava-cli/src/main/java/com/zwinslett/strava/api/StravaAPIClient.java. Using fallback presentation compiler.
2026.05.08 22:13:42 INFO  no build target found for /Users/zachwinslett/Code/strava-cli/src/main/java/com/zwinslett/strava/api/StravaAPIClient.java. Using fallback presentation compiler.
2026.05.08 22:13:44 INFO  no build target found for /Users/zachwinslett/Code/strava-cli/src/main/java/com/zwinslett/strava/api/StravaAPIClient.java. Using fallback presentation compiler.
2026.05.08 22:13:44 INFO  no build target found for /Users/zachwinslett/Code/strava-cli/src/main/java/com/zwinslett/strava/api/StravaAPIClient.java. Using fallback presentation compiler.
2026.05.08 22:13:44 INFO  no build target found for /Users/zachwinslett/Code/strava-cli/src/main/java/com/zwinslett/strava/api/StravaAPIClient.java. Using fallback presentation compiler.
2026.05.08 22:13:44 INFO  no build target found for /Users/zachwinslett/Code/strava-cli/src/main/java/com/zwinslett/strava/api/StravaAPIClient.java. Using fallback presentation compiler.
2026.05.08 22:13:44 INFO  no build target found for /Users/zachwinslett/Code/strava-cli/src/main/java/com/zwinslett/strava/api/StravaAPIClient.java. Using fallback presentation compiler.
2026.05.08 22:13:45 INFO  no build target found for /Users/zachwinslett/Code/strava-cli/src/main/java/com/zwinslett/strava/api/StravaAPIClient.java. Using fallback presentation compiler.
2026.05.08 22:13:48 INFO  no build target found for /Users/zachwinslett/Code/strava-cli/src/main/java/com/zwinslett/strava/api/StravaAPIClient.java. Using fallback presentation compiler.
2026.05.08 22:13:48 INFO  no build target found for /Users/zachwinslett/Code/strava-cli/src/main/java/com/zwinslett/strava/api/StravaAPIClient.java. Using fallback presentation compiler.
2026.05.08 22:13:55 INFO  no build target found for /Users/zachwinslett/Code/strava-cli/src/main/java/com/zwinslett/strava/api/StravaAPIClient.java. Using fallback presentation compiler.
2026.05.08 22:13:55 INFO  no build target found for /Users/zachwinslett/Code/strava-cli/src/main/java/com/zwinslett/strava/api/StravaAPIClient.java. Using fallback presentation compiler.
2026.05.08 22:13:57 INFO  no build target found for /Users/zachwinslett/Code/strava-cli/src/main/java/com/zwinslett/strava/api/StravaAPIClient.java. Using fallback presentation compiler.
2026.05.08 22:13:57 INFO  no build target found for /Users/zachwinslett/Code/strava-cli/src/main/java/com/zwinslett/strava/api/StravaAPIClient.java. Using fallback presentation compiler.
2026.05.08 22:13:58 INFO  no build target found for /Users/zachwinslett/Code/strava-cli/src/main/java/com/zwinslett/strava/api/StravaAPIClient.java. Using fallback presentation compiler.
2026.05.08 22:14:00 INFO  no build target found for /Users/zachwinslett/Code/strava-cli/src/main/java/com/zwinslett/strava/api/StravaAPIClient.java. Using fallback presentation compiler.
2026.05.08 22:14:00 WARN  no build target for: /Users/zachwinslett/Code/strava-cli/src/main/java/com/zwinslett/strava/api/StravaAPIClient.java
2026.05.08 22:14:00 INFO  no build target found for /Users/zachwinslett/Code/strava-cli/src/main/java/com/zwinslett/strava/api/StravaAPIClient.java. Using fallback presentation compiler.
2026.05.08 22:14:08 INFO  no build target found for /Users/zachwinslett/Code/strava-cli/src/main/java/com/zwinslett/strava/api/StravaAPIClient.java. Using fallback presentation compiler.
2026.05.08 22:14:11 INFO  no build target found for /Users/zachwinslett/Code/strava-cli/src/main/java/com/zwinslett/strava/api/AccessToken.java. Using fallback presentation compiler.
2026.05.08 22:14:11 WARN  no build target for: /Users/zachwinslett/Code/strava-cli/src/main/java/com/zwinslett/strava/api/AccessToken.java
2026.05.08 22:14:11 INFO  no build target found for /Users/zachwinslett/Code/strava-cli/src/main/java/com/zwinslett/strava/api/StravaAPIClient.java. Using fallback presentation compiler.
2026.05.08 22:14:11 INFO  no build target found for /Users/zachwinslett/Code/strava-cli/src/main/java/com/zwinslett/strava/api/AccessToken.java. Using fallback presentation compiler.
2026.05.08 22:14:11 INFO  no build target found for /Users/zachwinslett/Code/strava-cli/src/main/java/com/zwinslett/strava/api/AccessToken.java. Using fallback presentation compiler.
2026.05.08 22:14:15 INFO  no build target found for /Users/zachwinslett/Code/strava-cli/src/main/java/com/zwinslett/strava/api/AccessToken.java. Using fallback presentation compiler.
2026.05.08 22:14:15 INFO  no build target found for /Users/zachwinslett/Code/strava-cli/src/main/java/com/zwinslett/strava/api/AccessToken.java. Using fallback presentation compiler.
2026.05.08 22:14:21 INFO  no build target found for /Users/zachwinslett/Code/strava-cli/src/main/java/com/zwinslett/strava/api/AccessToken.java. Using fallback presentation compiler.
2026.05.08 22:14:23 INFO  no build target found for /Users/zachwinslett/Code/strava-cli/src/main/java/com/zwinslett/strava/api/AccessToken.java. Using fallback presentation compiler.
2026.05.08 22:14:25 INFO  no build target found for /Users/zachwinslett/Code/strava-cli/src/main/java/com/zwinslett/strava/api/AccessToken.java. Using fallback presentation compiler.
2026.05.08 22:14:26 INFO  no build target found for /Users/zachwinslett/Code/strava-cli/src/main/java/com/zwinslett/strava/api/AccessToken.java. Using fallback presentation compiler.
2026.05.08 22:14:26 INFO  no build target found for /Users/zachwinslett/Code/strava-cli/src/main/java/com/zwinslett/strava/api/AccessToken.java. Using fallback presentation compiler.
2026.05.08 22:14:26 INFO  no build target found for /Users/zachwinslett/Code/strava-cli/src/main/java/com/zwinslett/strava/api/AccessToken.java. Using fallback presentation compiler.
2026.05.08 22:14:26 INFO  no build target found for /Users/zachwinslett/Code/strava-cli/src/main/java/com/zwinslett/strava/api/AccessToken.java. Using fallback presentation compiler.
2026.05.08 22:14:26 INFO  no build target found for /Users/zachwinslett/Code/strava-cli/src/main/java/com/zwinslett/strava/api/AccessToken.java. Using fallback presentation compiler.
2026.05.08 22:14:26 INFO  no build target found for /Users/zachwinslett/Code/strava-cli/src/main/java/com/zwinslett/strava/api/AccessToken.java. Using fallback presentation compiler.
2026.05.08 22:14:26 INFO  no build target found for /Users/zachwinslett/Code/strava-cli/src/main/java/com/zwinslett/strava/api/AccessToken.java. Using fallback presentation compiler.
2026.05.08 22:14:26 INFO  no build target found for /Users/zachwinslett/Code/strava-cli/src/main/java/com/zwinslett/strava/api/AccessToken.java. Using fallback presentation compiler.
2026.05.08 22:14:26 INFO  no build target found for /Users/zachwinslett/Code/strava-cli/src/main/java/com/zwinslett/strava/api/AccessToken.java. Using fallback presentation compiler.
2026.05.08 22:14:27 INFO  no build target found for /Users/zachwinslett/Code/strava-cli/src/main/java/com/zwinslett/strava/api/AccessToken.java. Using fallback presentation compiler.
2026.05.08 22:14:27 INFO  no build target found for /Users/zachwinslett/Code/strava-cli/src/main/java/com/zwinslett/strava/api/AccessToken.java. Using fallback presentation compiler.
2026.05.08 22:14:27 INFO  no build target found for /Users/zachwinslett/Code/strava-cli/src/main/java/com/zwinslett/strava/api/AccessToken.java. Using fallback presentation compiler.
2026.05.08 22:14:27 INFO  no build target found for /Users/zachwinslett/Code/strava-cli/src/main/java/com/zwinslett/strava/api/AccessToken.java. Using fallback presentation compiler.
2026.05.08 22:14:27 INFO  no build target found for /Users/zachwinslett/Code/strava-cli/src/main/java/com/zwinslett/strava/api/AccessToken.java. Using fallback presentation compiler.
2026.05.08 22:14:27 INFO  no build target found for /Users/zachwinslett/Code/strava-cli/src/main/java/com/zwinslett/strava/api/AccessToken.java. Using fallback presentation compiler.
2026.05.08 22:14:27 INFO  no build target found for /Users/zachwinslett/Code/strava-cli/src/main/java/com/zwinslett/strava/api/AccessToken.java. Using fallback presentation compiler.
2026.05.08 22:14:27 INFO  no build target found for /Users/zachwinslett/Code/strava-cli/src/main/java/com/zwinslett/strava/api/AccessToken.java. Using fallback presentation compiler.
2026.05.08 22:14:27 INFO  no build target found for /Users/zachwinslett/Code/strava-cli/src/main/java/com/zwinslett/strava/api/AccessToken.java. Using fallback presentation compiler.
2026.05.08 22:14:27 INFO  no build target found for /Users/zachwinslett/Code/strava-cli/src/main/java/com/zwinslett/strava/api/AccessToken.java. Using fallback presentation compiler.
2026.05.08 22:14:28 INFO  no build target found for /Users/zachwinslett/Code/strava-cli/src/main/java/com/zwinslett/strava/api/AccessToken.java. Using fallback presentation compiler.
2026.05.08 22:14:28 INFO  no build target found for /Users/zachwinslett/Code/strava-cli/src/main/java/com/zwinslett/strava/api/AccessToken.java. Using fallback presentation compiler.
2026.05.08 22:14:28 INFO  no build target found for /Users/zachwinslett/Code/strava-cli/src/main/java/com/zwinslett/strava/api/AccessToken.java. Using fallback presentation compiler.
2026.05.08 22:14:28 INFO  no build target found for /Users/zachwinslett/Code/strava-cli/src/main/java/com/zwinslett/strava/api/AccessToken.java. Using fallback presentation compiler.
2026.05.08 22:14:28 INFO  no build target found for /Users/zachwinslett/Code/strava-cli/src/main/java/com/zwinslett/strava/api/AccessToken.java. Using fallback presentation compiler.
2026.05.08 22:14:28 INFO  no build target found for /Users/zachwinslett/Code/strava-cli/src/main/java/com/zwinslett/strava/api/AccessToken.java. Using fallback presentation compiler.
2026.05.08 22:14:28 INFO  no build target found for /Users/zachwinslett/Code/strava-cli/src/main/java/com/zwinslett/strava/api/AccessToken.java. Using fallback presentation compiler.
2026.05.08 22:14:28 INFO  no build target found for /Users/zachwinslett/Code/strava-cli/src/main/java/com/zwinslett/strava/api/AccessToken.java. Using fallback presentation compiler.
2026.05.08 22:14:29 INFO  no build target found for /Users/zachwinslett/Code/strava-cli/src/main/java/com/zwinslett/strava/api/AccessToken.java. Using fallback presentation compiler.
2026.05.08 22:14:28 INFO  no build target found for /Users/zachwinslett/Code/strava-cli/src/main/java/com/zwinslett/strava/api/AccessToken.java. Using fallback presentation compiler.
2026.05.08 22:14:28 INFO  no build target found for /Users/zachwinslett/Code/strava-cli/src/main/java/com/zwinslett/strava/api/AccessToken.java. Using fallback presentation compiler.
2026.05.08 22:14:28 INFO  no build target found for /Users/zachwinslett/Code/strava-cli/src/main/java/com/zwinslett/strava/api/AccessToken.java. Using fallback presentation compiler.
2026.05.08 22:14:29 INFO  no build target found for /Users/zachwinslett/Code/strava-cli/src/main/java/com/zwinslett/strava/api/AccessToken.java. Using fallback presentation compiler.
2026.05.08 22:14:28 INFO  no build target found for /Users/zachwinslett/Code/strava-cli/src/main/java/com/zwinslett/strava/api/AccessToken.java. Using fallback presentation compiler.
2026.05.08 22:14:29 INFO  no build target found for /Users/zachwinslett/Code/strava-cli/src/main/java/com/zwinslett/strava/api/AccessToken.java. Using fallback presentation compiler.
2026.05.08 22:14:29 INFO  no build target found for /Users/zachwinslett/Code/strava-cli/src/main/java/com/zwinslett/strava/api/AccessToken.java. Using fallback presentation compiler.
2026.05.08 22:14:29 INFO  no build target found for /Users/zachwinslett/Code/strava-cli/src/main/java/com/zwinslett/strava/api/AccessToken.java. Using fallback presentation compiler.
2026.05.08 22:14:29 INFO  no build target found for /Users/zachwinslett/Code/strava-cli/src/main/java/com/zwinslett/strava/api/AccessToken.java. Using fallback presentation compiler.
2026.05.08 22:14:29 INFO  no build target found for /Users/zachwinslett/Code/strava-cli/src/main/java/com/zwinslett/strava/api/AccessToken.java. Using fallback presentation compiler.
2026.05.08 22:14:29 INFO  no build target found for /Users/zachwinslett/Code/strava-cli/src/main/java/com/zwinslett/strava/api/AccessToken.java. Using fallback presentation compiler.
2026.05.08 22:14:29 INFO  no build target found for /Users/zachwinslett/Code/strava-cli/src/main/java/com/zwinslett/strava/api/AccessToken.java. Using fallback presentation compiler.
2026.05.08 22:14:29 INFO  no build target found for /Users/zachwinslett/Code/strava-cli/src/main/java/com/zwinslett/strava/api/AccessToken.java. Using fallback presentation compiler.
2026.05.08 22:14:29 INFO  no build target found for /Users/zachwinslett/Code/strava-cli/src/main/java/com/zwinslett/strava/api/AccessToken.java. Using fallback presentation compiler.
2026.05.08 22:14:29 INFO  no build target found for /Users/zachwinslett/Code/strava-cli/src/main/java/com/zwinslett/strava/api/AccessToken.java. Using fallback presentation compiler.
2026.05.08 22:14:30 INFO  no build target found for /Users/zachwinslett/Code/strava-cli/src/main/java/com/zwinslett/strava/api/AccessToken.java. Using fallback presentation compiler.
2026.05.08 22:14:29 INFO  no build target found for /Users/zachwinslett/Code/strava-cli/src/main/java/com/zwinslett/strava/api/AccessToken.java. Using fallback presentation compiler.
2026.05.08 22:14:29 INFO  no build target found for /Users/zachwinslett/Code/strava-cli/src/main/java/com/zwinslett/strava/api/AccessToken.java. Using fallback presentation compiler.
2026.05.08 22:14:29 INFO  no build target found for /Users/zachwinslett/Code/strava-cli/src/main/java/com/zwinslett/strava/api/AccessToken.java. Using fallback presentation compiler.
2026.05.08 22:14:29 INFO  no build target found for /Users/zachwinslett/Code/strava-cli/src/main/java/com/zwinslett/strava/api/AccessToken.java. Using fallback presentation compiler.
2026.05.08 22:14:29 INFO  no build target found for /Users/zachwinslett/Code/strava-cli/src/main/java/com/zwinslett/strava/api/AccessToken.java. Using fallback presentation compiler.
2026.05.08 22:14:29 INFO  no build target found for /Users/zachwinslett/Code/strava-cli/src/main/java/com/zwinslett/strava/api/AccessToken.java. Using fallback presentation compiler.
2026.05.08 22:14:30 INFO  no build target found for /Users/zachwinslett/Code/strava-cli/src/main/java/com/zwinslett/strava/api/AccessToken.java. Using fallback presentation compiler.
2026.05.08 22:14:30 INFO  no build target found for /Users/zachwinslett/Code/strava-cli/src/main/java/com/zwinslett/strava/api/AccessToken.java. Using fallback presentation compiler.
2026.05.08 22:14:30 INFO  no build target found for /Users/zachwinslett/Code/strava-cli/src/main/java/com/zwinslett/strava/api/AccessToken.java. Using fallback presentation compiler.
2026.05.08 22:14:30 INFO  no build target found for /Users/zachwinslett/Code/strava-cli/src/main/java/com/zwinslett/strava/api/AccessToken.java. Using fallback presentation compiler.
2026.05.08 22:14:30 INFO  no build target found for /Users/zachwinslett/Code/strava-cli/src/main/java/com/zwinslett/strava/api/AccessToken.java. Using fallback presentation compiler.
2026.05.08 22:14:31 INFO  no build target found for /Users/zachwinslett/Code/strava-cli/src/main/java/com/zwinslett/strava/api/AccessToken.java. Using fallback presentation compiler.
2026.05.08 22:14:32 INFO  no build target found for /Users/zachwinslett/Code/strava-cli/src/main/java/com/zwinslett/strava/api/AccessToken.java. Using fallback presentation compiler.
2026.05.08 22:14:33 INFO  no build target found for /Users/zachwinslett/Code/strava-cli/src/main/java/com/zwinslett/strava/api/AccessToken.java. Using fallback presentation compiler.
2026.05.08 22:14:33 INFO  no build target found for /Users/zachwinslett/Code/strava-cli/src/main/java/com/zwinslett/strava/api/AccessToken.java. Using fallback presentation compiler.
2026.05.08 22:14:33 INFO  no build target found for /Users/zachwinslett/Code/strava-cli/src/main/java/com/zwinslett/strava/api/AccessToken.java. Using fallback presentation compiler.
2026.05.08 22:14:33 INFO  no build target found for /Users/zachwinslett/Code/strava-cli/src/main/java/com/zwinslett/strava/api/AccessToken.java. Using fallback presentation compiler.
2026.05.08 22:14:33 INFO  no build target found for /Users/zachwinslett/Code/strava-cli/src/main/java/com/zwinslett/strava/api/AccessToken.java. Using fallback presentation compiler.
2026.05.08 22:14:33 INFO  no build target found for /Users/zachwinslett/Code/strava-cli/src/main/java/com/zwinslett/strava/api/AccessToken.java. Using fallback presentation compiler.
2026.05.08 22:14:34 INFO  no build target found for /Users/zachwinslett/Code/strava-cli/src/main/java/com/zwinslett/strava/api/AccessToken.java. Using fallback presentation compiler.
2026.05.08 22:14:33 INFO  no build target found for /Users/zachwinslett/Code/strava-cli/src/main/java/com/zwinslett/strava/api/AccessToken.java. Using fallback presentation compiler.
2026.05.08 22:14:34 INFO  no build target found for /Users/zachwinslett/Code/strava-cli/src/main/java/com/zwinslett/strava/api/AccessToken.java. Using fallback presentation compiler.
2026.05.08 22:14:36 INFO  no build target found for /Users/zachwinslett/Code/strava-cli/src/main/java/com/zwinslett/strava/api/AccessToken.java. Using fallback presentation compiler.
2026.05.08 22:14:36 INFO  no build target found for /Users/zachwinslett/Code/strava-cli/src/main/java/com/zwinslett/strava/api/AccessToken.java. Using fallback presentation compiler.
2026.05.08 22:14:36 INFO  no build target found for /Users/zachwinslett/Code/strava-cli/src/main/java/com/zwinslett/strava/api/AccessToken.java. Using fallback presentation compiler.
2026.05.08 22:14:39 WARN  no build target for: /Users/zachwinslett/Code/strava-cli/src/main/java/com/zwinslett/strava/api/StravaAPIClient.java
2026.05.08 22:14:39 INFO  no build target found for /Users/zachwinslett/Code/strava-cli/src/main/java/com/zwinslett/strava/api/StravaAPIClient.java. Using fallback presentation compiler.
2026.05.08 22:14:39 INFO  no build target found for /Users/zachwinslett/Code/strava-cli/src/main/java/com/zwinslett/strava/api/StravaAPIClient.java. Using fallback presentation compiler.
2026.05.08 22:14:39 INFO  no build target found for /Users/zachwinslett/Code/strava-cli/src/main/java/com/zwinslett/strava/api/StravaAPIClient.java. Using fallback presentation compiler.
2026.05.08 22:14:41 WARN  no build target for: /Users/zachwinslett/Code/strava-cli/src/main/java/com/zwinslett/strava/api/AccessToken.java
2026.05.08 22:14:41 INFO  no build target found for /Users/zachwinslett/Code/strava-cli/src/main/java/com/zwinslett/strava/api/AccessToken.java. Using fallback presentation compiler.
2026.05.08 22:14:41 INFO  no build target found for /Users/zachwinslett/Code/strava-cli/src/main/java/com/zwinslett/strava/api/AccessToken.java. Using fallback presentation compiler.
2026.05.08 22:14:44 INFO  no build target found for /Users/zachwinslett/Code/strava-cli/src/main/java/com/zwinslett/strava/api/AccessToken.java. Using fallback presentation compiler.
2026.05.08 22:14:44 INFO  no build target found for /Users/zachwinslett/Code/strava-cli/src/main/java/com/zwinslett/strava/api/AccessToken.java. Using fallback presentation compiler.
2026.05.08 22:14:45 INFO  no build target found for /Users/zachwinslett/Code/strava-cli/src/main/java/com/zwinslett/strava/api/AccessToken.java. Using fallback presentation compiler.
2026.05.08 22:14:47 INFO  no build target found for /Users/zachwinslett/Code/strava-cli/src/main/java/com/zwinslett/strava/api/AccessToken.java. Using fallback presentation compiler.
2026.05.08 22:14:47 INFO  no build target found for /Users/zachwinslett/Code/strava-cli/src/main/java/com/zwinslett/strava/api/AccessToken.java. Using fallback presentation compiler.
2026.05.08 22:14:47 INFO  no build target found for /Users/zachwinslett/Code/strava-cli/src/main/java/com/zwinslett/strava/api/AccessToken.java. Using fallback presentation compiler.
2026.05.08 22:14:47 INFO  no build target found for /Users/zachwinslett/Code/strava-cli/src/main/java/com/zwinslett/strava/api/AccessToken.java. Using fallback presentation compiler.
2026.05.08 22:14:48 INFO  no build target found for /Users/zachwinslett/Code/strava-cli/src/main/java/com/zwinslett/strava/api/AccessToken.java. Using fallback presentation compiler.
2026.05.08 22:14:48 INFO  no build target found for /Users/zachwinslett/Code/strava-cli/src/main/java/com/zwinslett/strava/api/AccessToken.java. Using fallback presentation compiler.
2026.05.08 22:14:48 INFO  no build target found for /Users/zachwinslett/Code/strava-cli/src/main/java/com/zwinslett/strava/api/AccessToken.java. Using fallback presentation compiler.
2026.05.08 22:14:55 WARN  no build target for: /Users/zachwinslett/Code/strava-cli/src/main/java/com/zwinslett/strava/api/StravaAPIClient.java
2026.05.08 22:14:55 INFO  no build target found for /Users/zachwinslett/Code/strava-cli/src/main/java/com/zwinslett/strava/api/StravaAPIClient.java. Using fallback presentation compiler.
2026.05.08 22:14:56 INFO  no build target found for /Users/zachwinslett/Code/strava-cli/src/main/java/com/zwinslett/strava/api/StravaAPIClient.java. Using fallback presentation compiler.
2026.05.08 22:14:55 INFO  no build target found for /Users/zachwinslett/Code/strava-cli/src/main/java/com/zwinslett/strava/api/StravaAPIClient.java. Using fallback presentation compiler.
2026.05.08 22:14:57 INFO  no build target found for /Users/zachwinslett/Code/strava-cli/src/main/java/com/zwinslett/strava/api/StravaAPIClient.java. Using fallback presentation compiler.
2026.05.08 22:14:59 INFO  no build target found for /Users/zachwinslett/Code/strava-cli/src/main/java/com/zwinslett/strava/api/StravaAPIClient.java. Using fallback presentation compiler.
2026.05.08 22:14:59 INFO  no build target found for /Users/zachwinslett/Code/strava-cli/src/main/java/com/zwinslett/strava/api/StravaAPIClient.java. Using fallback presentation compiler.
2026.05.08 22:15:03 INFO  no build target found for /Users/zachwinslett/Code/strava-cli/src/main/java/com/zwinslett/strava/api/AccessToken.java. Using fallback presentation compiler.
2026.05.08 22:15:03 WARN  no build target for: /Users/zachwinslett/Code/strava-cli/src/main/java/com/zwinslett/strava/api/AccessToken.java
2026.05.08 22:15:03 INFO  no build target found for /Users/zachwinslett/Code/strava-cli/src/main/java/com/zwinslett/strava/api/AccessToken.java. Using fallback presentation compiler.
2026.05.08 22:15:04 INFO  no build target found for /Users/zachwinslett/Code/strava-cli/src/main/java/com/zwinslett/strava/api/AccessToken.java. Using fallback presentation compiler.
2026.05.08 22:15:04 INFO  no build target found for /Users/zachwinslett/Code/strava-cli/src/main/java/com/zwinslett/strava/api/AccessToken.java. Using fallback presentation compiler.
2026.05.08 22:15:04 INFO  no build target found for /Users/zachwinslett/Code/strava-cli/src/main/java/com/zwinslett/strava/api/AccessToken.java. Using fallback presentation compiler.
2026.05.08 22:15:04 INFO  no build target found for /Users/zachwinslett/Code/strava-cli/src/main/java/com/zwinslett/strava/api/AccessToken.java. Using fallback presentation compiler.
2026.05.08 22:15:06 INFO  no build target found for /Users/zachwinslett/Code/strava-cli/src/main/java/com/zwinslett/strava/api/AccessToken.java. Using fallback presentation compiler.
2026.05.08 22:15:06 INFO  no build target found for /Users/zachwinslett/Code/strava-cli/src/main/java/com/zwinslett/strava/api/AccessToken.java. Using fallback presentation compiler.
2026.05.08 22:15:07 INFO  no build target found for /Users/zachwinslett/Code/strava-cli/src/main/java/com/zwinslett/strava/api/AccessToken.java. Using fallback presentation compiler.
2026.05.08 22:15:06 INFO  no build target found for /Users/zachwinslett/Code/strava-cli/src/main/java/com/zwinslett/strava/api/AccessToken.java. Using fallback presentation compiler.
2026.05.08 22:15:07 INFO  no build target found for /Users/zachwinslett/Code/strava-cli/src/main/java/com/zwinslett/strava/api/AccessToken.java. Using fallback presentation compiler.
2026.05.08 22:15:07 INFO  no build target found for /Users/zachwinslett/Code/strava-cli/src/main/java/com/zwinslett/strava/api/AccessToken.java. Using fallback presentation compiler.
2026.05.08 22:15:07 INFO  no build target found for /Users/zachwinslett/Code/strava-cli/src/main/java/com/zwinslett/strava/api/AccessToken.java. Using fallback presentation compiler.
2026.05.08 22:15:07 INFO  no build target found for /Users/zachwinslett/Code/strava-cli/src/main/java/com/zwinslett/strava/api/AccessToken.java. Using fallback presentation compiler.
2026.05.08 22:15:08 INFO  no build target found for /Users/zachwinslett/Code/strava-cli/src/main/java/com/zwinslett/strava/api/AccessToken.java. Using fallback presentation compiler.
2026.05.08 22:15:09 INFO  no build target found for /Users/zachwinslett/Code/strava-cli/src/main/java/com/zwinslett/strava/api/AccessToken.java. Using fallback presentation compiler.
2026.05.08 22:15:09 INFO  no build target found for /Users/zachwinslett/Code/strava-cli/src/main/java/com/zwinslett/strava/api/AccessToken.java. Using fallback presentation compiler.
2026.05.08 22:15:12 WARN  no build target for: /Users/zachwinslett/Code/strava-cli/src/main/java/com/zwinslett/strava/api/AccessToken.java
2026.05.08 22:15:12 INFO  no build target found for /Users/zachwinslett/Code/strava-cli/src/main/java/com/zwinslett/strava/api/AccessToken.java. Using fallback presentation compiler.
2026.05.08 22:15:15 INFO  no build target found for /Users/zachwinslett/Code/strava-cli/src/main/java/com/zwinslett/strava/api/AccessToken.java. Using fallback presentation compiler.
2026.05.08 22:15:15 INFO  no build target found for /Users/zachwinslett/Code/strava-cli/src/main/java/com/zwinslett/strava/api/AccessToken.java. Using fallback presentation compiler.
2026.05.08 22:15:15 INFO  no build target found for /Users/zachwinslett/Code/strava-cli/src/main/java/com/zwinslett/strava/api/AccessToken.java. Using fallback presentation compiler.
2026.05.08 22:15:15 INFO  no build target found for /Users/zachwinslett/Code/strava-cli/src/main/java/com/zwinslett/strava/api/AccessToken.java. Using fallback presentation compiler.
2026.05.08 22:15:15 INFO  no build target found for /Users/zachwinslett/Code/strava-cli/src/main/java/com/zwinslett/strava/api/AccessToken.java. Using fallback presentation compiler.
2026.05.08 22:15:15 INFO  no build target found for /Users/zachwinslett/Code/strava-cli/src/main/java/com/zwinslett/strava/api/AccessToken.java. Using fallback presentation compiler.
2026.05.08 22:15:16 INFO  no build target found for /Users/zachwinslett/Code/strava-cli/src/main/java/com/zwinslett/strava/api/AccessToken.java. Using fallback presentation compiler.
2026.05.08 22:15:16 INFO  no build target found for /Users/zachwinslett/Code/strava-cli/src/main/java/com/zwinslett/strava/api/AccessToken.java. Using fallback presentation compiler.
2026.05.08 22:15:16 INFO  no build target found for /Users/zachwinslett/Code/strava-cli/src/main/java/com/zwinslett/strava/api/AccessToken.java. Using fallback presentation compiler.
2026.05.08 22:15:16 INFO  no build target found for /Users/zachwinslett/Code/strava-cli/src/main/java/com/zwinslett/strava/api/AccessToken.java. Using fallback presentation compiler.
2026.05.08 22:15:16 INFO  no build target found for /Users/zachwinslett/Code/strava-cli/src/main/java/com/zwinslett/strava/api/AccessToken.java. Using fallback presentation compiler.
2026.05.08 22:15:16 INFO  no build target found for /Users/zachwinslett/Code/strava-cli/src/main/java/com/zwinslett/strava/api/AccessToken.java. Using fallback presentation compiler.
2026.05.08 22:15:16 INFO  no build target found for /Users/zachwinslett/Code/strava-cli/src/main/java/com/zwinslett/strava/api/AccessToken.java. Using fallback presentation compiler.
2026.05.08 22:15:16 INFO  no build target found for /Users/zachwinslett/Code/strava-cli/src/main/java/com/zwinslett/strava/api/AccessToken.java. Using fallback presentation compiler.
2026.05.08 22:15:16 INFO  no build target found for /Users/zachwinslett/Code/strava-cli/src/main/java/com/zwinslett/strava/api/AccessToken.java. Using fallback presentation compiler.
2026.05.08 22:15:17 INFO  no build target found for /Users/zachwinslett/Code/strava-cli/src/main/java/com/zwinslett/strava/api/AccessToken.java. Using fallback presentation compiler.
2026.05.08 22:15:17 INFO  no build target found for /Users/zachwinslett/Code/strava-cli/src/main/java/com/zwinslett/strava/api/StravaAPIClient.java. Using fallback presentation compiler.
2026.05.08 22:15:18 WARN  no build target for: /Users/zachwinslett/Code/strava-cli/src/main/java/com/zwinslett/strava/api/StravaAPIClient.java
2026.05.08 22:15:18 INFO  no build target found for /Users/zachwinslett/Code/strava-cli/src/main/java/com/zwinslett/strava/api/StravaAPIClient.java. Using fallback presentation compiler.
2026.05.08 22:15:18 INFO  no build target found for /Users/zachwinslett/Code/strava-cli/src/main/java/com/zwinslett/strava/api/StravaAPIClient.java. Using fallback presentation compiler.
2026.05.08 22:15:33 INFO  no build target found for /Users/zachwinslett/Code/strava-cli/src/main/java/com/zwinslett/strava/api/StravaAPIClient.java. Using fallback presentation compiler.
2026.05.08 22:15:36 INFO  no build target found for /Users/zachwinslett/Code/strava-cli/src/main/java/com/zwinslett/strava/api/StravaAPIClient.java. Using fallback presentation compiler.
2026.05.08 22:15:36 INFO  no build target found for /Users/zachwinslett/Code/strava-cli/src/main/java/com/zwinslett/strava/api/StravaAPIClient.java. Using fallback presentation compiler.
2026.05.08 22:15:36 INFO  no build target found for /Users/zachwinslett/Code/strava-cli/src/main/java/com/zwinslett/strava/api/StravaAPIClient.java. Using fallback presentation compiler.
2026.05.08 22:15:39 INFO  no build target found for /Users/zachwinslett/Code/strava-cli/src/main/java/com/zwinslett/strava/api/StravaAPIClient.java. Using fallback presentation compiler.
2026.05.08 22:15:41 INFO  no build target found for /Users/zachwinslett/Code/strava-cli/src/main/java/com/zwinslett/strava/api/StravaAPIClient.java. Using fallback presentation compiler.
2026.05.08 22:15:41 INFO  no build target found for /Users/zachwinslett/Code/strava-cli/src/main/java/com/zwinslett/strava/api/StravaAPIClient.java. Using fallback presentation compiler.
2026.05.08 22:15:41 INFO  no build target found for /Users/zachwinslett/Code/strava-cli/src/main/java/com/zwinslett/strava/api/StravaAPIClient.java. Using fallback presentation compiler.
2026.05.08 22:15:41 INFO  no build target found for /Users/zachwinslett/Code/strava-cli/src/main/java/com/zwinslett/strava/api/StravaAPIClient.java. Using fallback presentation compiler.
2026.05.08 22:15:41 INFO  no build target found for /Users/zachwinslett/Code/strava-cli/src/main/java/com/zwinslett/strava/api/StravaAPIClient.java. Using fallback presentation compiler.
2026.05.08 22:15:41 INFO  no build target found for /Users/zachwinslett/Code/strava-cli/src/main/java/com/zwinslett/strava/api/StravaAPIClient.java. Using fallback presentation compiler.
2026.05.08 22:15:42 INFO  no build target found for /Users/zachwinslett/Code/strava-cli/src/main/java/com/zwinslett/strava/api/StravaAPIClient.java. Using fallback presentation compiler.
2026.05.08 22:15:42 INFO  no build target found for /Users/zachwinslett/Code/strava-cli/src/main/java/com/zwinslett/strava/api/StravaAPIClient.java. Using fallback presentation compiler.
2026.05.08 22:15:42 INFO  no build target found for /Users/zachwinslett/Code/strava-cli/src/main/java/com/zwinslett/strava/api/StravaAPIClient.java. Using fallback presentation compiler.
2026.05.08 22:15:42 INFO  no build target found for /Users/zachwinslett/Code/strava-cli/src/main/java/com/zwinslett/strava/api/StravaAPIClient.java. Using fallback presentation compiler.
2026.05.08 22:15:43 INFO  no build target found for /Users/zachwinslett/Code/strava-cli/src/main/java/com/zwinslett/strava/api/StravaAPIClient.java. Using fallback presentation compiler.
2026.05.08 22:15:42 INFO  no build target found for /Users/zachwinslett/Code/strava-cli/src/main/java/com/zwinslett/strava/api/StravaAPIClient.java. Using fallback presentation compiler.
2026.05.08 22:15:42 INFO  no build target found for /Users/zachwinslett/Code/strava-cli/src/main/java/com/zwinslett/strava/api/StravaAPIClient.java. Using fallback presentation compiler.
2026.05.08 22:15:43 INFO  no build target found for /Users/zachwinslett/Code/strava-cli/src/main/java/com/zwinslett/strava/api/StravaAPIClient.java. Using fallback presentation compiler.
2026.05.08 22:15:44 INFO  no build target found for /Users/zachwinslett/Code/strava-cli/src/main/java/com/zwinslett/strava/api/StravaAPIClient.java. Using fallback presentation compiler.
2026.05.08 22:15:44 INFO  no build target found for /Users/zachwinslett/Code/strava-cli/src/main/java/com/zwinslett/strava/api/StravaAPIClient.java. Using fallback presentation compiler.
2026.05.08 22:15:44 INFO  no build target found for /Users/zachwinslett/Code/strava-cli/src/main/java/com/zwinslett/strava/api/StravaAPIClient.java. Using fallback presentation compiler.
2026.05.08 22:15:44 INFO  no build target found for /Users/zachwinslett/Code/strava-cli/src/main/java/com/zwinslett/strava/api/StravaAPIClient.java. Using fallback presentation compiler.
2026.05.08 22:15:44 INFO  no build target found for /Users/zachwinslett/Code/strava-cli/src/main/java/com/zwinslett/strava/api/StravaAPIClient.java. Using fallback presentation compiler.
2026.05.08 22:15:44 INFO  no build target found for /Users/zachwinslett/Code/strava-cli/src/main/java/com/zwinslett/strava/api/StravaAPIClient.java. Using fallback presentation compiler.
2026.05.08 22:15:44 INFO  no build target found for /Users/zachwinslett/Code/strava-cli/src/main/java/com/zwinslett/strava/api/StravaAPIClient.java. Using fallback presentation compiler.
2026.05.08 22:15:44 INFO  no build target found for /Users/zachwinslett/Code/strava-cli/src/main/java/com/zwinslett/strava/api/StravaAPIClient.java. Using fallback presentation compiler.
2026.05.08 22:15:45 INFO  no build target found for /Users/zachwinslett/Code/strava-cli/src/main/java/com/zwinslett/strava/api/StravaAPIClient.java. Using fallback presentation compiler.
2026.05.08 22:15:44 INFO  no build target found for /Users/zachwinslett/Code/strava-cli/src/main/java/com/zwinslett/strava/api/StravaAPIClient.java. Using fallback presentation compiler.
2026.05.08 22:15:44 INFO  no build target found for /Users/zachwinslett/Code/strava-cli/src/main/java/com/zwinslett/strava/api/StravaAPIClient.java. Using fallback presentation compiler.
2026.05.08 22:15:44 INFO  no build target found for /Users/zachwinslett/Code/strava-cli/src/main/java/com/zwinslett/strava/api/StravaAPIClient.java. Using fallback presentation compiler.
2026.05.08 22:15:45 INFO  no build target found for /Users/zachwinslett/Code/strava-cli/src/main/java/com/zwinslett/strava/api/StravaAPIClient.java. Using fallback presentation compiler.
2026.05.08 22:15:45 INFO  no build target found for /Users/zachwinslett/Code/strava-cli/src/main/java/com/zwinslett/strava/api/StravaAPIClient.java. Using fallback presentation compiler.
2026.05.08 22:15:45 INFO  no build target found for /Users/zachwinslett/Code/strava-cli/src/main/java/com/zwinslett/strava/api/StravaAPIClient.java. Using fallback presentation compiler.
2026.05.08 22:15:45 INFO  no build target found for /Users/zachwinslett/Code/strava-cli/src/main/java/com/zwinslett/strava/api/StravaAPIClient.java. Using fallback presentation compiler.
2026.05.08 22:15:45 INFO  no build target found for /Users/zachwinslett/Code/strava-cli/src/main/java/com/zwinslett/strava/api/StravaAPIClient.java. Using fallback presentation compiler.
2026.05.08 22:15:45 INFO  no build target found for /Users/zachwinslett/Code/strava-cli/src/main/java/com/zwinslett/strava/api/StravaAPIClient.java. Using fallback presentation compiler.
2026.05.08 22:15:45 INFO  no build target found for /Users/zachwinslett/Code/strava-cli/src/main/java/com/zwinslett/strava/api/StravaAPIClient.java. Using fallback presentation compiler.
2026.05.08 22:15:46 INFO  no build target found for /Users/zachwinslett/Code/strava-cli/src/main/java/com/zwinslett/strava/api/StravaAPIClient.java. Using fallback presentation compiler.
2026.05.08 22:15:46 INFO  no build target found for /Users/zachwinslett/Code/strava-cli/src/main/java/com/zwinslett/strava/api/StravaAPIClient.java. Using fallback presentation compiler.
2026.05.08 22:15:48 INFO  no build target found for /Users/zachwinslett/Code/strava-cli/src/main/java/com/zwinslett/strava/api/StravaAPIClient.java. Using fallback presentation compiler.
2026.05.08 22:15:48 INFO  no build target found for /Users/zachwinslett/Code/strava-cli/src/main/java/com/zwinslett/strava/api/StravaAPIClient.java. Using fallback presentation compiler.
2026.05.08 22:15:48 INFO  no build target found for /Users/zachwinslett/Code/strava-cli/src/main/java/com/zwinslett/strava/api/StravaAPIClient.java. Using fallback presentation compiler.
2026.05.08 22:15:48 INFO  no build target found for /Users/zachwinslett/Code/strava-cli/src/main/java/com/zwinslett/strava/api/StravaAPIClient.java. Using fallback presentation compiler.
2026.05.08 22:15:48 INFO  no build target found for /Users/zachwinslett/Code/strava-cli/src/main/java/com/zwinslett/strava/api/StravaAPIClient.java. Using fallback presentation compiler.
2026.05.08 22:15:48 INFO  no build target found for /Users/zachwinslett/Code/strava-cli/src/main/java/com/zwinslett/strava/api/StravaAPIClient.java. Using fallback presentation compiler.
2026.05.08 22:15:48 INFO  no build target found for /Users/zachwinslett/Code/strava-cli/src/main/java/com/zwinslett/strava/api/StravaAPIClient.java. Using fallback presentation compiler.
2026.05.08 22:15:48 INFO  no build target found for /Users/zachwinslett/Code/strava-cli/src/main/java/com/zwinslett/strava/api/StravaAPIClient.java. Using fallback presentation compiler.
2026.05.08 22:15:48 INFO  no build target found for /Users/zachwinslett/Code/strava-cli/src/main/java/com/zwinslett/strava/api/StravaAPIClient.java. Using fallback presentation compiler.
2026.05.08 22:15:48 INFO  no build target found for /Users/zachwinslett/Code/strava-cli/src/main/java/com/zwinslett/strava/api/StravaAPIClient.java. Using fallback presentation compiler.
2026.05.08 22:15:48 INFO  no build target found for /Users/zachwinslett/Code/strava-cli/src/main/java/com/zwinslett/strava/api/StravaAPIClient.java. Using fallback presentation compiler.
2026.05.08 22:15:49 INFO  no build target found for /Users/zachwinslett/Code/strava-cli/src/main/java/com/zwinslett/strava/api/StravaAPIClient.java. Using fallback presentation compiler.
2026.05.08 22:15:49 INFO  no build target found for /Users/zachwinslett/Code/strava-cli/src/main/java/com/zwinslett/strava/api/StravaAPIClient.java. Using fallback presentation compiler.
2026.05.08 22:15:51 INFO  no build target found for /Users/zachwinslett/Code/strava-cli/src/main/java/com/zwinslett/strava/api/StravaAPIClient.java. Using fallback presentation compiler.
2026.05.08 22:15:51 INFO  no build target found for /Users/zachwinslett/Code/strava-cli/src/main/java/com/zwinslett/strava/api/StravaAPIClient.java. Using fallback presentation compiler.
2026.05.08 22:15:51 INFO  no build target found for /Users/zachwinslett/Code/strava-cli/src/main/java/com/zwinslett/strava/api/StravaAPIClient.java. Using fallback presentation compiler.
2026.05.08 22:15:51 INFO  no build target found for /Users/zachwinslett/Code/strava-cli/src/main/java/com/zwinslett/strava/api/StravaAPIClient.java. Using fallback presentation compiler.
2026.05.08 22:15:51 INFO  no build target found for /Users/zachwinslett/Code/strava-cli/src/main/java/com/zwinslett/strava/api/StravaAPIClient.java. Using fallback presentation compiler.
2026.05.08 22:15:51 INFO  no build target found for /Users/zachwinslett/Code/strava-cli/src/main/java/com/zwinslett/strava/api/StravaAPIClient.java. Using fallback presentation compiler.
2026.05.08 22:15:52 INFO  no build target found for /Users/zachwinslett/Code/strava-cli/src/main/java/com/zwinslett/strava/api/StravaAPIClient.java. Using fallback presentation compiler.
2026.05.08 22:15:51 INFO  no build target found for /Users/zachwinslett/Code/strava-cli/src/main/java/com/zwinslett/strava/api/StravaAPIClient.java. Using fallback presentation compiler.
2026.05.08 22:15:51 INFO  no build target found for /Users/zachwinslett/Code/strava-cli/src/main/java/com/zwinslett/strava/api/StravaAPIClient.java. Using fallback presentation compiler.
2026.05.08 22:15:51 INFO  no build target found for /Users/zachwinslett/Code/strava-cli/src/main/java/com/zwinslett/strava/api/StravaAPIClient.java. Using fallback presentation compiler.
2026.05.08 22:15:52 INFO  no build target found for /Users/zachwinslett/Code/strava-cli/src/main/java/com/zwinslett/strava/api/StravaAPIClient.java. Using fallback presentation compiler.
2026.05.08 22:15:52 INFO  no build target found for /Users/zachwinslett/Code/strava-cli/src/main/java/com/zwinslett/strava/api/StravaAPIClient.java. Using fallback presentation compiler.
2026.05.08 22:15:52 INFO  no build target found for /Users/zachwinslett/Code/strava-cli/src/main/java/com/zwinslett/strava/api/StravaAPIClient.java. Using fallback presentation compiler.
2026.05.08 22:15:53 INFO  no build target found for /Users/zachwinslett/Code/strava-cli/src/main/java/com/zwinslett/strava/api/StravaAPIClient.java. Using fallback presentation compiler.
2026.05.08 22:15:52 INFO  no build target found for /Users/zachwinslett/Code/strava-cli/src/main/java/com/zwinslett/strava/api/StravaAPIClient.java. Using fallback presentation compiler.
2026.05.08 22:15:52 INFO  no build target found for /Users/zachwinslett/Code/strava-cli/src/main/java/com/zwinslett/strava/api/StravaAPIClient.java. Using fallback presentation compiler.
2026.05.08 22:15:52 INFO  no build target found for /Users/zachwinslett/Code/strava-cli/src/main/java/com/zwinslett/strava/api/StravaAPIClient.java. Using fallback presentation compiler.
2026.05.08 22:15:53 INFO  no build target found for /Users/zachwinslett/Code/strava-cli/src/main/java/com/zwinslett/strava/api/StravaAPIClient.java. Using fallback presentation compiler.
2026.05.08 22:15:52 INFO  no build target found for /Users/zachwinslett/Code/strava-cli/src/main/java/com/zwinslett/strava/api/StravaAPIClient.java. Using fallback presentation compiler.
2026.05.08 22:15:53 INFO  no build target found for /Users/zachwinslett/Code/strava-cli/src/main/java/com/zwinslett/strava/api/StravaAPIClient.java. Using fallback presentation compiler.
2026.05.08 22:15:53 INFO  no build target found for /Users/zachwinslett/Code/strava-cli/src/main/java/com/zwinslett/strava/api/StravaAPIClient.java. Using fallback presentation compiler.
2026.05.08 22:15:53 INFO  no build target found for /Users/zachwinslett/Code/strava-cli/src/main/java/com/zwinslett/strava/api/StravaAPIClient.java. Using fallback presentation compiler.
2026.05.08 22:15:53 INFO  no build target found for /Users/zachwinslett/Code/strava-cli/src/main/java/com/zwinslett/strava/api/StravaAPIClient.java. Using fallback presentation compiler.
2026.05.08 22:15:53 INFO  no build target found for /Users/zachwinslett/Code/strava-cli/src/main/java/com/zwinslett/strava/api/StravaAPIClient.java. Using fallback presentation compiler.
2026.05.08 22:15:54 INFO  no build target found for /Users/zachwinslett/Code/strava-cli/src/main/java/com/zwinslett/strava/api/StravaAPIClient.java. Using fallback presentation compiler.
2026.05.08 22:15:53 INFO  no build target found for /Users/zachwinslett/Code/strava-cli/src/main/java/com/zwinslett/strava/api/StravaAPIClient.java. Using fallback presentation compiler.
2026.05.08 22:15:54 INFO  no build target found for /Users/zachwinslett/Code/strava-cli/src/main/java/com/zwinslett/strava/api/StravaAPIClient.java. Using fallback presentation compiler.
2026.05.08 22:15:54 INFO  no build target found for /Users/zachwinslett/Code/strava-cli/src/main/java/com/zwinslett/strava/api/StravaAPIClient.java. Using fallback presentation compiler.
2026.05.08 22:15:54 INFO  no build target found for /Users/zachwinslett/Code/strava-cli/src/main/java/com/zwinslett/strava/api/StravaAPIClient.java. Using fallback presentation compiler.
2026.05.08 22:15:55 INFO  no build target found for /Users/zachwinslett/Code/strava-cli/src/main/java/com/zwinslett/strava/api/StravaAPIClient.java. Using fallback presentation compiler.
2026.05.08 22:15:54 INFO  no build target found for /Users/zachwinslett/Code/strava-cli/src/main/java/com/zwinslett/strava/api/StravaAPIClient.java. Using fallback presentation compiler.
2026.05.08 22:15:55 INFO  no build target found for /Users/zachwinslett/Code/strava-cli/src/main/java/com/zwinslett/strava/api/StravaAPIClient.java. Using fallback presentation compiler.
2026.05.08 22:15:57 INFO  no build target found for /Users/zachwinslett/Code/strava-cli/src/main/java/com/zwinslett/strava/api/StravaAPIClient.java. Using fallback presentation compiler.
2026.05.08 22:15:57 INFO  no build target found for /Users/zachwinslett/Code/strava-cli/src/main/java/com/zwinslett/strava/api/StravaAPIClient.java. Using fallback presentation compiler.
2026.05.08 22:15:57 INFO  no build target found for /Users/zachwinslett/Code/strava-cli/src/main/java/com/zwinslett/strava/api/StravaAPIClient.java. Using fallback presentation compiler.
2026.05.08 22:15:58 INFO  no build target found for /Users/zachwinslett/Code/strava-cli/src/main/java/com/zwinslett/strava/api/StravaAPIClient.java. Using fallback presentation compiler.
2026.05.08 22:15:57 INFO  no build target found for /Users/zachwinslett/Code/strava-cli/src/main/java/com/zwinslett/strava/api/StravaAPIClient.java. Using fallback presentation compiler.
2026.05.08 22:15:57 INFO  no build target found for /Users/zachwinslett/Code/strava-cli/src/main/java/com/zwinslett/strava/api/StravaAPIClient.java. Using fallback presentation compiler.
2026.05.08 22:15:58 INFO  no build target found for /Users/zachwinslett/Code/strava-cli/src/main/java/com/zwinslett/strava/api/StravaAPIClient.java. Using fallback presentation compiler.
2026.05.08 22:15:59 INFO  no build target found for /Users/zachwinslett/Code/strava-cli/src/main/java/com/zwinslett/strava/api/StravaAPIClient.java. Using fallback presentation compiler.
2026.05.08 22:15:59 INFO  no build target found for /Users/zachwinslett/Code/strava-cli/src/main/java/com/zwinslett/strava/api/StravaAPIClient.java. Using fallback presentation compiler.
2026.05.08 22:15:59 INFO  no build target found for /Users/zachwinslett/Code/strava-cli/src/main/java/com/zwinslett/strava/api/StravaAPIClient.java. Using fallback presentation compiler.
2026.05.08 22:15:59 INFO  no build target found for /Users/zachwinslett/Code/strava-cli/src/main/java/com/zwinslett/strava/api/StravaAPIClient.java. Using fallback presentation compiler.
2026.05.08 22:15:59 INFO  no build target found for /Users/zachwinslett/Code/strava-cli/src/main/java/com/zwinslett/strava/api/StravaAPIClient.java. Using fallback presentation compiler.
2026.05.08 22:15:59 INFO  no build target found for /Users/zachwinslett/Code/strava-cli/src/main/java/com/zwinslett/strava/api/StravaAPIClient.java. Using fallback presentation compiler.
2026.05.08 22:15:59 INFO  no build target found for /Users/zachwinslett/Code/strava-cli/src/main/java/com/zwinslett/strava/api/StravaAPIClient.java. Using fallback presentation compiler.
2026.05.08 22:16:00 INFO  no build target found for /Users/zachwinslett/Code/strava-cli/src/main/java/com/zwinslett/strava/api/StravaAPIClient.java. Using fallback presentation compiler.
2026.05.08 22:16:02 INFO  no build target found for /Users/zachwinslett/Code/strava-cli/src/main/java/com/zwinslett/strava/api/StravaAPIClient.java. Using fallback presentation compiler.
2026.05.08 22:16:02 INFO  no build target found for /Users/zachwinslett/Code/strava-cli/src/main/java/com/zwinslett/strava/api/StravaAPIClient.java. Using fallback presentation compiler.
2026.05.08 22:16:02 INFO  no build target found for /Users/zachwinslett/Code/strava-cli/src/main/java/com/zwinslett/strava/api/StravaAPIClient.java. Using fallback presentation compiler.
2026.05.08 22:16:02 INFO  no build target found for /Users/zachwinslett/Code/strava-cli/src/main/java/com/zwinslett/strava/api/StravaAPIClient.java. Using fallback presentation compiler.
2026.05.08 22:16:02 INFO  no build target found for /Users/zachwinslett/Code/strava-cli/src/main/java/com/zwinslett/strava/api/StravaAPIClient.java. Using fallback presentation compiler.
2026.05.08 22:16:02 INFO  no build target found for /Users/zachwinslett/Code/strava-cli/src/main/java/com/zwinslett/strava/api/StravaAPIClient.java. Using fallback presentation compiler.
2026.05.08 22:16:03 INFO  no build target found for /Users/zachwinslett/Code/strava-cli/src/main/java/com/zwinslett/strava/api/StravaAPIClient.java. Using fallback presentation compiler.
2026.05.08 22:16:03 INFO  no build target found for /Users/zachwinslett/Code/strava-cli/src/main/java/com/zwinslett/strava/api/StravaAPIClient.java. Using fallback presentation compiler.
2026.05.08 22:16:03 INFO  no build target found for /Users/zachwinslett/Code/strava-cli/src/main/java/com/zwinslett/strava/api/StravaAPIClient.java. Using fallback presentation compiler.
2026.05.08 22:16:03 INFO  no build target found for /Users/zachwinslett/Code/strava-cli/src/main/java/com/zwinslett/strava/api/StravaAPIClient.java. Using fallback presentation compiler.
2026.05.08 22:16:03 INFO  no build target found for /Users/zachwinslett/Code/strava-cli/src/main/java/com/zwinslett/strava/api/StravaAPIClient.java. Using fallback presentation compiler.
2026.05.08 22:16:08 INFO  no build target found for /Users/zachwinslett/Code/strava-cli/src/main/java/com/zwinslett/strava/api/StravaAPIClient.java. Using fallback presentation compiler.
2026.05.08 22:16:08 INFO  no build target found for /Users/zachwinslett/Code/strava-cli/src/main/java/com/zwinslett/strava/api/StravaAPIClient.java. Using fallback presentation compiler.
2026.05.08 22:16:08 INFO  no build target found for /Users/zachwinslett/Code/strava-cli/src/main/java/com/zwinslett/strava/api/StravaAPIClient.java. Using fallback presentation compiler.
2026.05.08 22:16:09 INFO  no build target found for /Users/zachwinslett/Code/strava-cli/src/main/java/com/zwinslett/strava/api/StravaAPIClient.java. Using fallback presentation compiler.
2026.05.08 22:16:09 INFO  no build target found for /Users/zachwinslett/Code/strava-cli/src/main/java/com/zwinslett/strava/api/StravaAPIClient.java. Using fallback presentation compiler.
2026.05.08 22:16:09 INFO  no build target found for /Users/zachwinslett/Code/strava-cli/src/main/java/com/zwinslett/strava/api/StravaAPIClient.java. Using fallback presentation compiler.
2026.05.08 22:16:09 INFO  no build target found for /Users/zachwinslett/Code/strava-cli/src/main/java/com/zwinslett/strava/api/StravaAPIClient.java. Using fallback presentation compiler.
2026.05.08 22:16:09 INFO  no build target found for /Users/zachwinslett/Code/strava-cli/src/main/java/com/zwinslett/strava/api/StravaAPIClient.java. Using fallback presentation compiler.
2026.05.08 22:16:09 INFO  no build target found for /Users/zachwinslett/Code/strava-cli/src/main/java/com/zwinslett/strava/api/StravaAPIClient.java. Using fallback presentation compiler.
2026.05.08 22:16:09 INFO  no build target found for /Users/zachwinslett/Code/strava-cli/src/main/java/com/zwinslett/strava/api/StravaAPIClient.java. Using fallback presentation compiler.
2026.05.08 22:16:10 INFO  no build target found for /Users/zachwinslett/Code/strava-cli/src/main/java/com/zwinslett/strava/api/StravaAPIClient.java. Using fallback presentation compiler.
2026.05.08 22:16:09 INFO  no build target found for /Users/zachwinslett/Code/strava-cli/src/main/java/com/zwinslett/strava/api/StravaAPIClient.java. Using fallback presentation compiler.
2026.05.08 22:16:09 INFO  no build target found for /Users/zachwinslett/Code/strava-cli/src/main/java/com/zwinslett/strava/api/StravaAPIClient.java. Using fallback presentation compiler.
2026.05.08 22:16:09 INFO  no build target found for /Users/zachwinslett/Code/strava-cli/src/main/java/com/zwinslett/strava/api/StravaAPIClient.java. Using fallback presentation compiler.
2026.05.08 22:16:09 INFO  no build target found for /Users/zachwinslett/Code/strava-cli/src/main/java/com/zwinslett/strava/api/StravaAPIClient.java. Using fallback presentation compiler.
2026.05.08 22:16:09 INFO  no build target found for /Users/zachwinslett/Code/strava-cli/src/main/java/com/zwinslett/strava/api/StravaAPIClient.java. Using fallback presentation compiler.
2026.05.08 22:16:10 INFO  no build target found for /Users/zachwinslett/Code/strava-cli/src/main/java/com/zwinslett/strava/api/StravaAPIClient.java. Using fallback presentation compiler.
2026.05.08 22:16:10 INFO  no build target found for /Users/zachwinslett/Code/strava-cli/src/main/java/com/zwinslett/strava/api/StravaAPIClient.java. Using fallback presentation compiler.
2026.05.08 22:16:10 INFO  no build target found for /Users/zachwinslett/Code/strava-cli/src/main/java/com/zwinslett/strava/api/StravaAPIClient.java. Using fallback presentation compiler.
2026.05.08 22:16:10 INFO  no build target found for /Users/zachwinslett/Code/strava-cli/src/main/java/com/zwinslett/strava/api/StravaAPIClient.java. Using fallback presentation compiler.
2026.05.08 22:16:10 INFO  no build target found for /Users/zachwinslett/Code/strava-cli/src/main/java/com/zwinslett/strava/api/StravaAPIClient.java. Using fallback presentation compiler.
2026.05.08 22:16:10 INFO  no build target found for /Users/zachwinslett/Code/strava-cli/src/main/java/com/zwinslett/strava/api/StravaAPIClient.java. Using fallback presentation compiler.
2026.05.08 22:16:10 INFO  no build target found for /Users/zachwinslett/Code/strava-cli/src/main/java/com/zwinslett/strava/api/StravaAPIClient.java. Using fallback presentation compiler.
2026.05.08 22:16:10 INFO  no build target found for /Users/zachwinslett/Code/strava-cli/src/main/java/com/zwinslett/strava/api/StravaAPIClient.java. Using fallback presentation compiler.
2026.05.08 22:16:10 INFO  no build target found for /Users/zachwinslett/Code/strava-cli/src/main/java/com/zwinslett/strava/api/StravaAPIClient.java. Using fallback presentation compiler.
2026.05.08 22:16:12 INFO  no build target found for /Users/zachwinslett/Code/strava-cli/src/main/java/com/zwinslett/strava/api/StravaAPIClient.java. Using fallback presentation compiler.
2026.05.08 22:16:12 INFO  no build target found for /Users/zachwinslett/Code/strava-cli/src/main/java/com/zwinslett/strava/api/StravaAPIClient.java. Using fallback presentation compiler.
2026.05.08 22:16:12 INFO  no build target found for /Users/zachwinslett/Code/strava-cli/src/main/java/com/zwinslett/strava/api/StravaAPIClient.java. Using fallback presentation compiler.
2026.05.08 22:16:12 INFO  no build target found for /Users/zachwinslett/Code/strava-cli/src/main/java/com/zwinslett/strava/api/StravaAPIClient.java. Using fallback presentation compiler.
2026.05.08 22:16:12 INFO  no build target found for /Users/zachwinslett/Code/strava-cli/src/main/java/com/zwinslett/strava/api/StravaAPIClient.java. Using fallback presentation compiler.
2026.05.08 22:16:12 INFO  no build target found for /Users/zachwinslett/Code/strava-cli/src/main/java/com/zwinslett/strava/api/StravaAPIClient.java. Using fallback presentation compiler.
2026.05.08 22:16:12 INFO  no build target found for /Users/zachwinslett/Code/strava-cli/src/main/java/com/zwinslett/strava/api/StravaAPIClient.java. Using fallback presentation compiler.
2026.05.08 22:16:12 INFO  no build target found for /Users/zachwinslett/Code/strava-cli/src/main/java/com/zwinslett/strava/api/StravaAPIClient.java. Using fallback presentation compiler.
2026.05.08 22:16:12 INFO  no build target found for /Users/zachwinslett/Code/strava-cli/src/main/java/com/zwinslett/strava/api/StravaAPIClient.java. Using fallback presentation compiler.
2026.05.08 22:16:12 INFO  no build target found for /Users/zachwinslett/Code/strava-cli/src/main/java/com/zwinslett/strava/api/StravaAPIClient.java. Using fallback presentation compiler.
2026.05.08 22:16:12 INFO  no build target found for /Users/zachwinslett/Code/strava-cli/src/main/java/com/zwinslett/strava/api/StravaAPIClient.java. Using fallback presentation compiler.
2026.05.08 22:16:12 INFO  no build target found for /Users/zachwinslett/Code/strava-cli/src/main/java/com/zwinslett/strava/api/StravaAPIClient.java. Using fallback presentation compiler.
2026.05.08 22:16:13 INFO  no build target found for /Users/zachwinslett/Code/strava-cli/src/main/java/com/zwinslett/strava/api/StravaAPIClient.java. Using fallback presentation compiler.
2026.05.08 22:16:13 INFO  no build target found for /Users/zachwinslett/Code/strava-cli/src/main/java/com/zwinslett/strava/api/StravaAPIClient.java. Using fallback presentation compiler.
2026.05.08 22:16:13 INFO  no build target found for /Users/zachwinslett/Code/strava-cli/src/main/java/com/zwinslett/strava/api/StravaAPIClient.java. Using fallback presentation compiler.
2026.05.08 22:16:13 INFO  no build target found for /Users/zachwinslett/Code/strava-cli/src/main/java/com/zwinslett/strava/api/StravaAPIClient.java. Using fallback presentation compiler.
2026.05.08 22:16:13 INFO  no build target found for /Users/zachwinslett/Code/strava-cli/src/main/java/com/zwinslett/strava/api/StravaAPIClient.java. Using fallback presentation compiler.
2026.05.08 22:16:13 INFO  no build target found for /Users/zachwinslett/Code/strava-cli/src/main/java/com/zwinslett/strava/api/StravaAPIClient.java. Using fallback presentation compiler.
2026.05.08 22:16:13 INFO  no build target found for /Users/zachwinslett/Code/strava-cli/src/main/java/com/zwinslett/strava/api/StravaAPIClient.java. Using fallback presentation compiler.
2026.05.08 22:16:14 INFO  no build target found for /Users/zachwinslett/Code/strava-cli/src/main/java/com/zwinslett/strava/api/StravaAPIClient.java. Using fallback presentation compiler.
2026.05.08 22:16:13 INFO  no build target found for /Users/zachwinslett/Code/strava-cli/src/main/java/com/zwinslett/strava/api/StravaAPIClient.java. Using fallback presentation compiler.
2026.05.08 22:16:13 INFO  no build target found for /Users/zachwinslett/Code/strava-cli/src/main/java/com/zwinslett/strava/api/StravaAPIClient.java. Using fallback presentation compiler.
2026.05.08 22:16:14 INFO  no build target found for /Users/zachwinslett/Code/strava-cli/src/main/java/com/zwinslett/strava/api/StravaAPIClient.java. Using fallback presentation compiler.
2026.05.08 22:16:14 INFO  no build target found for /Users/zachwinslett/Code/strava-cli/src/main/java/com/zwinslett/strava/api/StravaAPIClient.java. Using fallback presentation compiler.
2026.05.08 22:16:14 INFO  no build target found for /Users/zachwinslett/Code/strava-cli/src/main/java/com/zwinslett/strava/api/StravaAPIClient.java. Using fallback presentation compiler.
2026.05.08 22:16:14 INFO  no build target found for /Users/zachwinslett/Code/strava-cli/src/main/java/com/zwinslett/strava/api/StravaAPIClient.java. Using fallback presentation compiler.
2026.05.08 22:16:15 INFO  no build target found for /Users/zachwinslett/Code/strava-cli/src/main/java/com/zwinslett/strava/api/StravaAPIClient.java. Using fallback presentation compiler.
2026.05.08 22:16:16 INFO  no build target found for /Users/zachwinslett/Code/strava-cli/src/main/java/com/zwinslett/strava/api/StravaAPIClient.java. Using fallback presentation compiler.
2026.05.08 22:16:17 INFO  no build target found for /Users/zachwinslett/Code/strava-cli/src/main/java/com/zwinslett/strava/api/StravaAPIClient.java. Using fallback presentation compiler.
2026.05.08 22:16:17 INFO  no build target found for /Users/zachwinslett/Code/strava-cli/src/main/java/com/zwinslett/strava/api/StravaAPIClient.java. Using fallback presentation compiler.
2026.05.08 22:16:17 INFO  no build target found for /Users/zachwinslett/Code/strava-cli/src/main/java/com/zwinslett/strava/api/StravaAPIClient.java. Using fallback presentation compiler.
2026.05.08 22:16:18 INFO  no build target found for /Users/zachwinslett/Code/strava-cli/src/main/java/com/zwinslett/strava/api/StravaAPIClient.java. Using fallback presentation compiler.
2026.05.08 22:16:18 INFO  no build target found for /Users/zachwinslett/Code/strava-cli/src/main/java/com/zwinslett/strava/api/StravaAPIClient.java. Using fallback presentation compiler.
2026.05.08 22:16:18 INFO  no build target found for /Users/zachwinslett/Code/strava-cli/src/main/java/com/zwinslett/strava/api/StravaAPIClient.java. Using fallback presentation compiler.
2026.05.08 22:16:18 INFO  no build target found for /Users/zachwinslett/Code/strava-cli/src/main/java/com/zwinslett/strava/api/StravaAPIClient.java. Using fallback presentation compiler.
2026.05.08 22:16:18 INFO  no build target found for /Users/zachwinslett/Code/strava-cli/src/main/java/com/zwinslett/strava/api/StravaAPIClient.java. Using fallback presentation compiler.
2026.05.08 22:16:18 INFO  no build target found for /Users/zachwinslett/Code/strava-cli/src/main/java/com/zwinslett/strava/api/StravaAPIClient.java. Using fallback presentation compiler.
2026.05.08 22:16:18 INFO  no build target found for /Users/zachwinslett/Code/strava-cli/src/main/java/com/zwinslett/strava/api/StravaAPIClient.java. Using fallback presentation compiler.
2026.05.08 22:16:18 INFO  no build target found for /Users/zachwinslett/Code/strava-cli/src/main/java/com/zwinslett/strava/api/StravaAPIClient.java. Using fallback presentation compiler.
2026.05.08 22:16:18 INFO  no build target found for /Users/zachwinslett/Code/strava-cli/src/main/java/com/zwinslett/strava/api/StravaAPIClient.java. Using fallback presentation compiler.
2026.05.08 22:16:19 INFO  no build target found for /Users/zachwinslett/Code/strava-cli/src/main/java/com/zwinslett/strava/api/StravaAPIClient.java. Using fallback presentation compiler.
2026.05.08 22:16:18 INFO  no build target found for /Users/zachwinslett/Code/strava-cli/src/main/java/com/zwinslett/strava/api/StravaAPIClient.java. Using fallback presentation compiler.
2026.05.08 22:16:18 INFO  no build target found for /Users/zachwinslett/Code/strava-cli/src/main/java/com/zwinslett/strava/api/StravaAPIClient.java. Using fallback presentation compiler.
2026.05.08 22:16:18 INFO  no build target found for /Users/zachwinslett/Code/strava-cli/src/main/java/com/zwinslett/strava/api/StravaAPIClient.java. Using fallback presentation compiler.
2026.05.08 22:16:18 INFO  no build target found for /Users/zachwinslett/Code/strava-cli/src/main/java/com/zwinslett/strava/api/StravaAPIClient.java. Using fallback presentation compiler.
2026.05.08 22:16:18 INFO  no build target found for /Users/zachwinslett/Code/strava-cli/src/main/java/com/zwinslett/strava/api/StravaAPIClient.java. Using fallback presentation compiler.
2026.05.08 22:16:19 INFO  no build target found for /Users/zachwinslett/Code/strava-cli/src/main/java/com/zwinslett/strava/api/StravaAPIClient.java. Using fallback presentation compiler.
2026.05.08 22:16:19 INFO  no build target found for /Users/zachwinslett/Code/strava-cli/src/main/java/com/zwinslett/strava/api/StravaAPIClient.java. Using fallback presentation compiler.
2026.05.08 22:16:19 INFO  no build target found for /Users/zachwinslett/Code/strava-cli/src/main/java/com/zwinslett/strava/api/StravaAPIClient.java. Using fallback presentation compiler.
2026.05.08 22:16:19 INFO  no build target found for /Users/zachwinslett/Code/strava-cli/src/main/java/com/zwinslett/strava/api/StravaAPIClient.java. Using fallback presentation compiler.
2026.05.08 22:16:19 INFO  no build target found for /Users/zachwinslett/Code/strava-cli/src/main/java/com/zwinslett/strava/api/StravaAPIClient.java. Using fallback presentation compiler.
2026.05.08 22:16:19 INFO  no build target found for /Users/zachwinslett/Code/strava-cli/src/main/java/com/zwinslett/strava/api/StravaAPIClient.java. Using fallback presentation compiler.
2026.05.08 22:16:19 INFO  no build target found for /Users/zachwinslett/Code/strava-cli/src/main/java/com/zwinslett/strava/api/StravaAPIClient.java. Using fallback presentation compiler.
2026.05.08 22:16:21 INFO  no build target found for /Users/zachwinslett/Code/strava-cli/src/main/java/com/zwinslett/strava/api/StravaAPIClient.java. Using fallback presentation compiler.
2026.05.08 22:16:21 INFO  no build target found for /Users/zachwinslett/Code/strava-cli/src/main/java/com/zwinslett/strava/api/StravaAPIClient.java. Using fallback presentation compiler.
2026.05.08 22:16:21 INFO  no build target found for /Users/zachwinslett/Code/strava-cli/src/main/java/com/zwinslett/strava/api/StravaAPIClient.java. Using fallback presentation compiler.
2026.05.08 22:16:21 INFO  no build target found for /Users/zachwinslett/Code/strava-cli/src/main/java/com/zwinslett/strava/api/StravaAPIClient.java. Using fallback presentation compiler.
2026.05.08 22:16:21 INFO  no build target found for /Users/zachwinslett/Code/strava-cli/src/main/java/com/zwinslett/strava/api/StravaAPIClient.java. Using fallback presentation compiler.
2026.05.08 22:16:21 INFO  no build target found for /Users/zachwinslett/Code/strava-cli/src/main/java/com/zwinslett/strava/api/StravaAPIClient.java. Using fallback presentation compiler.
2026.05.08 22:16:22 INFO  no build target found for /Users/zachwinslett/Code/strava-cli/src/main/java/com/zwinslett/strava/api/StravaAPIClient.java. Using fallback presentation compiler.
2026.05.08 22:16:22 INFO  no build target found for /Users/zachwinslett/Code/strava-cli/src/main/java/com/zwinslett/strava/api/StravaAPIClient.java. Using fallback presentation compiler.
2026.05.08 22:16:22 INFO  no build target found for /Users/zachwinslett/Code/strava-cli/src/main/java/com/zwinslett/strava/api/StravaAPIClient.java. Using fallback presentation compiler.
2026.05.08 22:16:22 INFO  no build target found for /Users/zachwinslett/Code/strava-cli/src/main/java/com/zwinslett/strava/api/StravaAPIClient.java. Using fallback presentation compiler.
2026.05.08 22:16:22 INFO  no build target found for /Users/zachwinslett/Code/strava-cli/src/main/java/com/zwinslett/strava/api/StravaAPIClient.java. Using fallback presentation compiler.
2026.05.08 22:16:22 INFO  no build target found for /Users/zachwinslett/Code/strava-cli/src/main/java/com/zwinslett/strava/api/StravaAPIClient.java. Using fallback presentation compiler.
2026.05.08 22:16:22 INFO  no build target found for /Users/zachwinslett/Code/strava-cli/src/main/java/com/zwinslett/strava/api/StravaAPIClient.java. Using fallback presentation compiler.
2026.05.08 22:16:22 INFO  no build target found for /Users/zachwinslett/Code/strava-cli/src/main/java/com/zwinslett/strava/api/StravaAPIClient.java. Using fallback presentation compiler.
2026.05.08 22:16:22 INFO  no build target found for /Users/zachwinslett/Code/strava-cli/src/main/java/com/zwinslett/strava/api/StravaAPIClient.java. Using fallback presentation compiler.
2026.05.08 22:16:23 INFO  no build target found for /Users/zachwinslett/Code/strava-cli/src/main/java/com/zwinslett/strava/api/StravaAPIClient.java. Using fallback presentation compiler.
2026.05.08 22:16:23 INFO  no build target found for /Users/zachwinslett/Code/strava-cli/src/main/java/com/zwinslett/strava/api/StravaAPIClient.java. Using fallback presentation compiler.
2026.05.08 22:16:23 INFO  no build target found for /Users/zachwinslett/Code/strava-cli/src/main/java/com/zwinslett/strava/api/StravaAPIClient.java. Using fallback presentation compiler.
2026.05.08 22:16:23 INFO  no build target found for /Users/zachwinslett/Code/strava-cli/src/main/java/com/zwinslett/strava/api/StravaAPIClient.java. Using fallback presentation compiler.
2026.05.08 22:16:24 INFO  no build target found for /Users/zachwinslett/Code/strava-cli/src/main/java/com/zwinslett/strava/api/StravaAPIClient.java. Using fallback presentation compiler.
2026.05.08 22:16:23 INFO  no build target found for /Users/zachwinslett/Code/strava-cli/src/main/java/com/zwinslett/strava/api/StravaAPIClient.java. Using fallback presentation compiler.
May 08, 2026 10:16:24 PM org.eclipse.lsp4j.jsonrpc.RemoteEndpoint handleCancellation
WARNING: Unmatched cancel notification for request id 6738
2026.05.08 22:16:23 INFO  no build target found for /Users/zachwinslett/Code/strava-cli/src/main/java/com/zwinslett/strava/api/StravaAPIClient.java. Using fallback presentation compiler.
2026.05.08 22:16:23 INFO  no build target found for /Users/zachwinslett/Code/strava-cli/src/main/java/com/zwinslett/strava/api/StravaAPIClient.java. Using fallback presentation compiler.
2026.05.08 22:16:24 INFO  no build target found for /Users/zachwinslett/Code/strava-cli/src/main/java/com/zwinslett/strava/api/StravaAPIClient.java. Using fallback presentation compiler.
2026.05.08 22:16:25 INFO  no build target found for /Users/zachwinslett/Code/strava-cli/src/main/java/com/zwinslett/strava/api/StravaAPIClient.java. Using fallback presentation compiler.
2026.05.08 22:16:25 INFO  no build target found for /Users/zachwinslett/Code/strava-cli/src/main/java/com/zwinslett/strava/api/StravaAPIClient.java. Using fallback presentation compiler.
2026.05.08 22:16:25 INFO  no build target found for /Users/zachwinslett/Code/strava-cli/src/main/java/com/zwinslett/strava/api/StravaAPIClient.java. Using fallback presentation compiler.
2026.05.08 22:16:25 INFO  no build target found for /Users/zachwinslett/Code/strava-cli/src/main/java/com/zwinslett/strava/api/StravaAPIClient.java. Using fallback presentation compiler.
2026.05.08 22:16:25 INFO  no build target found for /Users/zachwinslett/Code/strava-cli/src/main/java/com/zwinslett/strava/api/StravaAPIClient.java. Using fallback presentation compiler.
2026.05.08 22:16:25 INFO  no build target found for /Users/zachwinslett/Code/strava-cli/src/main/java/com/zwinslett/strava/api/StravaAPIClient.java. Using fallback presentation compiler.
2026.05.08 22:16:25 INFO  no build target found for /Users/zachwinslett/Code/strava-cli/src/main/java/com/zwinslett/strava/api/StravaAPIClient.java. Using fallback presentation compiler.
2026.05.08 22:16:25 INFO  no build target found for /Users/zachwinslett/Code/strava-cli/src/main/java/com/zwinslett/strava/api/StravaAPIClient.java. Using fallback presentation compiler.
2026.05.08 22:16:25 INFO  no build target found for /Users/zachwinslett/Code/strava-cli/src/main/java/com/zwinslett/strava/api/StravaAPIClient.java. Using fallback presentation compiler.
2026.05.08 22:16:25 INFO  no build target found for /Users/zachwinslett/Code/strava-cli/src/main/java/com/zwinslett/strava/api/StravaAPIClient.java. Using fallback presentation compiler.
2026.05.08 22:16:26 INFO  no build target found for /Users/zachwinslett/Code/strava-cli/src/main/java/com/zwinslett/strava/api/StravaAPIClient.java. Using fallback presentation compiler.
2026.05.08 22:16:26 INFO  no build target found for /Users/zachwinslett/Code/strava-cli/src/main/java/com/zwinslett/strava/api/StravaAPIClient.java. Using fallback presentation compiler.
2026.05.08 22:16:26 INFO  no build target found for /Users/zachwinslett/Code/strava-cli/src/main/java/com/zwinslett/strava/api/StravaAPIClient.java. Using fallback presentation compiler.
2026.05.08 22:16:26 INFO  no build target found for /Users/zachwinslett/Code/strava-cli/src/main/java/com/zwinslett/strava/api/StravaAPIClient.java. Using fallback presentation compiler.
2026.05.08 22:16:26 INFO  no build target found for /Users/zachwinslett/Code/strava-cli/src/main/java/com/zwinslett/strava/api/StravaAPIClient.java. Using fallback presentation compiler.
2026.05.08 22:16:26 INFO  no build target found for /Users/zachwinslett/Code/strava-cli/src/main/java/com/zwinslett/strava/api/StravaAPIClient.java. Using fallback presentation compiler.
2026.05.08 22:16:26 INFO  no build target found for /Users/zachwinslett/Code/strava-cli/src/main/java/com/zwinslett/strava/api/StravaAPIClient.java. Using fallback presentation compiler.
2026.05.08 22:16:27 INFO  no build target found for /Users/zachwinslett/Code/strava-cli/src/main/java/com/zwinslett/strava/api/StravaAPIClient.java. Using fallback presentation compiler.
2026.05.08 22:16:27 INFO  no build target found for /Users/zachwinslett/Code/strava-cli/src/main/java/com/zwinslett/strava/api/StravaAPIClient.java. Using fallback presentation compiler.
2026.05.08 22:16:27 INFO  no build target found for /Users/zachwinslett/Code/strava-cli/src/main/java/com/zwinslett/strava/api/StravaAPIClient.java. Using fallback presentation compiler.
2026.05.08 22:16:27 INFO  no build target found for /Users/zachwinslett/Code/strava-cli/src/main/java/com/zwinslett/strava/api/StravaAPIClient.java. Using fallback presentation compiler.
2026.05.08 22:16:28 INFO  no build target found for /Users/zachwinslett/Code/strava-cli/src/main/java/com/zwinslett/strava/api/StravaAPIClient.java. Using fallback presentation compiler.
2026.05.08 22:16:28 INFO  no build target found for /Users/zachwinslett/Code/strava-cli/src/main/java/com/zwinslett/strava/api/StravaAPIClient.java. Using fallback presentation compiler.
2026.05.08 22:16:28 INFO  no build target found for /Users/zachwinslett/Code/strava-cli/src/main/java/com/zwinslett/strava/api/StravaAPIClient.java. Using fallback presentation compiler.
2026.05.08 22:16:28 INFO  no build target found for /Users/zachwinslett/Code/strava-cli/src/main/java/com/zwinslett/strava/api/StravaAPIClient.java. Using fallback presentation compiler.
2026.05.08 22:16:28 INFO  no build target found for /Users/zachwinslett/Code/strava-cli/src/main/java/com/zwinslett/strava/api/StravaAPIClient.java. Using fallback presentation compiler.
2026.05.08 22:16:28 INFO  no build target found for /Users/zachwinslett/Code/strava-cli/src/main/java/com/zwinslett/strava/api/StravaAPIClient.java. Using fallback presentation compiler.
2026.05.08 22:16:29 INFO  no build target found for /Users/zachwinslett/Code/strava-cli/src/main/java/com/zwinslett/strava/api/StravaAPIClient.java. Using fallback presentation compiler.
2026.05.08 22:16:29 INFO  no build target found for /Users/zachwinslett/Code/strava-cli/src/main/java/com/zwinslett/strava/api/StravaAPIClient.java. Using fallback presentation compiler.
2026.05.08 22:16:29 INFO  no build target found for /Users/zachwinslett/Code/strava-cli/src/main/java/com/zwinslett/strava/api/StravaAPIClient.java. Using fallback presentation compiler.
2026.05.08 22:16:29 INFO  no build target found for /Users/zachwinslett/Code/strava-cli/src/main/java/com/zwinslett/strava/api/StravaAPIClient.java. Using fallback presentation compiler.
2026.05.08 22:16:29 INFO  no build target found for /Users/zachwinslett/Code/strava-cli/src/main/java/com/zwinslett/strava/api/StravaAPIClient.java. Using fallback presentation compiler.
2026.05.08 22:16:29 INFO  no build target found for /Users/zachwinslett/Code/strava-cli/src/main/java/com/zwinslett/strava/api/StravaAPIClient.java. Using fallback presentation compiler.
2026.05.08 22:16:29 INFO  no build target found for /Users/zachwinslett/Code/strava-cli/src/main/java/com/zwinslett/strava/api/StravaAPIClient.java. Using fallback presentation compiler.
2026.05.08 22:16:30 INFO  no build target found for /Users/zachwinslett/Code/strava-cli/src/main/java/com/zwinslett/strava/api/StravaAPIClient.java. Using fallback presentation compiler.
2026.05.08 22:16:30 INFO  no build target found for /Users/zachwinslett/Code/strava-cli/src/main/java/com/zwinslett/strava/api/StravaAPIClient.java. Using fallback presentation compiler.
2026.05.08 22:16:30 INFO  no build target found for /Users/zachwinslett/Code/strava-cli/src/main/java/com/zwinslett/strava/api/StravaAPIClient.java. Using fallback presentation compiler.
2026.05.08 22:16:32 INFO  no build target found for /Users/zachwinslett/Code/strava-cli/src/main/java/com/zwinslett/strava/api/StravaAPIClient.java. Using fallback presentation compiler.
2026.05.08 22:16:32 INFO  no build target found for /Users/zachwinslett/Code/strava-cli/src/main/java/com/zwinslett/strava/api/StravaAPIClient.java. Using fallback presentation compiler.
2026.05.08 22:16:35 INFO  no build target found for /Users/zachwinslett/Code/strava-cli/src/main/java/com/zwinslett/strava/api/StravaAPIClient.java. Using fallback presentation compiler.
2026.05.08 22:16:36 INFO  no build target found for /Users/zachwinslett/Code/strava-cli/src/main/java/com/zwinslett/strava/api/StravaAPIClient.java. Using fallback presentation compiler.
2026.05.08 22:16:36 INFO  no build target found for /Users/zachwinslett/Code/strava-cli/src/main/java/com/zwinslett/strava/api/StravaAPIClient.java. Using fallback presentation compiler.
2026.05.08 22:16:36 INFO  no build target found for /Users/zachwinslett/Code/strava-cli/src/main/java/com/zwinslett/strava/api/StravaAPIClient.java. Using fallback presentation compiler.
2026.05.08 22:16:37 INFO  no build target found for /Users/zachwinslett/Code/strava-cli/src/main/java/com/zwinslett/strava/api/StravaAPIClient.java. Using fallback presentation compiler.
2026.05.08 22:16:37 INFO  no build target found for /Users/zachwinslett/Code/strava-cli/src/main/java/com/zwinslett/strava/api/StravaAPIClient.java. Using fallback presentation compiler.
2026.05.08 22:16:39 INFO  no build target found for /Users/zachwinslett/Code/strava-cli/src/main/java/com/zwinslett/strava/api/StravaAPIClient.java. Using fallback presentation compiler.
2026.05.08 22:16:40 INFO  no build target found for /Users/zachwinslett/Code/strava-cli/src/main/java/com/zwinslett/strava/api/StravaAPIClient.java. Using fallback presentation compiler.
2026.05.08 22:16:41 INFO  no build target found for /Users/zachwinslett/Code/strava-cli/src/main/java/com/zwinslett/strava/api/StravaAPIClient.java. Using fallback presentation compiler.
2026.05.08 22:16:41 INFO  no build target found for /Users/zachwinslett/Code/strava-cli/src/main/java/com/zwinslett/strava/api/StravaAPIClient.java. Using fallback presentation compiler.
2026.05.08 22:16:42 INFO  no build target found for /Users/zachwinslett/Code/strava-cli/src/main/java/com/zwinslett/strava/api/StravaAPIClient.java. Using fallback presentation compiler.
2026.05.08 22:16:42 INFO  no build target found for /Users/zachwinslett/Code/strava-cli/src/main/java/com/zwinslett/strava/api/StravaAPIClient.java. Using fallback presentation compiler.
2026.05.08 22:16:44 INFO  no build target found for /Users/zachwinslett/Code/strava-cli/src/main/java/com/zwinslett/strava/api/StravaAPIClient.java. Using fallback presentation compiler.
2026.05.08 22:16:46 INFO  no build target found for /Users/zachwinslett/Code/strava-cli/src/main/java/com/zwinslett/strava/api/StravaAPIClient.java. Using fallback presentation compiler.
2026.05.08 22:16:46 INFO  no build target found for /Users/zachwinslett/Code/strava-cli/src/main/java/com/zwinslett/strava/api/StravaAPIClient.java. Using fallback presentation compiler.
2026.05.08 22:16:46 INFO  no build target found for /Users/zachwinslett/Code/strava-cli/src/main/java/com/zwinslett/strava/api/StravaAPIClient.java. Using fallback presentation compiler.
2026.05.08 22:16:46 INFO  no build target found for /Users/zachwinslett/Code/strava-cli/src/main/java/com/zwinslett/strava/api/StravaAPIClient.java. Using fallback presentation compiler.
2026.05.08 22:16:47 INFO  no build target found for /Users/zachwinslett/Code/strava-cli/src/main/java/com/zwinslett/strava/api/StravaAPIClient.java. Using fallback presentation compiler.
2026.05.08 22:16:47 INFO  no build target found for /Users/zachwinslett/Code/strava-cli/src/main/java/com/zwinslett/strava/api/StravaAPIClient.java. Using fallback presentation compiler.
2026.05.08 22:16:47 INFO  no build target found for /Users/zachwinslett/Code/strava-cli/src/main/java/com/zwinslett/strava/api/StravaAPIClient.java. Using fallback presentation compiler.
2026.05.08 22:16:47 INFO  no build target found for /Users/zachwinslett/Code/strava-cli/src/main/java/com/zwinslett/strava/api/StravaAPIClient.java. Using fallback presentation compiler.
2026.05.08 22:16:47 INFO  no build target found for /Users/zachwinslett/Code/strava-cli/src/main/java/com/zwinslett/strava/api/StravaAPIClient.java. Using fallback presentation compiler.
2026.05.08 22:16:48 INFO  no build target found for /Users/zachwinslett/Code/strava-cli/src/main/java/com/zwinslett/strava/api/StravaAPIClient.java. Using fallback presentation compiler.
2026.05.08 22:16:48 INFO  no build target found for /Users/zachwinslett/Code/strava-cli/src/main/java/com/zwinslett/strava/api/StravaAPIClient.java. Using fallback presentation compiler.
2026.05.08 22:16:48 INFO  no build target found for /Users/zachwinslett/Code/strava-cli/src/main/java/com/zwinslett/strava/api/StravaAPIClient.java. Using fallback presentation compiler.
2026.05.08 22:16:48 INFO  no build target found for /Users/zachwinslett/Code/strava-cli/src/main/java/com/zwinslett/strava/api/StravaAPIClient.java. Using fallback presentation compiler.
2026.05.08 22:16:48 INFO  no build target found for /Users/zachwinslett/Code/strava-cli/src/main/java/com/zwinslett/strava/api/StravaAPIClient.java. Using fallback presentation compiler.
2026.05.08 22:16:48 INFO  no build target found for /Users/zachwinslett/Code/strava-cli/src/main/java/com/zwinslett/strava/api/StravaAPIClient.java. Using fallback presentation compiler.
2026.05.08 22:16:48 INFO  no build target found for /Users/zachwinslett/Code/strava-cli/src/main/java/com/zwinslett/strava/api/StravaAPIClient.java. Using fallback presentation compiler.
2026.05.08 22:16:51 INFO  no build target found for /Users/zachwinslett/Code/strava-cli/src/main/java/com/zwinslett/strava/api/StravaAPIClient.java. Using fallback presentation compiler.
2026.05.08 22:16:51 INFO  no build target found for /Users/zachwinslett/Code/strava-cli/src/main/java/com/zwinslett/strava/api/StravaAPIClient.java. Using fallback presentation compiler.
2026.05.08 22:16:51 INFO  no build target found for /Users/zachwinslett/Code/strava-cli/src/main/java/com/zwinslett/strava/api/StravaAPIClient.java. Using fallback presentation compiler.
2026.05.08 22:16:51 INFO  no build target found for /Users/zachwinslett/Code/strava-cli/src/main/java/com/zwinslett/strava/api/StravaAPIClient.java. Using fallback presentation compiler.
2026.05.08 22:16:51 INFO  no build target found for /Users/zachwinslett/Code/strava-cli/src/main/java/com/zwinslett/strava/api/StravaAPIClient.java. Using fallback presentation compiler.
2026.05.08 22:16:51 INFO  no build target found for /Users/zachwinslett/Code/strava-cli/src/main/java/com/zwinslett/strava/api/StravaAPIClient.java. Using fallback presentation compiler.
2026.05.08 22:16:52 INFO  no build target found for /Users/zachwinslett/Code/strava-cli/src/main/java/com/zwinslett/strava/api/StravaAPIClient.java. Using fallback presentation compiler.
2026.05.08 22:16:51 INFO  no build target found for /Users/zachwinslett/Code/strava-cli/src/main/java/com/zwinslett/strava/api/StravaAPIClient.java. Using fallback presentation compiler.
2026.05.08 22:16:52 INFO  no build target found for /Users/zachwinslett/Code/strava-cli/src/main/java/com/zwinslett/strava/api/StravaAPIClient.java. Using fallback presentation compiler.
2026.05.08 22:16:52 INFO  no build target found for /Users/zachwinslett/Code/strava-cli/src/main/java/com/zwinslett/strava/api/StravaAPIClient.java. Using fallback presentation compiler.
2026.05.08 22:16:52 INFO  no build target found for /Users/zachwinslett/Code/strava-cli/src/main/java/com/zwinslett/strava/api/StravaAPIClient.java. Using fallback presentation compiler.
2026.05.08 22:16:52 INFO  no build target found for /Users/zachwinslett/Code/strava-cli/src/main/java/com/zwinslett/strava/api/StravaAPIClient.java. Using fallback presentation compiler.
2026.05.08 22:16:52 INFO  no build target found for /Users/zachwinslett/Code/strava-cli/src/main/java/com/zwinslett/strava/api/StravaAPIClient.java. Using fallback presentation compiler.
2026.05.08 22:16:53 INFO  no build target found for /Users/zachwinslett/Code/strava-cli/src/main/java/com/zwinslett/strava/api/StravaAPIClient.java. Using fallback presentation compiler.
2026.05.08 22:16:52 INFO  no build target found for /Users/zachwinslett/Code/strava-cli/src/main/java/com/zwinslett/strava/api/StravaAPIClient.java. Using fallback presentation compiler.
2026.05.08 22:16:53 INFO  no build target found for /Users/zachwinslett/Code/strava-cli/src/main/java/com/zwinslett/strava/api/StravaAPIClient.java. Using fallback presentation compiler.
2026.05.08 22:16:56 INFO  no build target found for /Users/zachwinslett/Code/strava-cli/src/main/java/com/zwinslett/strava/api/StravaAPIClient.java. Using fallback presentation compiler.
2026.05.08 22:16:56 INFO  no build target found for /Users/zachwinslett/Code/strava-cli/src/main/java/com/zwinslett/strava/api/StravaAPIClient.java. Using fallback presentation compiler.
2026.05.08 22:16:56 INFO  no build target found for /Users/zachwinslett/Code/strava-cli/src/main/java/com/zwinslett/strava/api/StravaAPIClient.java. Using fallback presentation compiler.
2026.05.08 22:16:56 INFO  no build target found for /Users/zachwinslett/Code/strava-cli/src/main/java/com/zwinslett/strava/api/StravaAPIClient.java. Using fallback presentation compiler.
2026.05.08 22:16:56 INFO  no build target found for /Users/zachwinslett/Code/strava-cli/src/main/java/com/zwinslett/strava/api/StravaAPIClient.java. Using fallback presentation compiler.
2026.05.08 22:16:56 INFO  no build target found for /Users/zachwinslett/Code/strava-cli/src/main/java/com/zwinslett/strava/api/StravaAPIClient.java. Using fallback presentation compiler.
2026.05.08 22:16:57 INFO  no build target found for /Users/zachwinslett/Code/strava-cli/src/main/java/com/zwinslett/strava/api/StravaAPIClient.java. Using fallback presentation compiler.
2026.05.08 22:16:57 INFO  no build target found for /Users/zachwinslett/Code/strava-cli/src/main/java/com/zwinslett/strava/api/StravaAPIClient.java. Using fallback presentation compiler.
2026.05.08 22:16:57 INFO  no build target found for /Users/zachwinslett/Code/strava-cli/src/main/java/com/zwinslett/strava/api/StravaAPIClient.java. Using fallback presentation compiler.
2026.05.08 22:16:57 INFO  no build target found for /Users/zachwinslett/Code/strava-cli/src/main/java/com/zwinslett/strava/api/StravaAPIClient.java. Using fallback presentation compiler.
2026.05.08 22:16:57 INFO  no build target found for /Users/zachwinslett/Code/strava-cli/src/main/java/com/zwinslett/strava/api/StravaAPIClient.java. Using fallback presentation compiler.
2026.05.08 22:16:57 INFO  no build target found for /Users/zachwinslett/Code/strava-cli/src/main/java/com/zwinslett/strava/api/StravaAPIClient.java. Using fallback presentation compiler.
2026.05.08 22:16:57 INFO  no build target found for /Users/zachwinslett/Code/strava-cli/src/main/java/com/zwinslett/strava/api/StravaAPIClient.java. Using fallback presentation compiler.
2026.05.08 22:16:57 INFO  no build target found for /Users/zachwinslett/Code/strava-cli/src/main/java/com/zwinslett/strava/api/StravaAPIClient.java. Using fallback presentation compiler.
2026.05.08 22:16:57 INFO  no build target found for /Users/zachwinslett/Code/strava-cli/src/main/java/com/zwinslett/strava/api/StravaAPIClient.java. Using fallback presentation compiler.
2026.05.08 22:16:57 INFO  no build target found for /Users/zachwinslett/Code/strava-cli/src/main/java/com/zwinslett/strava/api/StravaAPIClient.java. Using fallback presentation compiler.
2026.05.08 22:16:57 INFO  no build target found for /Users/zachwinslett/Code/strava-cli/src/main/java/com/zwinslett/strava/api/StravaAPIClient.java. Using fallback presentation compiler.
2026.05.08 22:16:57 INFO  no build target found for /Users/zachwinslett/Code/strava-cli/src/main/java/com/zwinslett/strava/api/StravaAPIClient.java. Using fallback presentation compiler.
2026.05.08 22:16:57 INFO  no build target found for /Users/zachwinslett/Code/strava-cli/src/main/java/com/zwinslett/strava/api/StravaAPIClient.java. Using fallback presentation compiler.
2026.05.08 22:16:57 INFO  no build target found for /Users/zachwinslett/Code/strava-cli/src/main/java/com/zwinslett/strava/api/StravaAPIClient.java. Using fallback presentation compiler.
2026.05.08 22:16:57 INFO  no build target found for /Users/zachwinslett/Code/strava-cli/src/main/java/com/zwinslett/strava/api/StravaAPIClient.java. Using fallback presentation compiler.
2026.05.08 22:16:58 INFO  no build target found for /Users/zachwinslett/Code/strava-cli/src/main/java/com/zwinslett/strava/api/StravaAPIClient.java. Using fallback presentation compiler.
2026.05.08 22:16:57 INFO  no build target found for /Users/zachwinslett/Code/strava-cli/src/main/java/com/zwinslett/strava/api/StravaAPIClient.java. Using fallback presentation compiler.
2026.05.08 22:16:58 INFO  no build target found for /Users/zachwinslett/Code/strava-cli/src/main/java/com/zwinslett/strava/api/StravaAPIClient.java. Using fallback presentation compiler.
2026.05.08 22:16:58 INFO  no build target found for /Users/zachwinslett/Code/strava-cli/src/main/java/com/zwinslett/strava/api/StravaAPIClient.java. Using fallback presentation compiler.
2026.05.08 22:16:58 INFO  no build target found for /Users/zachwinslett/Code/strava-cli/src/main/java/com/zwinslett/strava/api/StravaAPIClient.java. Using fallback presentation compiler.
2026.05.08 22:16:58 INFO  no build target found for /Users/zachwinslett/Code/strava-cli/src/main/java/com/zwinslett/strava/api/StravaAPIClient.java. Using fallback presentation compiler.
2026.05.08 22:16:58 INFO  no build target found for /Users/zachwinslett/Code/strava-cli/src/main/java/com/zwinslett/strava/api/StravaAPIClient.java. Using fallback presentation compiler.
2026.05.08 22:16:58 INFO  no build target found for /Users/zachwinslett/Code/strava-cli/src/main/java/com/zwinslett/strava/api/StravaAPIClient.java. Using fallback presentation compiler.
2026.05.08 22:16:58 INFO  no build target found for /Users/zachwinslett/Code/strava-cli/src/main/java/com/zwinslett/strava/api/StravaAPIClient.java. Using fallback presentation compiler.
2026.05.08 22:16:58 INFO  no build target found for /Users/zachwinslett/Code/strava-cli/src/main/java/com/zwinslett/strava/api/StravaAPIClient.java. Using fallback presentation compiler.
2026.05.08 22:16:58 INFO  no build target found for /Users/zachwinslett/Code/strava-cli/src/main/java/com/zwinslett/strava/api/StravaAPIClient.java. Using fallback presentation compiler.
2026.05.08 22:16:58 INFO  no build target found for /Users/zachwinslett/Code/strava-cli/src/main/java/com/zwinslett/strava/api/StravaAPIClient.java. Using fallback presentation compiler.
2026.05.08 22:16:58 INFO  no build target found for /Users/zachwinslett/Code/strava-cli/src/main/java/com/zwinslett/strava/api/StravaAPIClient.java. Using fallback presentation compiler.
2026.05.08 22:16:58 INFO  no build target found for /Users/zachwinslett/Code/strava-cli/src/main/java/com/zwinslett/strava/api/StravaAPIClient.java. Using fallback presentation compiler.
2026.05.08 22:16:58 INFO  no build target found for /Users/zachwinslett/Code/strava-cli/src/main/java/com/zwinslett/strava/api/StravaAPIClient.java. Using fallback presentation compiler.
2026.05.08 22:16:59 INFO  no build target found for /Users/zachwinslett/Code/strava-cli/src/main/java/com/zwinslett/strava/api/StravaAPIClient.java. Using fallback presentation compiler.
2026.05.08 22:16:59 INFO  no build target found for /Users/zachwinslett/Code/strava-cli/src/main/java/com/zwinslett/strava/api/StravaAPIClient.java. Using fallback presentation compiler.
2026.05.08 22:17:00 INFO  no build target found for /Users/zachwinslett/Code/strava-cli/src/main/java/com/zwinslett/strava/api/StravaAPIClient.java. Using fallback presentation compiler.
2026.05.08 22:17:03 INFO  no build target found for /Users/zachwinslett/Code/strava-cli/src/main/java/com/zwinslett/strava/api/StravaAPIClient.java. Using fallback presentation compiler.
2026.05.08 22:17:03 INFO  no build target found for /Users/zachwinslett/Code/strava-cli/src/main/java/com/zwinslett/strava/api/StravaAPIClient.java. Using fallback presentation compiler.
2026.05.08 22:17:03 INFO  no build target found for /Users/zachwinslett/Code/strava-cli/src/main/java/com/zwinslett/strava/api/StravaAPIClient.java. Using fallback presentation compiler.
2026.05.08 22:17:03 INFO  no build target found for /Users/zachwinslett/Code/strava-cli/src/main/java/com/zwinslett/strava/api/StravaAPIClient.java. Using fallback presentation compiler.
2026.05.08 22:17:04 INFO  no build target found for /Users/zachwinslett/Code/strava-cli/src/main/java/com/zwinslett/strava/api/StravaAPIClient.java. Using fallback presentation compiler.
2026.05.08 22:17:04 INFO  no build target found for /Users/zachwinslett/Code/strava-cli/src/main/java/com/zwinslett/strava/api/StravaAPIClient.java. Using fallback presentation compiler.
2026.05.08 22:17:04 INFO  no build target found for /Users/zachwinslett/Code/strava-cli/src/main/java/com/zwinslett/strava/api/StravaAPIClient.java. Using fallback presentation compiler.
2026.05.08 22:17:04 INFO  no build target found for /Users/zachwinslett/Code/strava-cli/src/main/java/com/zwinslett/strava/api/StravaAPIClient.java. Using fallback presentation compiler.
2026.05.08 22:17:05 INFO  no build target found for /Users/zachwinslett/Code/strava-cli/src/main/java/com/zwinslett/strava/api/StravaAPIClient.java. Using fallback presentation compiler.
2026.05.08 22:17:06 INFO  no build target found for /Users/zachwinslett/Code/strava-cli/src/main/java/com/zwinslett/strava/api/StravaAPIClient.java. Using fallback presentation compiler.
2026.05.08 22:17:06 INFO  no build target found for /Users/zachwinslett/Code/strava-cli/src/main/java/com/zwinslett/strava/api/StravaAPIClient.java. Using fallback presentation compiler.
2026.05.08 22:17:07 INFO  no build target found for /Users/zachwinslett/Code/strava-cli/src/main/java/com/zwinslett/strava/api/StravaAPIClient.java. Using fallback presentation compiler.
2026.05.08 22:17:07 INFO  no build target found for /Users/zachwinslett/Code/strava-cli/src/main/java/com/zwinslett/strava/api/StravaAPIClient.java. Using fallback presentation compiler.
2026.05.08 22:17:07 INFO  no build target found for /Users/zachwinslett/Code/strava-cli/src/main/java/com/zwinslett/strava/api/StravaAPIClient.java. Using fallback presentation compiler.
2026.05.08 22:17:08 INFO  no build target found for /Users/zachwinslett/Code/strava-cli/src/main/java/com/zwinslett/strava/api/StravaAPIClient.java. Using fallback presentation compiler.
2026.05.08 22:17:14 INFO  no build target found for /Users/zachwinslett/Code/strava-cli/src/main/java/com/zwinslett/strava/model/Activity.java. Using fallback presentation compiler.
2026.05.08 22:17:14 INFO  no build target found for /Users/zachwinslett/Code/strava-cli/src/main/java/com/zwinslett/strava/model/Activity.java. Using fallback presentation compiler.
2026.05.08 22:17:14 INFO  no build target found for /Users/zachwinslett/Code/strava-cli/src/main/java/com/zwinslett/strava/model/Activity.java. Using fallback presentation compiler.
2026.05.08 22:17:17 INFO  no build target found for /Users/zachwinslett/Code/strava-cli/src/main/java/com/zwinslett/strava/model/Activity.java. Using fallback presentation compiler.
2026.05.08 22:17:22 INFO  no build target found for /Users/zachwinslett/Code/strava-cli/src/main/java/com/zwinslett/strava/api/AccessToken.java. Using fallback presentation compiler.
2026.05.08 22:17:22 WARN  no build target for: /Users/zachwinslett/Code/strava-cli/src/main/java/com/zwinslett/strava/api/AccessToken.java
2026.05.08 22:17:22 INFO  no build target found for /Users/zachwinslett/Code/strava-cli/src/main/java/com/zwinslett/strava/api/AccessToken.java. Using fallback presentation compiler.
2026.05.08 22:17:24 INFO  no build target found for /Users/zachwinslett/Code/strava-cli/src/main/java/com/zwinslett/strava/api/AccessToken.java. Using fallback presentation compiler.
2026.05.08 22:17:24 INFO  no build target found for /Users/zachwinslett/Code/strava-cli/src/main/java/com/zwinslett/strava/api/AccessToken.java. Using fallback presentation compiler.
2026.05.08 22:17:25 INFO  no build target found for /Users/zachwinslett/Code/strava-cli/src/main/java/com/zwinslett/strava/api/AccessToken.java. Using fallback presentation compiler.
2026.05.08 22:17:25 INFO  no build target found for /Users/zachwinslett/Code/strava-cli/src/main/java/com/zwinslett/strava/api/AccessToken.java. Using fallback presentation compiler.
2026.05.08 22:17:25 INFO  no build target found for /Users/zachwinslett/Code/strava-cli/src/main/java/com/zwinslett/strava/api/AccessToken.java. Using fallback presentation compiler.
2026.05.08 22:17:25 INFO  no build target found for /Users/zachwinslett/Code/strava-cli/src/main/java/com/zwinslett/strava/api/AccessToken.java. Using fallback presentation compiler.
2026.05.08 22:17:25 INFO  no build target found for /Users/zachwinslett/Code/strava-cli/src/main/java/com/zwinslett/strava/api/AccessToken.java. Using fallback presentation compiler.
2026.05.08 22:17:25 INFO  no build target found for /Users/zachwinslett/Code/strava-cli/src/main/java/com/zwinslett/strava/api/AccessToken.java. Using fallback presentation compiler.
2026.05.08 22:17:26 INFO  no build target found for /Users/zachwinslett/Code/strava-cli/src/main/java/com/zwinslett/strava/api/AccessToken.java. Using fallback presentation compiler.
2026.05.08 22:17:25 INFO  no build target found for /Users/zachwinslett/Code/strava-cli/src/main/java/com/zwinslett/strava/api/AccessToken.java. Using fallback presentation compiler.
2026.05.08 22:17:26 INFO  no build target found for /Users/zachwinslett/Code/strava-cli/src/main/java/com/zwinslett/strava/api/AccessToken.java. Using fallback presentation compiler.
2026.05.08 22:17:26 INFO  no build target found for /Users/zachwinslett/Code/strava-cli/src/main/java/com/zwinslett/strava/api/AccessToken.java. Using fallback presentation compiler.
2026.05.08 22:17:26 INFO  no build target found for /Users/zachwinslett/Code/strava-cli/src/main/java/com/zwinslett/strava/api/AccessToken.java. Using fallback presentation compiler.
2026.05.08 22:17:26 INFO  no build target found for /Users/zachwinslett/Code/strava-cli/src/main/java/com/zwinslett/strava/api/AccessToken.java. Using fallback presentation compiler.
2026.05.08 22:17:26 INFO  no build target found for /Users/zachwinslett/Code/strava-cli/src/main/java/com/zwinslett/strava/api/AccessToken.java. Using fallback presentation compiler.
2026.05.08 22:17:26 INFO  no build target found for /Users/zachwinslett/Code/strava-cli/src/main/java/com/zwinslett/strava/api/AccessToken.java. Using fallback presentation compiler.
2026.05.08 22:17:26 INFO  no build target found for /Users/zachwinslett/Code/strava-cli/src/main/java/com/zwinslett/strava/api/AccessToken.java. Using fallback presentation compiler.
2026.05.08 22:17:27 INFO  no build target found for /Users/zachwinslett/Code/strava-cli/src/main/java/com/zwinslett/strava/api/AccessToken.java. Using fallback presentation compiler.
2026.05.08 22:17:27 INFO  no build target found for /Users/zachwinslett/Code/strava-cli/src/main/java/com/zwinslett/strava/api/AccessToken.java. Using fallback presentation compiler.
2026.05.08 22:17:27 INFO  no build target found for /Users/zachwinslett/Code/strava-cli/src/main/java/com/zwinslett/strava/api/AccessToken.java. Using fallback presentation compiler.
2026.05.08 22:17:27 INFO  no build target found for /Users/zachwinslett/Code/strava-cli/src/main/java/com/zwinslett/strava/api/AccessToken.java. Using fallback presentation compiler.
2026.05.08 22:17:27 INFO  no build target found for /Users/zachwinslett/Code/strava-cli/src/main/java/com/zwinslett/strava/api/AccessToken.java. Using fallback presentation compiler.
2026.05.08 22:17:28 INFO  no build target found for /Users/zachwinslett/Code/strava-cli/src/main/java/com/zwinslett/strava/api/AccessToken.java. Using fallback presentation compiler.
2026.05.08 22:17:27 INFO  no build target found for /Users/zachwinslett/Code/strava-cli/src/main/java/com/zwinslett/strava/api/AccessToken.java. Using fallback presentation compiler.
2026.05.08 22:17:29 INFO  no build target found for /Users/zachwinslett/Code/strava-cli/src/main/java/com/zwinslett/strava/api/AccessToken.java. Using fallback presentation compiler.
2026.05.08 22:17:29 INFO  no build target found for /Users/zachwinslett/Code/strava-cli/src/main/java/com/zwinslett/strava/api/AccessToken.java. Using fallback presentation compiler.
2026.05.08 22:17:29 INFO  no build target found for /Users/zachwinslett/Code/strava-cli/src/main/java/com/zwinslett/strava/api/AccessToken.java. Using fallback presentation compiler.
2026.05.08 22:17:29 INFO  no build target found for /Users/zachwinslett/Code/strava-cli/src/main/java/com/zwinslett/strava/api/AccessToken.java. Using fallback presentation compiler.
2026.05.08 22:17:29 INFO  no build target found for /Users/zachwinslett/Code/strava-cli/src/main/java/com/zwinslett/strava/api/AccessToken.java. Using fallback presentation compiler.
2026.05.08 22:17:29 INFO  no build target found for /Users/zachwinslett/Code/strava-cli/src/main/java/com/zwinslett/strava/api/AccessToken.java. Using fallback presentation compiler.
2026.05.08 22:17:29 INFO  no build target found for /Users/zachwinslett/Code/strava-cli/src/main/java/com/zwinslett/strava/api/AccessToken.java. Using fallback presentation compiler.
2026.05.08 22:17:29 INFO  no build target found for /Users/zachwinslett/Code/strava-cli/src/main/java/com/zwinslett/strava/api/AccessToken.java. Using fallback presentation compiler.
2026.05.08 22:17:29 INFO  no build target found for /Users/zachwinslett/Code/strava-cli/src/main/java/com/zwinslett/strava/api/AccessToken.java. Using fallback presentation compiler.
2026.05.08 22:17:30 INFO  no build target found for /Users/zachwinslett/Code/strava-cli/src/main/java/com/zwinslett/strava/api/AccessToken.java. Using fallback presentation compiler.
2026.05.08 22:17:29 INFO  no build target found for /Users/zachwinslett/Code/strava-cli/src/main/java/com/zwinslett/strava/api/AccessToken.java. Using fallback presentation compiler.
2026.05.08 22:17:30 INFO  no build target found for /Users/zachwinslett/Code/strava-cli/src/main/java/com/zwinslett/strava/api/AccessToken.java. Using fallback presentation compiler.
2026.05.08 22:17:31 INFO  no build target found for /Users/zachwinslett/Code/strava-cli/src/main/java/com/zwinslett/strava/api/AccessToken.java. Using fallback presentation compiler.
2026.05.08 22:17:31 INFO  no build target found for /Users/zachwinslett/Code/strava-cli/src/main/java/com/zwinslett/strava/api/AccessToken.java. Using fallback presentation compiler.
2026.05.08 22:17:31 INFO  no build target found for /Users/zachwinslett/Code/strava-cli/src/main/java/com/zwinslett/strava/api/AccessToken.java. Using fallback presentation compiler.
2026.05.08 22:17:31 INFO  no build target found for /Users/zachwinslett/Code/strava-cli/src/main/java/com/zwinslett/strava/api/AccessToken.java. Using fallback presentation compiler.
2026.05.08 22:17:31 INFO  no build target found for /Users/zachwinslett/Code/strava-cli/src/main/java/com/zwinslett/strava/api/AccessToken.java. Using fallback presentation compiler.
2026.05.08 22:17:32 INFO  no build target found for /Users/zachwinslett/Code/strava-cli/src/main/java/com/zwinslett/strava/api/AccessToken.java. Using fallback presentation compiler.
2026.05.08 22:17:32 INFO  no build target found for /Users/zachwinslett/Code/strava-cli/src/main/java/com/zwinslett/strava/api/AccessToken.java. Using fallback presentation compiler.
2026.05.08 22:17:32 INFO  no build target found for /Users/zachwinslett/Code/strava-cli/src/main/java/com/zwinslett/strava/api/AccessToken.java. Using fallback presentation compiler.
2026.05.08 22:17:32 INFO  no build target found for /Users/zachwinslett/Code/strava-cli/src/main/java/com/zwinslett/strava/api/AccessToken.java. Using fallback presentation compiler.
2026.05.08 22:17:32 INFO  no build target found for /Users/zachwinslett/Code/strava-cli/src/main/java/com/zwinslett/strava/api/AccessToken.java. Using fallback presentation compiler.
2026.05.08 22:17:38 INFO  no build target found for /Users/zachwinslett/Code/strava-cli/src/main/java/com/zwinslett/strava/api/AccessToken.java. Using fallback presentation compiler.
2026.05.08 22:17:38 INFO  no build target found for /Users/zachwinslett/Code/strava-cli/src/main/java/com/zwinslett/strava/api/AccessToken.java. Using fallback presentation compiler.
2026.05.08 22:17:39 INFO  no build target found for /Users/zachwinslett/Code/strava-cli/src/main/java/com/zwinslett/strava/api/AccessToken.java. Using fallback presentation compiler.
2026.05.08 22:17:40 WARN  no build target for: /Users/zachwinslett/Code/strava-cli/src/main/java/com/zwinslett/strava/api/AccessToken.java
2026.05.08 22:17:39 INFO  no build target found for /Users/zachwinslett/Code/strava-cli/src/main/java/com/zwinslett/strava/api/AccessToken.java. Using fallback presentation compiler.
2026.05.08 22:17:39 WARN  no build target for: /Users/zachwinslett/Code/strava-cli/src/main/java/com/zwinslett/strava/api/StravaAPIClient.java
2026.05.08 22:17:40 INFO  no build target found for /Users/zachwinslett/Code/strava-cli/src/main/java/com/zwinslett/strava/api/StravaAPIClient.java. Using fallback presentation compiler.
2026.05.08 22:17:40 INFO  no build target found for /Users/zachwinslett/Code/strava-cli/src/main/java/com/zwinslett/strava/api/StravaAPIClient.java. Using fallback presentation compiler.
2026.05.08 22:17:43 INFO  no build target found for /Users/zachwinslett/Code/strava-cli/src/main/java/com/zwinslett/strava/api/StravaAPIClient.java. Using fallback presentation compiler.
2026.05.08 22:17:49 INFO  no build target found for /Users/zachwinslett/Code/strava-cli/src/main/java/com/zwinslett/strava/api/StravaAPIClient.java. Using fallback presentation compiler.
2026.05.08 22:17:50 INFO  no build target found for /Users/zachwinslett/Code/strava-cli/src/main/java/com/zwinslett/strava/api/StravaAPIClient.java. Using fallback presentation compiler.
2026.05.08 22:17:53 INFO  no build target found for /Users/zachwinslett/Code/strava-cli/src/main/java/com/zwinslett/strava/api/StravaAPIClient.java. Using fallback presentation compiler.
2026.05.08 22:18:00 WARN  no build target for: /Users/zachwinslett/Code/strava-cli/src/main/java/com/zwinslett/strava/api/AccessToken.java
2026.05.08 22:18:00 INFO  no build target found for /Users/zachwinslett/Code/strava-cli/src/main/java/com/zwinslett/strava/api/AccessToken.java. Using fallback presentation compiler.
2026.05.08 22:18:00 INFO  no build target found for /Users/zachwinslett/Code/strava-cli/src/main/java/com/zwinslett/strava/api/AccessToken.java. Using fallback presentation compiler.
2026.05.08 22:18:01 WARN  no build target for: /Users/zachwinslett/Code/strava-cli/src/main/java/com/zwinslett/strava/api/AccessToken.java
2026.05.08 22:18:01 INFO  no build target found for /Users/zachwinslett/Code/strava-cli/src/main/java/com/zwinslett/strava/api/AccessToken.java. Using fallback presentation compiler.
2026.05.08 22:18:03 INFO  no build target found for /Users/zachwinslett/Code/strava-cli/src/main/java/com/zwinslett/strava/api/AccessToken.java. Using fallback presentation compiler.
2026.05.08 22:18:07 WARN  no build target for: /Users/zachwinslett/Code/strava-cli/src/main/java/com/zwinslett/strava/api/StravaAPIClient.java
2026.05.08 22:18:07 INFO  no build target found for /Users/zachwinslett/Code/strava-cli/src/main/java/com/zwinslett/strava/api/StravaAPIClient.java. Using fallback presentation compiler.
2026.05.08 22:18:07 INFO  no build target found for /Users/zachwinslett/Code/strava-cli/src/main/java/com/zwinslett/strava/api/StravaAPIClient.java. Using fallback presentation compiler.
2026.05.08 22:18:07 INFO  no build target found for /Users/zachwinslett/Code/strava-cli/src/main/java/com/zwinslett/strava/api/StravaAPIClient.java. Using fallback presentation compiler.
2026.05.08 22:18:07 INFO  no build target found for /Users/zachwinslett/Code/strava-cli/src/main/java/com/zwinslett/strava/api/StravaAPIClient.java. Using fallback presentation compiler.
2026.05.08 22:18:09 INFO  no build target found for /Users/zachwinslett/Code/strava-cli/src/main/java/com/zwinslett/strava/api/StravaAPIClient.java. Using fallback presentation compiler.
2026.05.08 22:18:09 INFO  no build target found for /Users/zachwinslett/Code/strava-cli/src/main/java/com/zwinslett/strava/api/StravaAPIClient.java. Using fallback presentation compiler.
2026.05.08 22:18:10 INFO  no build target found for /Users/zachwinslett/Code/strava-cli/src/main/java/com/zwinslett/strava/api/StravaAPIClient.java. Using fallback presentation compiler.
2026.05.08 22:18:10 INFO  no build target found for /Users/zachwinslett/Code/strava-cli/src/main/java/com/zwinslett/strava/api/StravaAPIClient.java. Using fallback presentation compiler.
2026.05.08 22:18:12 INFO  no build target found for /Users/zachwinslett/Code/strava-cli/src/main/java/com/zwinslett/strava/api/StravaAPIClient.java. Using fallback presentation compiler.
2026.05.08 22:18:12 INFO  no build target found for /Users/zachwinslett/Code/strava-cli/src/main/java/com/zwinslett/strava/api/StravaAPIClient.java. Using fallback presentation compiler.
2026.05.08 22:18:12 INFO  no build target found for /Users/zachwinslett/Code/strava-cli/src/main/java/com/zwinslett/strava/api/StravaAPIClient.java. Using fallback presentation compiler.
2026.05.08 22:18:13 INFO  no build target found for /Users/zachwinslett/Code/strava-cli/src/main/java/com/zwinslett/strava/api/StravaAPIClient.java. Using fallback presentation compiler.
2026.05.08 22:18:14 INFO  no build target found for /Users/zachwinslett/Code/strava-cli/src/main/java/com/zwinslett/strava/api/StravaAPIClient.java. Using fallback presentation compiler.
2026.05.08 22:18:14 INFO  no build target found for /Users/zachwinslett/Code/strava-cli/src/main/java/com/zwinslett/strava/api/StravaAPIClient.java. Using fallback presentation compiler.
2026.05.08 22:18:16 INFO  no build target found for /Users/zachwinslett/Code/strava-cli/src/main/java/com/zwinslett/strava/api/StravaAPIClient.java. Using fallback presentation compiler.
2026.05.08 22:18:18 INFO  no build target found for /Users/zachwinslett/Code/strava-cli/src/main/java/com/zwinslett/strava/api/StravaAPIClient.java. Using fallback presentation compiler.
2026.05.08 22:18:18 INFO  no build target found for /Users/zachwinslett/Code/strava-cli/src/main/java/com/zwinslett/strava/api/StravaAPIClient.java. Using fallback presentation compiler.
2026.05.08 22:19:02 INFO  no build target found for /Users/zachwinslett/Code/strava-cli/src/main/java/com/zwinslett/strava/api/AccessToken.java. Using fallback presentation compiler.
2026.05.08 22:19:02 WARN  no build target for: /Users/zachwinslett/Code/strava-cli/src/main/java/com/zwinslett/strava/api/AccessToken.java
2026.05.08 22:19:02 INFO  no build target found for /Users/zachwinslett/Code/strava-cli/src/main/java/com/zwinslett/strava/api/AccessToken.java. Using fallback presentation compiler.
2026.05.08 22:19:13 INFO  no build target found for /Users/zachwinslett/Code/strava-cli/src/main/java/com/zwinslett/strava/api/AccessToken.java. Using fallback presentation compiler.
2026.05.08 22:19:14 INFO  no build target found for /Users/zachwinslett/Code/strava-cli/src/main/java/com/zwinslett/strava/api/AccessToken.java. Using fallback presentation compiler.
2026.05.08 22:20:07 WARN  no build target for: /Users/zachwinslett/Code/strava-cli/src/main/java/com/zwinslett/strava/api/StravaAPIClient.java
2026.05.08 22:20:07 INFO  no build target found for /Users/zachwinslett/Code/strava-cli/src/main/java/com/zwinslett/strava/api/StravaAPIClient.java. Using fallback presentation compiler.
2026.05.08 22:20:07 INFO  no build target found for /Users/zachwinslett/Code/strava-cli/src/main/java/com/zwinslett/strava/api/StravaAPIClient.java. Using fallback presentation compiler.
2026.05.08 22:20:07 INFO  no build target found for /Users/zachwinslett/Code/strava-cli/src/main/java/com/zwinslett/strava/api/StravaAPIClient.java. Using fallback presentation compiler.
2026.05.08 22:20:07 INFO  no build target found for /Users/zachwinslett/Code/strava-cli/src/main/java/com/zwinslett/strava/api/StravaAPIClient.java. Using fallback presentation compiler.
2026.05.08 22:20:07 INFO  no build target found for /Users/zachwinslett/Code/strava-cli/src/main/java/com/zwinslett/strava/api/StravaAPIClient.java. Using fallback presentation compiler.
2026.05.08 22:20:11 INFO  no build target found for /Users/zachwinslett/Code/strava-cli/src/main/java/com/zwinslett/strava/api/StravaAPIClient.java. Using fallback presentation compiler.
2026.05.08 22:20:11 INFO  no build target found for /Users/zachwinslett/Code/strava-cli/src/main/java/com/zwinslett/strava/api/StravaAPIClient.java. Using fallback presentation compiler.
2026.05.08 22:20:45 INFO  no build target found for /Users/zachwinslett/Code/strava-cli/src/main/java/com/zwinslett/strava/model/Activity.java. Using fallback presentation compiler.
2026.05.08 22:20:45 WARN  no build target for: /Users/zachwinslett/Code/strava-cli/src/main/java/com/zwinslett/strava/model/Activity.java
2026.05.08 22:20:45 INFO  no build target found for /Users/zachwinslett/Code/strava-cli/src/main/java/com/zwinslett/strava/model/Activity.java. Using fallback presentation compiler.
2026.05.08 22:20:45 INFO  no build target found for /Users/zachwinslett/Code/strava-cli/src/main/java/com/zwinslett/strava/model/Activity.java. Using fallback presentation compiler.
2026.05.08 22:20:46 INFO  no build target found for /Users/zachwinslett/Code/strava-cli/src/main/java/com/zwinslett/strava/api/AccessToken.java. Using fallback presentation compiler.
2026.05.08 22:20:46 WARN  no build target for: /Users/zachwinslett/Code/strava-cli/src/main/java/com/zwinslett/strava/api/AccessToken.java
2026.05.08 22:20:46 INFO  no build target found for /Users/zachwinslett/Code/strava-cli/src/main/java/com/zwinslett/strava/api/AccessToken.java. Using fallback presentation compiler.
2026.05.08 22:20:46 INFO  no build target found for /Users/zachwinslett/Code/strava-cli/src/main/java/com/zwinslett/strava/api/AccessToken.java. Using fallback presentation compiler.
2026.05.08 22:20:46 INFO  no build target found for /Users/zachwinslett/Code/strava-cli/src/main/java/com/zwinslett/strava/api/AccessToken.java. Using fallback presentation compiler.
2026.05.08 22:20:47 INFO  no build target found for /Users/zachwinslett/Code/strava-cli/src/main/java/com/zwinslett/strava/api/AccessToken.java. Using fallback presentation compiler.
2026.05.08 22:20:47 INFO  no build target found for /Users/zachwinslett/Code/strava-cli/src/main/java/com/zwinslett/strava/api/AccessToken.java. Using fallback presentation compiler.
May 08, 2026 10:20:48 PM org.eclipse.lsp4j.jsonrpc.RemoteEndpoint fallbackResponseError
SEVERE: Internal error: Range [-1, 122) out of bounds for length 125
java.lang.StringIndexOutOfBoundsException: Range [-1, 122) out of bounds for length 125
	at java.base/jdk.internal.util.Preconditions$1.apply(Preconditions.java:55)
	at java.base/jdk.internal.util.Preconditions$1.apply(Preconditions.java:52)
	at java.base/jdk.internal.util.Preconditions$4.apply(Preconditions.java:213)
	at java.base/jdk.internal.util.Preconditions$4.apply(Preconditions.java:210)
	at java.base/jdk.internal.util.Preconditions.outOfBounds(Preconditions.java:98)
	at java.base/jdk.internal.util.Preconditions.outOfBoundsCheckFromToIndex(Preconditions.java:112)
	at java.base/jdk.internal.util.Preconditions.checkFromToIndex(Preconditions.java:349)
	at java.base/java.lang.String.checkBoundsBeginEnd(String.java:4608)
	at java.base/java.lang.String.substring(String.java:2720)
	at scala.meta.internal.pc.JavaMetalsGlobal.findIndentifierStartAndEnd(JavaMetalsGlobal.scala:87)
	at scala.meta.internal.pc.JavaMetalsGlobal.isAtIdentifier(JavaMetalsGlobal.scala:137)
	at scala.meta.internal.pc.JavaDocumentHighlightProvider.atIdentifier$1(JavaDocumentHighlightProvider.scala:53)
	at scala.meta.internal.pc.JavaDocumentHighlightProvider.documentHighlight(JavaDocumentHighlightProvider.scala:55)
	at scala.meta.internal.pc.JavaDocumentHighlightProvider.documentHighlight(JavaDocumentHighlightProvider.scala:25)
	at scala.meta.internal.pc.JavaPresentationCompiler.documentHighlight(JavaPresentationCompiler.scala:112)
	at scala.meta.internal.metals.Compilers.$anonfun$documentHighlight$1(Compilers.scala:908)
	at scala.meta.internal.metals.Compilers.$anonfun$withPCAndAdjustLsp$4(Compilers.scala:1543)
	at scala.Option.map(Option.scala:242)
	at scala.meta.internal.metals.Compilers.$anonfun$withPCAndAdjustLsp$3(Compilers.scala:1543)
	at scala.Option.flatMap(Option.scala:283)
	at scala.meta.internal.metals.Compilers.withPCAndAdjustLsp(Compilers.scala:1535)
	at scala.meta.internal.metals.Compilers.documentHighlight(Compilers.scala:903)
	at scala.meta.internal.metals.MetalsLspService.$anonfun$documentHighlights$1(MetalsLspService.scala:1019)
	at scala.meta.internal.metals.CancelTokens$.future(CancelTokens.scala:38)
	at scala.meta.internal.metals.MetalsLspService.documentHighlights(MetalsLspService.scala:1018)
	at scala.meta.internal.metals.WorkspaceLspService.documentHighlights(WorkspaceLspService.scala:541)
	at scala.meta.metals.lsp.DelegatingScalaService.documentHighlights(DelegatingScalaService.scala:83)
	at java.base/jdk.internal.reflect.DirectMethodHandleAccessor.invoke(DirectMethodHandleAccessor.java:104)
	at java.base/java.lang.reflect.Method.invoke(Method.java:578)
	at org.eclipse.lsp4j.jsonrpc.services.GenericEndpoint.lambda$recursiveFindRpcMethods$0(GenericEndpoint.java:65)
	at org.eclipse.lsp4j.jsonrpc.services.GenericEndpoint.request(GenericEndpoint.java:128)
	at org.eclipse.lsp4j.jsonrpc.RemoteEndpoint.handleRequest(RemoteEndpoint.java:265)
	at org.eclipse.lsp4j.jsonrpc.RemoteEndpoint.consume(RemoteEndpoint.java:195)
	at org.eclipse.lsp4j.jsonrpc.json.StreamMessageProducer.handleMessage(StreamMessageProducer.java:189)
	at org.eclipse.lsp4j.jsonrpc.json.StreamMessageProducer.listen(StreamMessageProducer.java:97)
	at org.eclipse.lsp4j.jsonrpc.json.ConcurrentMessageProcessor.run(ConcurrentMessageProcessor.java:97)
	at java.base/java.util.concurrent.Executors$RunnableAdapter.call(Executors.java:577)
	at java.base/java.util.concurrent.FutureTask.run(FutureTask.java:317)
	at java.base/java.util.concurrent.ThreadPoolExecutor.runWorker(ThreadPoolExecutor.java:1144)
	at java.base/java.util.concurrent.ThreadPoolExecutor$Worker.run(ThreadPoolExecutor.java:642)
	at java.base/java.lang.Thread.run(Thread.java:1623)

2026.05.08 22:20:47 INFO  no build target found for /Users/zachwinslett/Code/strava-cli/src/main/java/com/zwinslett/strava/api/AccessToken.java. Using fallback presentation compiler.
2026.05.08 22:20:47 INFO  no build target found for /Users/zachwinslett/Code/strava-cli/src/main/java/com/zwinslett/strava/api/AccessToken.java. Using fallback presentation compiler.
2026.05.08 22:20:49 INFO  no build target found for /Users/zachwinslett/Code/strava-cli/src/main/java/com/zwinslett/strava/api/AccessToken.java. Using fallback presentation compiler.
2026.05.08 22:20:49 INFO  no build target found for /Users/zachwinslett/Code/strava-cli/src/main/java/com/zwinslett/strava/api/AccessToken.java. Using fallback presentation compiler.
2026.05.08 22:20:49 INFO  no build target found for /Users/zachwinslett/Code/strava-cli/src/main/java/com/zwinslett/strava/api/AccessToken.java. Using fallback presentation compiler.
2026.05.08 22:20:49 INFO  no build target found for /Users/zachwinslett/Code/strava-cli/src/main/java/com/zwinslett/strava/api/AccessToken.java. Using fallback presentation compiler.
2026.05.08 22:20:49 INFO  no build target found for /Users/zachwinslett/Code/strava-cli/src/main/java/com/zwinslett/strava/api/AccessToken.java. Using fallback presentation compiler.
2026.05.08 22:20:50 INFO  no build target found for /Users/zachwinslett/Code/strava-cli/src/main/java/com/zwinslett/strava/api/AccessToken.java. Using fallback presentation compiler.
2026.05.08 22:20:50 INFO  no build target found for /Users/zachwinslett/Code/strava-cli/src/main/java/com/zwinslett/strava/api/AccessToken.java. Using fallback presentation compiler.
2026.05.08 22:20:51 INFO  no build target found for /Users/zachwinslett/Code/strava-cli/src/main/java/com/zwinslett/strava/api/AccessToken.java. Using fallback presentation compiler.
2026.05.08 22:20:51 INFO  no build target found for /Users/zachwinslett/Code/strava-cli/src/main/java/com/zwinslett/strava/api/AccessToken.java. Using fallback presentation compiler.
2026.05.08 22:20:51 INFO  no build target found for /Users/zachwinslett/Code/strava-cli/src/main/java/com/zwinslett/strava/api/AccessToken.java. Using fallback presentation compiler.
2026.05.08 22:20:51 INFO  no build target found for /Users/zachwinslett/Code/strava-cli/src/main/java/com/zwinslett/strava/api/AccessToken.java. Using fallback presentation compiler.
2026.05.08 22:20:51 INFO  no build target found for /Users/zachwinslett/Code/strava-cli/src/main/java/com/zwinslett/strava/api/AccessToken.java. Using fallback presentation compiler.
2026.05.08 22:20:51 INFO  no build target found for /Users/zachwinslett/Code/strava-cli/src/main/java/com/zwinslett/strava/api/AccessToken.java. Using fallback presentation compiler.
2026.05.08 22:20:51 INFO  no build target found for /Users/zachwinslett/Code/strava-cli/src/main/java/com/zwinslett/strava/api/AccessToken.java. Using fallback presentation compiler.
2026.05.08 22:20:51 INFO  no build target found for /Users/zachwinslett/Code/strava-cli/src/main/java/com/zwinslett/strava/api/AccessToken.java. Using fallback presentation compiler.
2026.05.08 22:20:51 INFO  no build target found for /Users/zachwinslett/Code/strava-cli/src/main/java/com/zwinslett/strava/api/AccessToken.java. Using fallback presentation compiler.
2026.05.08 22:20:51 INFO  no build target found for /Users/zachwinslett/Code/strava-cli/src/main/java/com/zwinslett/strava/api/AccessToken.java. Using fallback presentation compiler.
2026.05.08 22:20:51 INFO  no build target found for /Users/zachwinslett/Code/strava-cli/src/main/java/com/zwinslett/strava/api/AccessToken.java. Using fallback presentation compiler.
2026.05.08 22:20:51 INFO  no build target found for /Users/zachwinslett/Code/strava-cli/src/main/java/com/zwinslett/strava/api/AccessToken.java. Using fallback presentation compiler.
2026.05.08 22:20:51 INFO  no build target found for /Users/zachwinslett/Code/strava-cli/src/main/java/com/zwinslett/strava/api/AccessToken.java. Using fallback presentation compiler.
2026.05.08 22:20:51 INFO  no build target found for /Users/zachwinslett/Code/strava-cli/src/main/java/com/zwinslett/strava/api/AccessToken.java. Using fallback presentation compiler.
2026.05.08 22:20:52 INFO  no build target found for /Users/zachwinslett/Code/strava-cli/src/main/java/com/zwinslett/strava/api/AccessToken.java. Using fallback presentation compiler.
2026.05.08 22:20:52 INFO  no build target found for /Users/zachwinslett/Code/strava-cli/src/main/java/com/zwinslett/strava/api/AccessToken.java. Using fallback presentation compiler.
2026.05.08 22:20:52 INFO  no build target found for /Users/zachwinslett/Code/strava-cli/src/main/java/com/zwinslett/strava/api/AccessToken.java. Using fallback presentation compiler.
2026.05.08 22:20:52 INFO  no build target found for /Users/zachwinslett/Code/strava-cli/src/main/java/com/zwinslett/strava/api/AccessToken.java. Using fallback presentation compiler.
2026.05.08 22:20:53 INFO  no build target found for /Users/zachwinslett/Code/strava-cli/src/main/java/com/zwinslett/strava/api/AccessToken.java. Using fallback presentation compiler.
2026.05.08 22:20:52 INFO  no build target found for /Users/zachwinslett/Code/strava-cli/src/main/java/com/zwinslett/strava/api/AccessToken.java. Using fallback presentation compiler.
2026.05.08 22:20:52 INFO  no build target found for /Users/zachwinslett/Code/strava-cli/src/main/java/com/zwinslett/strava/api/AccessToken.java. Using fallback presentation compiler.
2026.05.08 22:20:52 INFO  no build target found for /Users/zachwinslett/Code/strava-cli/src/main/java/com/zwinslett/strava/api/AccessToken.java. Using fallback presentation compiler.
2026.05.08 22:20:53 INFO  no build target found for /Users/zachwinslett/Code/strava-cli/src/main/java/com/zwinslett/strava/api/AccessToken.java. Using fallback presentation compiler.
2026.05.08 22:20:52 INFO  no build target found for /Users/zachwinslett/Code/strava-cli/src/main/java/com/zwinslett/strava/api/AccessToken.java. Using fallback presentation compiler.
2026.05.08 22:20:52 INFO  no build target found for /Users/zachwinslett/Code/strava-cli/src/main/java/com/zwinslett/strava/api/AccessToken.java. Using fallback presentation compiler.
2026.05.08 22:20:52 INFO  no build target found for /Users/zachwinslett/Code/strava-cli/src/main/java/com/zwinslett/strava/api/AccessToken.java. Using fallback presentation compiler.
2026.05.08 22:20:52 INFO  no build target found for /Users/zachwinslett/Code/strava-cli/src/main/java/com/zwinslett/strava/api/AccessToken.java. Using fallback presentation compiler.
2026.05.08 22:20:53 INFO  no build target found for /Users/zachwinslett/Code/strava-cli/src/main/java/com/zwinslett/strava/api/AccessToken.java. Using fallback presentation compiler.
2026.05.08 22:20:53 INFO  no build target found for /Users/zachwinslett/Code/strava-cli/src/main/java/com/zwinslett/strava/api/AccessToken.java. Using fallback presentation compiler.
2026.05.08 22:20:53 INFO  no build target found for /Users/zachwinslett/Code/strava-cli/src/main/java/com/zwinslett/strava/api/AccessToken.java. Using fallback presentation compiler.
2026.05.08 22:20:53 INFO  no build target found for /Users/zachwinslett/Code/strava-cli/src/main/java/com/zwinslett/strava/api/AccessToken.java. Using fallback presentation compiler.
2026.05.08 22:20:55 INFO  no build target found for /Users/zachwinslett/Code/strava-cli/src/main/java/com/zwinslett/strava/api/AccessToken.java. Using fallback presentation compiler.
2026.05.08 22:20:55 WARN  no build target for: /Users/zachwinslett/Code/strava-cli/src/main/java/com/zwinslett/strava/api/AccessToken.java
2026.05.08 22:20:55 INFO  no build target found for /Users/zachwinslett/Code/strava-cli/src/main/java/com/zwinslett/strava/api/AccessToken.java. Using fallback presentation compiler.
2026.05.08 22:20:55 INFO  no build target found for /Users/zachwinslett/Code/strava-cli/src/main/java/com/zwinslett/strava/api/AccessToken.java. Using fallback presentation compiler.
2026.05.08 22:20:55 INFO  no build target found for /Users/zachwinslett/Code/strava-cli/src/main/java/com/zwinslett/strava/api/AccessToken.java. Using fallback presentation compiler.
2026.05.08 22:20:55 WARN  no build target for: /Users/zachwinslett/Code/strava-cli/src/main/java/com/zwinslett/strava/api/StravaAPIClient.java
2026.05.08 22:20:56 INFO  no build target found for /Users/zachwinslett/Code/strava-cli/src/main/java/com/zwinslett/strava/api/StravaAPIClient.java. Using fallback presentation compiler.
2026.05.08 22:20:56 INFO  no build target found for /Users/zachwinslett/Code/strava-cli/src/main/java/com/zwinslett/strava/api/StravaAPIClient.java. Using fallback presentation compiler.
2026.05.08 22:20:56 INFO  no build target found for /Users/zachwinslett/Code/strava-cli/src/main/java/com/zwinslett/strava/api/StravaAPIClient.java. Using fallback presentation compiler.
2026.05.08 22:20:56 INFO  no build target found for /Users/zachwinslett/Code/strava-cli/src/main/java/com/zwinslett/strava/api/StravaAPIClient.java. Using fallback presentation compiler.
2026.05.08 22:20:57 INFO  no build target found for /Users/zachwinslett/Code/strava-cli/src/main/java/com/zwinslett/strava/api/StravaAPIClient.java. Using fallback presentation compiler.
2026.05.08 22:20:58 INFO  no build target found for /Users/zachwinslett/Code/strava-cli/src/main/java/com/zwinslett/strava/api/StravaAPIClient.java. Using fallback presentation compiler.
2026.05.08 22:20:58 INFO  no build target found for /Users/zachwinslett/Code/strava-cli/src/main/java/com/zwinslett/strava/api/StravaAPIClient.java. Using fallback presentation compiler.
2026.05.08 22:21:00 INFO  no build target found for /Users/zachwinslett/Code/strava-cli/src/main/java/com/zwinslett/strava/api/StravaAPIClient.java. Using fallback presentation compiler.
2026.05.08 22:21:00 INFO  no build target found for /Users/zachwinslett/Code/strava-cli/src/main/java/com/zwinslett/strava/api/StravaAPIClient.java. Using fallback presentation compiler.
2026.05.08 22:21:00 INFO  no build target found for /Users/zachwinslett/Code/strava-cli/src/main/java/com/zwinslett/strava/api/StravaAPIClient.java. Using fallback presentation compiler.
2026.05.08 22:21:00 INFO  no build target found for /Users/zachwinslett/Code/strava-cli/src/main/java/com/zwinslett/strava/api/StravaAPIClient.java. Using fallback presentation compiler.
2026.05.08 22:21:00 INFO  no build target found for /Users/zachwinslett/Code/strava-cli/src/main/java/com/zwinslett/strava/api/StravaAPIClient.java. Using fallback presentation compiler.
2026.05.08 22:21:01 WARN  no build target for: /Users/zachwinslett/Code/strava-cli/src/main/java/com/zwinslett/strava/api/StravaAPIClient.java
2026.05.08 22:21:01 INFO  no build target found for /Users/zachwinslett/Code/strava-cli/src/main/java/com/zwinslett/strava/api/StravaAPIClient.java. Using fallback presentation compiler.
2026.05.08 22:21:02 INFO  no build target found for /Users/zachwinslett/Code/strava-cli/src/main/java/com/zwinslett/strava/api/StravaAPIClient.java. Using fallback presentation compiler.
2026.05.08 22:21:07 INFO  no build target found for /Users/zachwinslett/Code/strava-cli/src/main/java/com/zwinslett/strava/api/StravaAPIClient.java. Using fallback presentation compiler.
2026.05.08 22:21:07 INFO  no build target found for /Users/zachwinslett/Code/strava-cli/src/main/java/com/zwinslett/strava/api/StravaAPIClient.java. Using fallback presentation compiler.
2026.05.08 22:21:08 INFO  no build target found for /Users/zachwinslett/Code/strava-cli/src/main/java/com/zwinslett/strava/api/StravaAPIClient.java. Using fallback presentation compiler.
2026.05.08 22:21:08 INFO  no build target found for /Users/zachwinslett/Code/strava-cli/src/main/java/com/zwinslett/strava/api/StravaAPIClient.java. Using fallback presentation compiler.
2026.05.08 22:21:15 INFO  no build target found for /Users/zachwinslett/Code/strava-cli/src/main/java/com/zwinslett/strava/api/StravaAPIClient.java. Using fallback presentation compiler.
2026.05.08 22:21:15 INFO  no build target found for /Users/zachwinslett/Code/strava-cli/src/main/java/com/zwinslett/strava/api/StravaAPIClient.java. Using fallback presentation compiler.
2026.05.08 22:21:15 INFO  no build target found for /Users/zachwinslett/Code/strava-cli/src/main/java/com/zwinslett/strava/api/StravaAPIClient.java. Using fallback presentation compiler.
2026.05.08 22:21:15 INFO  no build target found for /Users/zachwinslett/Code/strava-cli/src/main/java/com/zwinslett/strava/api/StravaAPIClient.java. Using fallback presentation compiler.
2026.05.08 22:21:15 INFO  no build target found for /Users/zachwinslett/Code/strava-cli/src/main/java/com/zwinslett/strava/api/StravaAPIClient.java. Using fallback presentation compiler.
2026.05.08 22:21:15 INFO  no build target found for /Users/zachwinslett/Code/strava-cli/src/main/java/com/zwinslett/strava/api/StravaAPIClient.java. Using fallback presentation compiler.
2026.05.08 22:21:15 INFO  no build target found for /Users/zachwinslett/Code/strava-cli/src/main/java/com/zwinslett/strava/api/StravaAPIClient.java. Using fallback presentation compiler.
2026.05.08 22:21:15 INFO  no build target found for /Users/zachwinslett/Code/strava-cli/src/main/java/com/zwinslett/strava/api/StravaAPIClient.java. Using fallback presentation compiler.
2026.05.08 22:21:15 INFO  no build target found for /Users/zachwinslett/Code/strava-cli/src/main/java/com/zwinslett/strava/api/StravaAPIClient.java. Using fallback presentation compiler.
2026.05.08 22:21:15 INFO  no build target found for /Users/zachwinslett/Code/strava-cli/src/main/java/com/zwinslett/strava/api/StravaAPIClient.java. Using fallback presentation compiler.
2026.05.08 22:21:16 INFO  no build target found for /Users/zachwinslett/Code/strava-cli/src/main/java/com/zwinslett/strava/api/StravaAPIClient.java. Using fallback presentation compiler.
2026.05.08 22:21:16 INFO  no build target found for /Users/zachwinslett/Code/strava-cli/src/main/java/com/zwinslett/strava/api/StravaAPIClient.java. Using fallback presentation compiler.
2026.05.08 22:21:16 INFO  no build target found for /Users/zachwinslett/Code/strava-cli/src/main/java/com/zwinslett/strava/api/StravaAPIClient.java. Using fallback presentation compiler.
2026.05.08 22:21:16 INFO  no build target found for /Users/zachwinslett/Code/strava-cli/src/main/java/com/zwinslett/strava/api/StravaAPIClient.java. Using fallback presentation compiler.
2026.05.08 22:21:16 INFO  no build target found for /Users/zachwinslett/Code/strava-cli/src/main/java/com/zwinslett/strava/api/StravaAPIClient.java. Using fallback presentation compiler.
2026.05.08 22:21:15 INFO  no build target found for /Users/zachwinslett/Code/strava-cli/src/main/java/com/zwinslett/strava/api/StravaAPIClient.java. Using fallback presentation compiler.
2026.05.08 22:21:16 INFO  no build target found for /Users/zachwinslett/Code/strava-cli/src/main/java/com/zwinslett/strava/api/StravaAPIClient.java. Using fallback presentation compiler.
2026.05.08 22:21:16 INFO  no build target found for /Users/zachwinslett/Code/strava-cli/src/main/java/com/zwinslett/strava/api/StravaAPIClient.java. Using fallback presentation compiler.
2026.05.08 22:21:16 INFO  no build target found for /Users/zachwinslett/Code/strava-cli/src/main/java/com/zwinslett/strava/api/StravaAPIClient.java. Using fallback presentation compiler.
2026.05.08 22:21:16 INFO  no build target found for /Users/zachwinslett/Code/strava-cli/src/main/java/com/zwinslett/strava/api/StravaAPIClient.java. Using fallback presentation compiler.
2026.05.08 22:21:16 INFO  no build target found for /Users/zachwinslett/Code/strava-cli/src/main/java/com/zwinslett/strava/api/StravaAPIClient.java. Using fallback presentation compiler.
2026.05.08 22:21:17 INFO  no build target found for /Users/zachwinslett/Code/strava-cli/src/main/java/com/zwinslett/strava/api/StravaAPIClient.java. Using fallback presentation compiler.
2026.05.08 22:21:17 INFO  no build target found for /Users/zachwinslett/Code/strava-cli/src/main/java/com/zwinslett/strava/api/StravaAPIClient.java. Using fallback presentation compiler.
2026.05.08 22:21:17 INFO  no build target found for /Users/zachwinslett/Code/strava-cli/src/main/java/com/zwinslett/strava/api/StravaAPIClient.java. Using fallback presentation compiler.
2026.05.08 22:21:17 INFO  no build target found for /Users/zachwinslett/Code/strava-cli/src/main/java/com/zwinslett/strava/api/StravaAPIClient.java. Using fallback presentation compiler.
2026.05.08 22:21:17 INFO  no build target found for /Users/zachwinslett/Code/strava-cli/src/main/java/com/zwinslett/strava/api/StravaAPIClient.java. Using fallback presentation compiler.
2026.05.08 22:21:18 INFO  no build target found for /Users/zachwinslett/Code/strava-cli/src/main/java/com/zwinslett/strava/api/StravaAPIClient.java. Using fallback presentation compiler.
2026.05.08 22:21:18 INFO  no build target found for /Users/zachwinslett/Code/strava-cli/src/main/java/com/zwinslett/strava/api/StravaAPIClient.java. Using fallback presentation compiler.
2026.05.08 22:21:18 INFO  no build target found for /Users/zachwinslett/Code/strava-cli/src/main/java/com/zwinslett/strava/api/StravaAPIClient.java. Using fallback presentation compiler.
2026.05.08 22:21:18 INFO  no build target found for /Users/zachwinslett/Code/strava-cli/src/main/java/com/zwinslett/strava/api/StravaAPIClient.java. Using fallback presentation compiler.
2026.05.08 22:21:18 INFO  no build target found for /Users/zachwinslett/Code/strava-cli/src/main/java/com/zwinslett/strava/api/StravaAPIClient.java. Using fallback presentation compiler.
2026.05.08 22:21:18 INFO  no build target found for /Users/zachwinslett/Code/strava-cli/src/main/java/com/zwinslett/strava/api/StravaAPIClient.java. Using fallback presentation compiler.
2026.05.08 22:21:18 INFO  no build target found for /Users/zachwinslett/Code/strava-cli/src/main/java/com/zwinslett/strava/api/StravaAPIClient.java. Using fallback presentation compiler.
2026.05.08 22:21:18 INFO  no build target found for /Users/zachwinslett/Code/strava-cli/src/main/java/com/zwinslett/strava/api/StravaAPIClient.java. Using fallback presentation compiler.
2026.05.08 22:21:19 INFO  no build target found for /Users/zachwinslett/Code/strava-cli/src/main/java/com/zwinslett/strava/api/StravaAPIClient.java. Using fallback presentation compiler.
2026.05.08 22:21:18 INFO  no build target found for /Users/zachwinslett/Code/strava-cli/src/main/java/com/zwinslett/strava/api/StravaAPIClient.java. Using fallback presentation compiler.
2026.05.08 22:21:19 INFO  no build target found for /Users/zachwinslett/Code/strava-cli/src/main/java/com/zwinslett/strava/api/StravaAPIClient.java. Using fallback presentation compiler.
2026.05.08 22:21:19 INFO  no build target found for /Users/zachwinslett/Code/strava-cli/src/main/java/com/zwinslett/strava/api/StravaAPIClient.java. Using fallback presentation compiler.
2026.05.08 22:21:19 INFO  no build target found for /Users/zachwinslett/Code/strava-cli/src/main/java/com/zwinslett/strava/api/StravaAPIClient.java. Using fallback presentation compiler.
2026.05.08 22:21:19 INFO  no build target found for /Users/zachwinslett/Code/strava-cli/src/main/java/com/zwinslett/strava/api/StravaAPIClient.java. Using fallback presentation compiler.
2026.05.08 22:21:19 INFO  no build target found for /Users/zachwinslett/Code/strava-cli/src/main/java/com/zwinslett/strava/api/StravaAPIClient.java. Using fallback presentation compiler.
2026.05.08 22:21:19 INFO  no build target found for /Users/zachwinslett/Code/strava-cli/src/main/java/com/zwinslett/strava/api/StravaAPIClient.java. Using fallback presentation compiler.
2026.05.08 22:21:19 INFO  no build target found for /Users/zachwinslett/Code/strava-cli/src/main/java/com/zwinslett/strava/api/StravaAPIClient.java. Using fallback presentation compiler.
2026.05.08 22:21:19 INFO  no build target found for /Users/zachwinslett/Code/strava-cli/src/main/java/com/zwinslett/strava/api/StravaAPIClient.java. Using fallback presentation compiler.
2026.05.08 22:21:20 INFO  no build target found for /Users/zachwinslett/Code/strava-cli/src/main/java/com/zwinslett/strava/api/StravaAPIClient.java. Using fallback presentation compiler.
2026.05.08 22:21:22 INFO  no build target found for /Users/zachwinslett/Code/strava-cli/src/main/java/com/zwinslett/strava/api/StravaAPIClient.java. Using fallback presentation compiler.
2026.05.08 22:21:22 INFO  no build target found for /Users/zachwinslett/Code/strava-cli/src/main/java/com/zwinslett/strava/api/StravaAPIClient.java. Using fallback presentation compiler.
2026.05.08 22:21:22 INFO  no build target found for /Users/zachwinslett/Code/strava-cli/src/main/java/com/zwinslett/strava/api/StravaAPIClient.java. Using fallback presentation compiler.
2026.05.08 22:21:22 INFO  no build target found for /Users/zachwinslett/Code/strava-cli/src/main/java/com/zwinslett/strava/api/StravaAPIClient.java. Using fallback presentation compiler.
2026.05.08 22:21:22 INFO  no build target found for /Users/zachwinslett/Code/strava-cli/src/main/java/com/zwinslett/strava/api/StravaAPIClient.java. Using fallback presentation compiler.
2026.05.08 22:21:22 INFO  no build target found for /Users/zachwinslett/Code/strava-cli/src/main/java/com/zwinslett/strava/api/StravaAPIClient.java. Using fallback presentation compiler.
2026.05.08 22:21:22 INFO  no build target found for /Users/zachwinslett/Code/strava-cli/src/main/java/com/zwinslett/strava/api/StravaAPIClient.java. Using fallback presentation compiler.
2026.05.08 22:21:22 INFO  no build target found for /Users/zachwinslett/Code/strava-cli/src/main/java/com/zwinslett/strava/api/StravaAPIClient.java. Using fallback presentation compiler.
2026.05.08 22:21:22 INFO  no build target found for /Users/zachwinslett/Code/strava-cli/src/main/java/com/zwinslett/strava/api/StravaAPIClient.java. Using fallback presentation compiler.
2026.05.08 22:21:22 INFO  no build target found for /Users/zachwinslett/Code/strava-cli/src/main/java/com/zwinslett/strava/api/StravaAPIClient.java. Using fallback presentation compiler.
2026.05.08 22:21:22 INFO  no build target found for /Users/zachwinslett/Code/strava-cli/src/main/java/com/zwinslett/strava/api/StravaAPIClient.java. Using fallback presentation compiler.
2026.05.08 22:21:22 INFO  no build target found for /Users/zachwinslett/Code/strava-cli/src/main/java/com/zwinslett/strava/api/StravaAPIClient.java. Using fallback presentation compiler.
2026.05.08 22:21:23 INFO  no build target found for /Users/zachwinslett/Code/strava-cli/src/main/java/com/zwinslett/strava/api/StravaAPIClient.java. Using fallback presentation compiler.
2026.05.08 22:21:23 INFO  no build target found for /Users/zachwinslett/Code/strava-cli/src/main/java/com/zwinslett/strava/api/StravaAPIClient.java. Using fallback presentation compiler.
2026.05.08 22:21:23 INFO  no build target found for /Users/zachwinslett/Code/strava-cli/src/main/java/com/zwinslett/strava/api/StravaAPIClient.java. Using fallback presentation compiler.
2026.05.08 22:21:24 INFO  no build target found for /Users/zachwinslett/Code/strava-cli/src/main/java/com/zwinslett/strava/api/StravaAPIClient.java. Using fallback presentation compiler.
2026.05.08 22:21:23 INFO  no build target found for /Users/zachwinslett/Code/strava-cli/src/main/java/com/zwinslett/strava/api/StravaAPIClient.java. Using fallback presentation compiler.
2026.05.08 22:21:24 INFO  no build target found for /Users/zachwinslett/Code/strava-cli/src/main/java/com/zwinslett/strava/api/StravaAPIClient.java. Using fallback presentation compiler.
2026.05.08 22:21:24 INFO  no build target found for /Users/zachwinslett/Code/strava-cli/src/main/java/com/zwinslett/strava/api/StravaAPIClient.java. Using fallback presentation compiler.
2026.05.08 22:21:24 INFO  no build target found for /Users/zachwinslett/Code/strava-cli/src/main/java/com/zwinslett/strava/api/StravaAPIClient.java. Using fallback presentation compiler.
2026.05.08 22:21:25 INFO  no build target found for /Users/zachwinslett/Code/strava-cli/src/main/java/com/zwinslett/strava/api/StravaAPIClient.java. Using fallback presentation compiler.
2026.05.08 22:21:24 INFO  no build target found for /Users/zachwinslett/Code/strava-cli/src/main/java/com/zwinslett/strava/api/StravaAPIClient.java. Using fallback presentation compiler.
2026.05.08 22:21:27 INFO  no build target found for /Users/zachwinslett/Code/strava-cli/src/main/java/com/zwinslett/strava/api/StravaAPIClient.java. Using fallback presentation compiler.
2026.05.08 22:21:27 INFO  no build target found for /Users/zachwinslett/Code/strava-cli/src/main/java/com/zwinslett/strava/api/StravaAPIClient.java. Using fallback presentation compiler.
2026.05.08 22:21:27 INFO  no build target found for /Users/zachwinslett/Code/strava-cli/src/main/java/com/zwinslett/strava/api/StravaAPIClient.java. Using fallback presentation compiler.
2026.05.08 22:21:28 INFO  no build target found for /Users/zachwinslett/Code/strava-cli/src/main/java/com/zwinslett/strava/api/StravaAPIClient.java. Using fallback presentation compiler.
2026.05.08 22:21:29 INFO  no build target found for /Users/zachwinslett/Code/strava-cli/src/main/java/com/zwinslett/strava/api/StravaAPIClient.java. Using fallback presentation compiler.
2026.05.08 22:21:29 INFO  no build target found for /Users/zachwinslett/Code/strava-cli/src/main/java/com/zwinslett/strava/api/StravaAPIClient.java. Using fallback presentation compiler.
2026.05.08 22:21:29 INFO  no build target found for /Users/zachwinslett/Code/strava-cli/src/main/java/com/zwinslett/strava/api/StravaAPIClient.java. Using fallback presentation compiler.
2026.05.08 22:21:29 INFO  no build target found for /Users/zachwinslett/Code/strava-cli/src/main/java/com/zwinslett/strava/api/StravaAPIClient.java. Using fallback presentation compiler.
2026.05.08 22:21:30 INFO  no build target found for /Users/zachwinslett/Code/strava-cli/src/main/java/com/zwinslett/strava/api/StravaAPIClient.java. Using fallback presentation compiler.
2026.05.08 22:21:30 INFO  no build target found for /Users/zachwinslett/Code/strava-cli/src/main/java/com/zwinslett/strava/api/StravaAPIClient.java. Using fallback presentation compiler.
2026.05.08 22:21:30 INFO  no build target found for /Users/zachwinslett/Code/strava-cli/src/main/java/com/zwinslett/strava/api/StravaAPIClient.java. Using fallback presentation compiler.
2026.05.08 22:21:31 INFO  no build target found for /Users/zachwinslett/Code/strava-cli/src/main/java/com/zwinslett/strava/api/StravaAPIClient.java. Using fallback presentation compiler.
2026.05.08 22:21:31 INFO  no build target found for /Users/zachwinslett/Code/strava-cli/src/main/java/com/zwinslett/strava/api/StravaAPIClient.java. Using fallback presentation compiler.
2026.05.08 22:21:33 INFO  no build target found for /Users/zachwinslett/Code/strava-cli/src/main/java/com/zwinslett/strava/api/StravaAPIClient.java. Using fallback presentation compiler.
2026.05.08 22:21:33 INFO  no build target found for /Users/zachwinslett/Code/strava-cli/src/main/java/com/zwinslett/strava/api/StravaAPIClient.java. Using fallback presentation compiler.
2026.05.08 22:21:34 INFO  no build target found for /Users/zachwinslett/Code/strava-cli/src/main/java/com/zwinslett/strava/api/StravaAPIClient.java. Using fallback presentation compiler.
2026.05.08 22:21:34 INFO  no build target found for /Users/zachwinslett/Code/strava-cli/src/main/java/com/zwinslett/strava/api/StravaAPIClient.java. Using fallback presentation compiler.
2026.05.08 22:21:34 INFO  no build target found for /Users/zachwinslett/Code/strava-cli/src/main/java/com/zwinslett/strava/api/StravaAPIClient.java. Using fallback presentation compiler.
2026.05.08 22:21:34 INFO  no build target found for /Users/zachwinslett/Code/strava-cli/src/main/java/com/zwinslett/strava/api/StravaAPIClient.java. Using fallback presentation compiler.
2026.05.08 22:21:35 INFO  no build target found for /Users/zachwinslett/Code/strava-cli/src/main/java/com/zwinslett/strava/api/StravaAPIClient.java. Using fallback presentation compiler.
2026.05.08 22:21:35 INFO  no build target found for /Users/zachwinslett/Code/strava-cli/src/main/java/com/zwinslett/strava/api/StravaAPIClient.java. Using fallback presentation compiler.
2026.05.08 22:21:35 INFO  no build target found for /Users/zachwinslett/Code/strava-cli/src/main/java/com/zwinslett/strava/api/StravaAPIClient.java. Using fallback presentation compiler.
2026.05.08 22:21:36 INFO  no build target found for /Users/zachwinslett/Code/strava-cli/src/main/java/com/zwinslett/strava/api/StravaAPIClient.java. Using fallback presentation compiler.
2026.05.08 22:21:36 INFO  no build target found for /Users/zachwinslett/Code/strava-cli/src/main/java/com/zwinslett/strava/api/StravaAPIClient.java. Using fallback presentation compiler.
2026.05.08 22:21:40 INFO  no build target found for /Users/zachwinslett/Code/strava-cli/src/main/java/com/zwinslett/strava/api/StravaAPIClient.java. Using fallback presentation compiler.
2026.05.08 22:21:44 INFO  no build target found for /Users/zachwinslett/Code/strava-cli/src/main/java/com/zwinslett/strava/api/StravaAPIClient.java. Using fallback presentation compiler.
2026.05.08 22:21:44 INFO  no build target found for /Users/zachwinslett/Code/strava-cli/src/main/java/com/zwinslett/strava/api/StravaAPIClient.java. Using fallback presentation compiler.
2026.05.08 22:21:44 INFO  no build target found for /Users/zachwinslett/Code/strava-cli/src/main/java/com/zwinslett/strava/api/StravaAPIClient.java. Using fallback presentation compiler.
2026.05.08 22:21:46 INFO  no build target found for /Users/zachwinslett/Code/strava-cli/src/main/java/com/zwinslett/strava/api/StravaAPIClient.java. Using fallback presentation compiler.
2026.05.08 22:21:46 INFO  no build target found for /Users/zachwinslett/Code/strava-cli/src/main/java/com/zwinslett/strava/api/StravaAPIClient.java. Using fallback presentation compiler.
2026.05.08 22:21:47 INFO  no build target found for /Users/zachwinslett/Code/strava-cli/src/main/java/com/zwinslett/strava/api/StravaAPIClient.java. Using fallback presentation compiler.
2026.05.08 22:21:47 INFO  no build target found for /Users/zachwinslett/Code/strava-cli/src/main/java/com/zwinslett/strava/api/StravaAPIClient.java. Using fallback presentation compiler.
2026.05.08 22:21:47 INFO  no build target found for /Users/zachwinslett/Code/strava-cli/src/main/java/com/zwinslett/strava/api/StravaAPIClient.java. Using fallback presentation compiler.
2026.05.08 22:21:48 INFO  no build target found for /Users/zachwinslett/Code/strava-cli/src/main/java/com/zwinslett/strava/api/StravaAPIClient.java. Using fallback presentation compiler.
2026.05.08 22:21:48 INFO  no build target found for /Users/zachwinslett/Code/strava-cli/src/main/java/com/zwinslett/strava/api/StravaAPIClient.java. Using fallback presentation compiler.
2026.05.08 22:21:49 INFO  no build target found for /Users/zachwinslett/Code/strava-cli/src/main/java/com/zwinslett/strava/api/StravaAPIClient.java. Using fallback presentation compiler.
2026.05.08 22:21:48 INFO  no build target found for /Users/zachwinslett/Code/strava-cli/src/main/java/com/zwinslett/strava/api/StravaAPIClient.java. Using fallback presentation compiler.
2026.05.08 22:21:48 INFO  no build target found for /Users/zachwinslett/Code/strava-cli/src/main/java/com/zwinslett/strava/api/StravaAPIClient.java. Using fallback presentation compiler.
2026.05.08 22:21:49 INFO  no build target found for /Users/zachwinslett/Code/strava-cli/src/main/java/com/zwinslett/strava/api/StravaAPIClient.java. Using fallback presentation compiler.
2026.05.08 22:21:49 INFO  no build target found for /Users/zachwinslett/Code/strava-cli/src/main/java/com/zwinslett/strava/api/StravaAPIClient.java. Using fallback presentation compiler.
2026.05.08 22:21:49 INFO  no build target found for /Users/zachwinslett/Code/strava-cli/src/main/java/com/zwinslett/strava/api/StravaAPIClient.java. Using fallback presentation compiler.
2026.05.08 22:21:49 INFO  no build target found for /Users/zachwinslett/Code/strava-cli/src/main/java/com/zwinslett/strava/api/StravaAPIClient.java. Using fallback presentation compiler.
2026.05.08 22:21:49 INFO  no build target found for /Users/zachwinslett/Code/strava-cli/src/main/java/com/zwinslett/strava/api/StravaAPIClient.java. Using fallback presentation compiler.
2026.05.08 22:21:50 INFO  no build target found for /Users/zachwinslett/Code/strava-cli/src/main/java/com/zwinslett/strava/api/StravaAPIClient.java. Using fallback presentation compiler.
2026.05.08 22:21:50 INFO  no build target found for /Users/zachwinslett/Code/strava-cli/src/main/java/com/zwinslett/strava/api/StravaAPIClient.java. Using fallback presentation compiler.
2026.05.08 22:21:50 INFO  no build target found for /Users/zachwinslett/Code/strava-cli/src/main/java/com/zwinslett/strava/api/StravaAPIClient.java. Using fallback presentation compiler.
2026.05.08 22:21:51 INFO  no build target found for /Users/zachwinslett/Code/strava-cli/src/main/java/com/zwinslett/strava/api/StravaAPIClient.java. Using fallback presentation compiler.
2026.05.08 22:21:50 INFO  no build target found for /Users/zachwinslett/Code/strava-cli/src/main/java/com/zwinslett/strava/api/StravaAPIClient.java. Using fallback presentation compiler.
2026.05.08 22:21:50 INFO  no build target found for /Users/zachwinslett/Code/strava-cli/src/main/java/com/zwinslett/strava/api/StravaAPIClient.java. Using fallback presentation compiler.
2026.05.08 22:21:50 INFO  no build target found for /Users/zachwinslett/Code/strava-cli/src/main/java/com/zwinslett/strava/api/StravaAPIClient.java. Using fallback presentation compiler.
2026.05.08 22:21:51 INFO  no build target found for /Users/zachwinslett/Code/strava-cli/src/main/java/com/zwinslett/strava/api/StravaAPIClient.java. Using fallback presentation compiler.
2026.05.08 22:21:50 INFO  no build target found for /Users/zachwinslett/Code/strava-cli/src/main/java/com/zwinslett/strava/api/StravaAPIClient.java. Using fallback presentation compiler.
2026.05.08 22:21:51 INFO  no build target found for /Users/zachwinslett/Code/strava-cli/src/main/java/com/zwinslett/strava/api/StravaAPIClient.java. Using fallback presentation compiler.
2026.05.08 22:21:51 INFO  no build target found for /Users/zachwinslett/Code/strava-cli/src/main/java/com/zwinslett/strava/api/StravaAPIClient.java. Using fallback presentation compiler.
2026.05.08 22:21:52 INFO  no build target found for /Users/zachwinslett/Code/strava-cli/src/main/java/com/zwinslett/strava/api/StravaAPIClient.java. Using fallback presentation compiler.
2026.05.08 22:21:51 INFO  no build target found for /Users/zachwinslett/Code/strava-cli/src/main/java/com/zwinslett/strava/api/StravaAPIClient.java. Using fallback presentation compiler.
2026.05.08 22:21:51 INFO  no build target found for /Users/zachwinslett/Code/strava-cli/src/main/java/com/zwinslett/strava/api/StravaAPIClient.java. Using fallback presentation compiler.
2026.05.08 22:21:52 INFO  no build target found for /Users/zachwinslett/Code/strava-cli/src/main/java/com/zwinslett/strava/api/StravaAPIClient.java. Using fallback presentation compiler.
2026.05.08 22:21:53 INFO  no build target found for /Users/zachwinslett/Code/strava-cli/src/main/java/com/zwinslett/strava/api/StravaAPIClient.java. Using fallback presentation compiler.
2026.05.08 22:21:55 INFO  no build target found for /Users/zachwinslett/Code/strava-cli/src/main/java/com/zwinslett/strava/api/StravaAPIClient.java. Using fallback presentation compiler.
2026.05.08 22:21:55 INFO  no build target found for /Users/zachwinslett/Code/strava-cli/src/main/java/com/zwinslett/strava/api/StravaAPIClient.java. Using fallback presentation compiler.
2026.05.08 22:21:55 INFO  no build target found for /Users/zachwinslett/Code/strava-cli/src/main/java/com/zwinslett/strava/api/StravaAPIClient.java. Using fallback presentation compiler.
2026.05.08 22:21:55 INFO  no build target found for /Users/zachwinslett/Code/strava-cli/src/main/java/com/zwinslett/strava/api/StravaAPIClient.java. Using fallback presentation compiler.
2026.05.08 22:21:55 INFO  no build target found for /Users/zachwinslett/Code/strava-cli/src/main/java/com/zwinslett/strava/api/StravaAPIClient.java. Using fallback presentation compiler.
2026.05.08 22:21:55 INFO  no build target found for /Users/zachwinslett/Code/strava-cli/src/main/java/com/zwinslett/strava/api/StravaAPIClient.java. Using fallback presentation compiler.
2026.05.08 22:21:55 INFO  no build target found for /Users/zachwinslett/Code/strava-cli/src/main/java/com/zwinslett/strava/api/StravaAPIClient.java. Using fallback presentation compiler.
2026.05.08 22:21:55 INFO  no build target found for /Users/zachwinslett/Code/strava-cli/src/main/java/com/zwinslett/strava/api/StravaAPIClient.java. Using fallback presentation compiler.
2026.05.08 22:21:56 INFO  no build target found for /Users/zachwinslett/Code/strava-cli/src/main/java/com/zwinslett/strava/api/StravaAPIClient.java. Using fallback presentation compiler.
2026.05.08 22:21:56 INFO  no build target found for /Users/zachwinslett/Code/strava-cli/src/main/java/com/zwinslett/strava/api/StravaAPIClient.java. Using fallback presentation compiler.
2026.05.08 22:21:56 INFO  no build target found for /Users/zachwinslett/Code/strava-cli/src/main/java/com/zwinslett/strava/api/StravaAPIClient.java. Using fallback presentation compiler.
2026.05.08 22:21:56 INFO  no build target found for /Users/zachwinslett/Code/strava-cli/src/main/java/com/zwinslett/strava/api/StravaAPIClient.java. Using fallback presentation compiler.
2026.05.08 22:21:56 INFO  no build target found for /Users/zachwinslett/Code/strava-cli/src/main/java/com/zwinslett/strava/api/StravaAPIClient.java. Using fallback presentation compiler.
2026.05.08 22:21:56 INFO  no build target found for /Users/zachwinslett/Code/strava-cli/src/main/java/com/zwinslett/strava/api/StravaAPIClient.java. Using fallback presentation compiler.
2026.05.08 22:21:56 INFO  no build target found for /Users/zachwinslett/Code/strava-cli/src/main/java/com/zwinslett/strava/api/StravaAPIClient.java. Using fallback presentation compiler.
2026.05.08 22:21:57 INFO  no build target found for /Users/zachwinslett/Code/strava-cli/src/main/java/com/zwinslett/strava/api/StravaAPIClient.java. Using fallback presentation compiler.
2026.05.08 22:21:57 INFO  no build target found for /Users/zachwinslett/Code/strava-cli/src/main/java/com/zwinslett/strava/api/StravaAPIClient.java. Using fallback presentation compiler.
2026.05.08 22:21:57 INFO  no build target found for /Users/zachwinslett/Code/strava-cli/src/main/java/com/zwinslett/strava/api/StravaAPIClient.java. Using fallback presentation compiler.
2026.05.08 22:21:57 INFO  no build target found for /Users/zachwinslett/Code/strava-cli/src/main/java/com/zwinslett/strava/api/StravaAPIClient.java. Using fallback presentation compiler.
2026.05.08 22:21:57 INFO  no build target found for /Users/zachwinslett/Code/strava-cli/src/main/java/com/zwinslett/strava/api/StravaAPIClient.java. Using fallback presentation compiler.
2026.05.08 22:21:57 INFO  no build target found for /Users/zachwinslett/Code/strava-cli/src/main/java/com/zwinslett/strava/api/StravaAPIClient.java. Using fallback presentation compiler.
2026.05.08 22:21:57 INFO  no build target found for /Users/zachwinslett/Code/strava-cli/src/main/java/com/zwinslett/strava/api/StravaAPIClient.java. Using fallback presentation compiler.
2026.05.08 22:21:57 INFO  no build target found for /Users/zachwinslett/Code/strava-cli/src/main/java/com/zwinslett/strava/api/StravaAPIClient.java. Using fallback presentation compiler.
2026.05.08 22:21:57 INFO  no build target found for /Users/zachwinslett/Code/strava-cli/src/main/java/com/zwinslett/strava/api/StravaAPIClient.java. Using fallback presentation compiler.
2026.05.08 22:21:57 INFO  no build target found for /Users/zachwinslett/Code/strava-cli/src/main/java/com/zwinslett/strava/api/StravaAPIClient.java. Using fallback presentation compiler.
2026.05.08 22:21:57 INFO  no build target found for /Users/zachwinslett/Code/strava-cli/src/main/java/com/zwinslett/strava/api/StravaAPIClient.java. Using fallback presentation compiler.
2026.05.08 22:21:58 INFO  no build target found for /Users/zachwinslett/Code/strava-cli/src/main/java/com/zwinslett/strava/api/StravaAPIClient.java. Using fallback presentation compiler.
2026.05.08 22:21:58 INFO  no build target found for /Users/zachwinslett/Code/strava-cli/src/main/java/com/zwinslett/strava/api/StravaAPIClient.java. Using fallback presentation compiler.
2026.05.08 22:22:00 INFO  no build target found for /Users/zachwinslett/Code/strava-cli/src/main/java/com/zwinslett/strava/api/StravaAPIClient.java. Using fallback presentation compiler.
2026.05.08 22:22:00 INFO  no build target found for /Users/zachwinslett/Code/strava-cli/src/main/java/com/zwinslett/strava/api/StravaAPIClient.java. Using fallback presentation compiler.
2026.05.08 22:22:02 INFO  no build target found for /Users/zachwinslett/Code/strava-cli/src/main/java/com/zwinslett/strava/api/StravaAPIClient.java. Using fallback presentation compiler.
2026.05.08 22:22:02 INFO  no build target found for /Users/zachwinslett/Code/strava-cli/src/main/java/com/zwinslett/strava/api/StravaAPIClient.java. Using fallback presentation compiler.
2026.05.08 22:22:02 INFO  no build target found for /Users/zachwinslett/Code/strava-cli/src/main/java/com/zwinslett/strava/api/StravaAPIClient.java. Using fallback presentation compiler.
2026.05.08 22:22:02 INFO  no build target found for /Users/zachwinslett/Code/strava-cli/src/main/java/com/zwinslett/strava/api/StravaAPIClient.java. Using fallback presentation compiler.
2026.05.08 22:22:03 INFO  no build target found for /Users/zachwinslett/Code/strava-cli/src/main/java/com/zwinslett/strava/api/StravaAPIClient.java. Using fallback presentation compiler.
2026.05.08 22:22:03 INFO  no build target found for /Users/zachwinslett/Code/strava-cli/src/main/java/com/zwinslett/strava/api/StravaAPIClient.java. Using fallback presentation compiler.
2026.05.08 22:22:04 INFO  no build target found for /Users/zachwinslett/Code/strava-cli/src/main/java/com/zwinslett/strava/api/StravaAPIClient.java. Using fallback presentation compiler.
2026.05.08 22:22:04 INFO  no build target found for /Users/zachwinslett/Code/strava-cli/src/main/java/com/zwinslett/strava/api/StravaAPIClient.java. Using fallback presentation compiler.
2026.05.08 22:22:07 INFO  no build target found for /Users/zachwinslett/Code/strava-cli/src/main/java/com/zwinslett/strava/api/StravaAPIClient.java. Using fallback presentation compiler.
2026.05.08 22:22:07 INFO  no build target found for /Users/zachwinslett/Code/strava-cli/src/main/java/com/zwinslett/strava/api/StravaAPIClient.java. Using fallback presentation compiler.
2026.05.08 22:22:07 INFO  no build target found for /Users/zachwinslett/Code/strava-cli/src/main/java/com/zwinslett/strava/api/StravaAPIClient.java. Using fallback presentation compiler.
2026.05.08 22:22:07 INFO  no build target found for /Users/zachwinslett/Code/strava-cli/src/main/java/com/zwinslett/strava/api/StravaAPIClient.java. Using fallback presentation compiler.
2026.05.08 22:22:08 INFO  no build target found for /Users/zachwinslett/Code/strava-cli/src/main/java/com/zwinslett/strava/api/StravaAPIClient.java. Using fallback presentation compiler.
2026.05.08 22:22:08 INFO  no build target found for /Users/zachwinslett/Code/strava-cli/src/main/java/com/zwinslett/strava/api/StravaAPIClient.java. Using fallback presentation compiler.
2026.05.08 22:22:08 INFO  no build target found for /Users/zachwinslett/Code/strava-cli/src/main/java/com/zwinslett/strava/api/StravaAPIClient.java. Using fallback presentation compiler.
2026.05.08 22:22:09 INFO  no build target found for /Users/zachwinslett/Code/strava-cli/src/main/java/com/zwinslett/strava/api/StravaAPIClient.java. Using fallback presentation compiler.
2026.05.08 22:22:08 INFO  no build target found for /Users/zachwinslett/Code/strava-cli/src/main/java/com/zwinslett/strava/api/StravaAPIClient.java. Using fallback presentation compiler.
2026.05.08 22:22:08 INFO  no build target found for /Users/zachwinslett/Code/strava-cli/src/main/java/com/zwinslett/strava/api/StravaAPIClient.java. Using fallback presentation compiler.
2026.05.08 22:22:09 INFO  no build target found for /Users/zachwinslett/Code/strava-cli/src/main/java/com/zwinslett/strava/api/StravaAPIClient.java. Using fallback presentation compiler.
2026.05.08 22:22:09 INFO  no build target found for /Users/zachwinslett/Code/strava-cli/src/main/java/com/zwinslett/strava/api/StravaAPIClient.java. Using fallback presentation compiler.
2026.05.08 22:22:09 INFO  no build target found for /Users/zachwinslett/Code/strava-cli/src/main/java/com/zwinslett/strava/api/StravaAPIClient.java. Using fallback presentation compiler.
2026.05.08 22:22:09 INFO  no build target found for /Users/zachwinslett/Code/strava-cli/src/main/java/com/zwinslett/strava/api/StravaAPIClient.java. Using fallback presentation compiler.
2026.05.08 22:22:09 INFO  no build target found for /Users/zachwinslett/Code/strava-cli/src/main/java/com/zwinslett/strava/api/StravaAPIClient.java. Using fallback presentation compiler.
2026.05.08 22:22:09 INFO  no build target found for /Users/zachwinslett/Code/strava-cli/src/main/java/com/zwinslett/strava/api/StravaAPIClient.java. Using fallback presentation compiler.
2026.05.08 22:22:10 INFO  no build target found for /Users/zachwinslett/Code/strava-cli/src/main/java/com/zwinslett/strava/api/StravaAPIClient.java. Using fallback presentation compiler.
2026.05.08 22:22:10 INFO  no build target found for /Users/zachwinslett/Code/strava-cli/src/main/java/com/zwinslett/strava/api/StravaAPIClient.java. Using fallback presentation compiler.
2026.05.08 22:22:10 INFO  no build target found for /Users/zachwinslett/Code/strava-cli/src/main/java/com/zwinslett/strava/api/StravaAPIClient.java. Using fallback presentation compiler.
2026.05.08 22:22:12 INFO  no build target found for /Users/zachwinslett/Code/strava-cli/src/main/java/com/zwinslett/strava/api/StravaAPIClient.java. Using fallback presentation compiler.
2026.05.08 22:22:12 INFO  no build target found for /Users/zachwinslett/Code/strava-cli/src/main/java/com/zwinslett/strava/api/StravaAPIClient.java. Using fallback presentation compiler.
2026.05.08 22:22:13 INFO  no build target found for /Users/zachwinslett/Code/strava-cli/src/main/java/com/zwinslett/strava/api/StravaAPIClient.java. Using fallback presentation compiler.
2026.05.08 22:22:13 INFO  no build target found for /Users/zachwinslett/Code/strava-cli/src/main/java/com/zwinslett/strava/api/StravaAPIClient.java. Using fallback presentation compiler.
2026.05.08 22:22:14 INFO  no build target found for /Users/zachwinslett/Code/strava-cli/src/main/java/com/zwinslett/strava/api/StravaAPIClient.java. Using fallback presentation compiler.
2026.05.08 22:22:14 INFO  no build target found for /Users/zachwinslett/Code/strava-cli/src/main/java/com/zwinslett/strava/api/StravaAPIClient.java. Using fallback presentation compiler.
2026.05.08 22:22:15 INFO  no build target found for /Users/zachwinslett/Code/strava-cli/src/main/java/com/zwinslett/strava/api/StravaAPIClient.java. Using fallback presentation compiler.
2026.05.08 22:22:15 INFO  no build target found for /Users/zachwinslett/Code/strava-cli/src/main/java/com/zwinslett/strava/api/StravaAPIClient.java. Using fallback presentation compiler.
2026.05.08 22:22:18 INFO  no build target found for /Users/zachwinslett/Code/strava-cli/src/main/java/com/zwinslett/strava/api/StravaAPIClient.java. Using fallback presentation compiler.
2026.05.08 22:22:18 INFO  no build target found for /Users/zachwinslett/Code/strava-cli/src/main/java/com/zwinslett/strava/api/StravaAPIClient.java. Using fallback presentation compiler.
2026.05.08 22:22:18 INFO  no build target found for /Users/zachwinslett/Code/strava-cli/src/main/java/com/zwinslett/strava/api/StravaAPIClient.java. Using fallback presentation compiler.
2026.05.08 22:22:18 INFO  no build target found for /Users/zachwinslett/Code/strava-cli/src/main/java/com/zwinslett/strava/api/StravaAPIClient.java. Using fallback presentation compiler.
2026.05.08 22:22:18 INFO  no build target found for /Users/zachwinslett/Code/strava-cli/src/main/java/com/zwinslett/strava/api/StravaAPIClient.java. Using fallback presentation compiler.
2026.05.08 22:22:18 INFO  no build target found for /Users/zachwinslett/Code/strava-cli/src/main/java/com/zwinslett/strava/api/StravaAPIClient.java. Using fallback presentation compiler.
2026.05.08 22:22:18 INFO  no build target found for /Users/zachwinslett/Code/strava-cli/src/main/java/com/zwinslett/strava/api/StravaAPIClient.java. Using fallback presentation compiler.
2026.05.08 22:22:19 INFO  no build target found for /Users/zachwinslett/Code/strava-cli/src/main/java/com/zwinslett/strava/api/StravaAPIClient.java. Using fallback presentation compiler.
2026.05.08 22:22:18 INFO  no build target found for /Users/zachwinslett/Code/strava-cli/src/main/java/com/zwinslett/strava/api/StravaAPIClient.java. Using fallback presentation compiler.
2026.05.08 22:22:20 INFO  no build target found for /Users/zachwinslett/Code/strava-cli/src/main/java/com/zwinslett/strava/api/StravaAPIClient.java. Using fallback presentation compiler.
2026.05.08 22:22:20 INFO  no build target found for /Users/zachwinslett/Code/strava-cli/src/main/java/com/zwinslett/strava/api/StravaAPIClient.java. Using fallback presentation compiler.
2026.05.08 22:22:20 INFO  no build target found for /Users/zachwinslett/Code/strava-cli/src/main/java/com/zwinslett/strava/api/StravaAPIClient.java. Using fallback presentation compiler.
2026.05.08 22:22:21 INFO  no build target found for /Users/zachwinslett/Code/strava-cli/src/main/java/com/zwinslett/strava/api/StravaAPIClient.java. Using fallback presentation compiler.
2026.05.08 22:22:21 INFO  no build target found for /Users/zachwinslett/Code/strava-cli/src/main/java/com/zwinslett/strava/api/StravaAPIClient.java. Using fallback presentation compiler.
2026.05.08 22:22:23 INFO  no build target found for /Users/zachwinslett/Code/strava-cli/src/main/java/com/zwinslett/strava/api/StravaAPIClient.java. Using fallback presentation compiler.
2026.05.08 22:22:23 INFO  no build target found for /Users/zachwinslett/Code/strava-cli/src/main/java/com/zwinslett/strava/api/StravaAPIClient.java. Using fallback presentation compiler.
2026.05.08 22:22:23 INFO  empty definition using pc, found symbol in pc: java/net/http/HttpResponse# (full report at: "/Users/zachwinslett/Code/strava-cli/.metals/.reports/metals-full/2026-03-22/r_empty-definition_09-11-36-977.md")
2026.05.08 22:22:24 INFO  no build target found for /Users/zachwinslett/Code/strava-cli/src/main/java/com/zwinslett/strava/api/StravaAPIClient.java. Using fallback presentation compiler.
2026.05.08 22:22:25 INFO  no build target found for /Users/zachwinslett/Code/strava-cli/src/main/java/com/zwinslett/strava/api/StravaAPIClient.java. Using fallback presentation compiler.
2026.05.08 22:22:27 INFO  no build target found for /Users/zachwinslett/Code/strava-cli/src/main/java/com/zwinslett/strava/api/StravaAPIClient.java. Using fallback presentation compiler.
2026.05.08 22:22:30 INFO  no build target found for /Users/zachwinslett/Code/strava-cli/src/main/java/com/zwinslett/strava/api/StravaAPIClient.java. Using fallback presentation compiler.
2026.05.08 22:22:30 INFO  no build target found for /Users/zachwinslett/Code/strava-cli/src/main/java/com/zwinslett/strava/api/StravaAPIClient.java. Using fallback presentation compiler.
2026.05.08 22:22:31 INFO  no build target found for /Users/zachwinslett/Code/strava-cli/src/main/java/com/zwinslett/strava/api/StravaAPIClient.java. Using fallback presentation compiler.
2026.05.08 22:22:31 INFO  no build target found for /Users/zachwinslett/Code/strava-cli/src/main/java/com/zwinslett/strava/api/StravaAPIClient.java. Using fallback presentation compiler.
2026.05.08 22:22:33 INFO  no build target found for /Users/zachwinslett/Code/strava-cli/src/main/java/com/zwinslett/strava/api/StravaAPIClient.java. Using fallback presentation compiler.
2026.05.08 22:22:33 INFO  no build target found for /Users/zachwinslett/Code/strava-cli/src/main/java/com/zwinslett/strava/api/StravaAPIClient.java. Using fallback presentation compiler.
2026.05.08 22:22:33 INFO  no build target found for /Users/zachwinslett/Code/strava-cli/src/main/java/com/zwinslett/strava/api/StravaAPIClient.java. Using fallback presentation compiler.
2026.05.08 22:22:34 INFO  no build target found for /Users/zachwinslett/Code/strava-cli/src/main/java/com/zwinslett/strava/api/StravaAPIClient.java. Using fallback presentation compiler.
2026.05.08 22:22:35 INFO  no build target found for /Users/zachwinslett/Code/strava-cli/src/main/java/com/zwinslett/strava/api/StravaAPIClient.java. Using fallback presentation compiler.
2026.05.08 22:22:38 INFO  no build target found for /Users/zachwinslett/Code/strava-cli/src/main/java/com/zwinslett/strava/api/StravaAPIClient.java. Using fallback presentation compiler.
2026.05.08 22:22:38 INFO  no build target found for /Users/zachwinslett/Code/strava-cli/src/main/java/com/zwinslett/strava/api/StravaAPIClient.java. Using fallback presentation compiler.
2026.05.08 22:22:38 INFO  no build target found for /Users/zachwinslett/Code/strava-cli/src/main/java/com/zwinslett/strava/api/StravaAPIClient.java. Using fallback presentation compiler.
2026.05.08 22:22:38 INFO  no build target found for /Users/zachwinslett/Code/strava-cli/src/main/java/com/zwinslett/strava/api/StravaAPIClient.java. Using fallback presentation compiler.
2026.05.08 22:22:38 INFO  no build target found for /Users/zachwinslett/Code/strava-cli/src/main/java/com/zwinslett/strava/api/StravaAPIClient.java. Using fallback presentation compiler.
2026.05.08 22:22:38 INFO  no build target found for /Users/zachwinslett/Code/strava-cli/src/main/java/com/zwinslett/strava/api/StravaAPIClient.java. Using fallback presentation compiler.
2026.05.08 22:22:38 INFO  no build target found for /Users/zachwinslett/Code/strava-cli/src/main/java/com/zwinslett/strava/api/StravaAPIClient.java. Using fallback presentation compiler.
2026.05.08 22:22:39 INFO  no build target found for /Users/zachwinslett/Code/strava-cli/src/main/java/com/zwinslett/strava/api/StravaAPIClient.java. Using fallback presentation compiler.
2026.05.08 22:22:38 INFO  no build target found for /Users/zachwinslett/Code/strava-cli/src/main/java/com/zwinslett/strava/api/StravaAPIClient.java. Using fallback presentation compiler.
2026.05.08 22:22:38 INFO  no build target found for /Users/zachwinslett/Code/strava-cli/src/main/java/com/zwinslett/strava/api/StravaAPIClient.java. Using fallback presentation compiler.
2026.05.08 22:22:38 INFO  no build target found for /Users/zachwinslett/Code/strava-cli/src/main/java/com/zwinslett/strava/api/StravaAPIClient.java. Using fallback presentation compiler.
2026.05.08 22:22:39 INFO  no build target found for /Users/zachwinslett/Code/strava-cli/src/main/java/com/zwinslett/strava/api/StravaAPIClient.java. Using fallback presentation compiler.
2026.05.08 22:22:38 INFO  no build target found for /Users/zachwinslett/Code/strava-cli/src/main/java/com/zwinslett/strava/api/StravaAPIClient.java. Using fallback presentation compiler.
2026.05.08 22:22:39 INFO  no build target found for /Users/zachwinslett/Code/strava-cli/src/main/java/com/zwinslett/strava/api/StravaAPIClient.java. Using fallback presentation compiler.
2026.05.08 22:22:45 INFO  no build target found for /Users/zachwinslett/Code/strava-cli/src/main/java/com/zwinslett/strava/model/Activity.java. Using fallback presentation compiler.
2026.05.08 22:22:45 WARN  no build target for: /Users/zachwinslett/Code/strava-cli/src/main/java/com/zwinslett/strava/model/Activity.java
2026.05.08 22:22:45 INFO  no build target found for /Users/zachwinslett/Code/strava-cli/src/main/java/com/zwinslett/strava/model/Activity.java. Using fallback presentation compiler.
2026.05.08 22:22:45 INFO  no build target found for /Users/zachwinslett/Code/strava-cli/src/main/java/com/zwinslett/strava/model/Activity.java. Using fallback presentation compiler.
2026.05.08 22:22:45 INFO  no build target found for /Users/zachwinslett/Code/strava-cli/src/main/java/com/zwinslett/strava/api/AccessToken.java. Using fallback presentation compiler.
2026.05.08 22:22:46 WARN  no build target for: /Users/zachwinslett/Code/strava-cli/src/main/java/com/zwinslett/strava/api/AccessToken.java
2026.05.08 22:22:46 INFO  no build target found for /Users/zachwinslett/Code/strava-cli/src/main/java/com/zwinslett/strava/api/AccessToken.java. Using fallback presentation compiler.
2026.05.08 22:22:47 INFO  no build target found for /Users/zachwinslett/Code/strava-cli/src/main/java/com/zwinslett/strava/api/AccessToken.java. Using fallback presentation compiler.
2026.05.08 22:22:48 INFO  no build target found for /Users/zachwinslett/Code/strava-cli/src/main/java/com/zwinslett/strava/api/AccessToken.java. Using fallback presentation compiler.
2026.05.08 22:22:52 INFO  no build target found for /Users/zachwinslett/Code/strava-cli/src/main/java/com/zwinslett/strava/api/AccessToken.java. Using fallback presentation compiler.
2026.05.08 22:22:52 INFO  no build target found for /Users/zachwinslett/Code/strava-cli/src/main/java/com/zwinslett/strava/api/AccessToken.java. Using fallback presentation compiler.
2026.05.08 22:22:52 INFO  no build target found for /Users/zachwinslett/Code/strava-cli/src/main/java/com/zwinslett/strava/api/AccessToken.java. Using fallback presentation compiler.
2026.05.08 22:22:52 INFO  no build target found for /Users/zachwinslett/Code/strava-cli/src/main/java/com/zwinslett/strava/api/AccessToken.java. Using fallback presentation compiler.
2026.05.08 22:22:57 INFO  no build target found for /Users/zachwinslett/Code/strava-cli/src/main/java/com/zwinslett/strava/model/Activity.java. Using fallback presentation compiler.
2026.05.08 22:22:57 WARN  no build target for: /Users/zachwinslett/Code/strava-cli/src/main/java/com/zwinslett/strava/model/Activity.java
2026.05.08 22:22:57 INFO  no build target found for /Users/zachwinslett/Code/strava-cli/src/main/java/com/zwinslett/strava/model/Activity.java. Using fallback presentation compiler.
2026.05.08 22:22:57 INFO  no build target found for /Users/zachwinslett/Code/strava-cli/src/main/java/com/zwinslett/strava/model/Activity.java. Using fallback presentation compiler.
2026.05.08 22:23:04 INFO  no build target found for /Users/zachwinslett/Code/strava-cli/src/main/java/com/zwinslett/strava/api/StravaAPIClient.java. Using fallback presentation compiler.
2026.05.08 22:23:04 WARN  no build target for: /Users/zachwinslett/Code/strava-cli/src/main/java/com/zwinslett/strava/api/StravaAPIClient.java
2026.05.08 22:23:05 INFO  no build target found for /Users/zachwinslett/Code/strava-cli/src/main/java/com/zwinslett/strava/api/StravaAPIClient.java. Using fallback presentation compiler.
2026.05.08 22:23:04 INFO  no build target found for /Users/zachwinslett/Code/strava-cli/src/main/java/com/zwinslett/strava/api/StravaAPIClient.java. Using fallback presentation compiler.
2026.05.08 22:23:04 INFO  no build target found for /Users/zachwinslett/Code/strava-cli/src/main/java/com/zwinslett/strava/api/StravaAPIClient.java. Using fallback presentation compiler.
2026.05.08 22:23:04 INFO  no build target found for /Users/zachwinslett/Code/strava-cli/src/main/java/com/zwinslett/strava/api/StravaAPIClient.java. Using fallback presentation compiler.
2026.05.08 22:23:06 INFO  no build target found for /Users/zachwinslett/Code/strava-cli/src/main/java/com/zwinslett/strava/model/Activity.java. Using fallback presentation compiler.
2026.05.08 22:23:06 WARN  no build target for: /Users/zachwinslett/Code/strava-cli/src/main/java/com/zwinslett/strava/model/Activity.java
2026.05.08 22:23:07 INFO  no build target found for /Users/zachwinslett/Code/strava-cli/src/main/java/com/zwinslett/strava/model/Activity.java. Using fallback presentation compiler.
2026.05.08 22:23:06 INFO  no build target found for /Users/zachwinslett/Code/strava-cli/src/main/java/com/zwinslett/strava/model/Activity.java. Using fallback presentation compiler.
2026.05.08 22:23:06 INFO  no build target found for /Users/zachwinslett/Code/strava-cli/src/main/java/com/zwinslett/strava/model/Activity.java. Using fallback presentation compiler.
2026.05.08 22:23:08 INFO  no build target found for /Users/zachwinslett/Code/strava-cli/src/main/java/com/zwinslett/strava/model/Activity.java. Using fallback presentation compiler.
2026.05.08 22:23:08 INFO  no build target found for /Users/zachwinslett/Code/strava-cli/src/main/java/com/zwinslett/strava/api/StravaAPIClient.java. Using fallback presentation compiler.
2026.05.08 22:23:08 WARN  no build target for: /Users/zachwinslett/Code/strava-cli/src/main/java/com/zwinslett/strava/api/StravaAPIClient.java
2026.05.08 22:23:08 INFO  no build target found for /Users/zachwinslett/Code/strava-cli/src/main/java/com/zwinslett/strava/api/StravaAPIClient.java. Using fallback presentation compiler.
2026.05.08 22:23:08 INFO  no build target found for /Users/zachwinslett/Code/strava-cli/src/main/java/com/zwinslett/strava/api/StravaAPIClient.java. Using fallback presentation compiler.
2026.05.08 22:23:08 INFO  no build target found for /Users/zachwinslett/Code/strava-cli/src/main/java/com/zwinslett/strava/api/StravaAPIClient.java. Using fallback presentation compiler.
2026.05.08 22:23:08 INFO  no build target found for /Users/zachwinslett/Code/strava-cli/src/main/java/com/zwinslett/strava/api/AccessToken.java. Using fallback presentation compiler.
2026.05.08 22:23:09 WARN  no build target for: /Users/zachwinslett/Code/strava-cli/src/main/java/com/zwinslett/strava/api/AccessToken.java
2026.05.08 22:23:09 INFO  no build target found for /Users/zachwinslett/Code/strava-cli/src/main/java/com/zwinslett/strava/api/AccessToken.java. Using fallback presentation compiler.
2026.05.08 22:23:12 INFO  no build target found for /Users/zachwinslett/Code/strava-cli/src/main/java/com/zwinslett/strava/api/AccessToken.java. Using fallback presentation compiler.
2026.05.08 22:23:12 INFO  no build target found for /Users/zachwinslett/Code/strava-cli/src/main/java/com/zwinslett/strava/api/AccessToken.java. Using fallback presentation compiler.
2026.05.08 22:23:12 INFO  no build target found for /Users/zachwinslett/Code/strava-cli/src/main/java/com/zwinslett/strava/api/AccessToken.java. Using fallback presentation compiler.
2026.05.08 22:23:12 INFO  no build target found for /Users/zachwinslett/Code/strava-cli/src/main/java/com/zwinslett/strava/api/AccessToken.java. Using fallback presentation compiler.
2026.05.08 22:23:13 INFO  no build target found for /Users/zachwinslett/Code/strava-cli/src/main/java/com/zwinslett/strava/api/AccessToken.java. Using fallback presentation compiler.
2026.05.08 22:23:13 INFO  no build target found for /Users/zachwinslett/Code/strava-cli/src/main/java/com/zwinslett/strava/api/AccessToken.java. Using fallback presentation compiler.
2026.05.08 22:23:13 INFO  no build target found for /Users/zachwinslett/Code/strava-cli/src/main/java/com/zwinslett/strava/api/AccessToken.java. Using fallback presentation compiler.
2026.05.08 22:23:13 INFO  no build target found for /Users/zachwinslett/Code/strava-cli/src/main/java/com/zwinslett/strava/api/AccessToken.java. Using fallback presentation compiler.
2026.05.08 22:23:13 INFO  no build target found for /Users/zachwinslett/Code/strava-cli/src/main/java/com/zwinslett/strava/api/AccessToken.java. Using fallback presentation compiler.
2026.05.08 22:23:13 INFO  no build target found for /Users/zachwinslett/Code/strava-cli/src/main/java/com/zwinslett/strava/api/AccessToken.java. Using fallback presentation compiler.
2026.05.08 22:23:13 INFO  no build target found for /Users/zachwinslett/Code/strava-cli/src/main/java/com/zwinslett/strava/api/AccessToken.java. Using fallback presentation compiler.
2026.05.08 22:23:13 INFO  no build target found for /Users/zachwinslett/Code/strava-cli/src/main/java/com/zwinslett/strava/api/AccessToken.java. Using fallback presentation compiler.
2026.05.08 22:23:13 INFO  no build target found for /Users/zachwinslett/Code/strava-cli/src/main/java/com/zwinslett/strava/api/AccessToken.java. Using fallback presentation compiler.
2026.05.08 22:23:13 INFO  no build target found for /Users/zachwinslett/Code/strava-cli/src/main/java/com/zwinslett/strava/api/AccessToken.java. Using fallback presentation compiler.
2026.05.08 22:23:13 INFO  no build target found for /Users/zachwinslett/Code/strava-cli/src/main/java/com/zwinslett/strava/api/AccessToken.java. Using fallback presentation compiler.
2026.05.08 22:23:14 INFO  no build target found for /Users/zachwinslett/Code/strava-cli/src/main/java/com/zwinslett/strava/api/AccessToken.java. Using fallback presentation compiler.
2026.05.08 22:23:14 INFO  no build target found for /Users/zachwinslett/Code/strava-cli/src/main/java/com/zwinslett/strava/api/AccessToken.java. Using fallback presentation compiler.
2026.05.08 22:23:14 INFO  no build target found for /Users/zachwinslett/Code/strava-cli/src/main/java/com/zwinslett/strava/api/AccessToken.java. Using fallback presentation compiler.
2026.05.08 22:23:14 INFO  no build target found for /Users/zachwinslett/Code/strava-cli/src/main/java/com/zwinslett/strava/api/AccessToken.java. Using fallback presentation compiler.
2026.05.08 22:23:14 INFO  no build target found for /Users/zachwinslett/Code/strava-cli/src/main/java/com/zwinslett/strava/api/AccessToken.java. Using fallback presentation compiler.
2026.05.08 22:23:14 INFO  no build target found for /Users/zachwinslett/Code/strava-cli/src/main/java/com/zwinslett/strava/api/AccessToken.java. Using fallback presentation compiler.
2026.05.08 22:23:14 INFO  no build target found for /Users/zachwinslett/Code/strava-cli/src/main/java/com/zwinslett/strava/api/AccessToken.java. Using fallback presentation compiler.
2026.05.08 22:23:14 INFO  no build target found for /Users/zachwinslett/Code/strava-cli/src/main/java/com/zwinslett/strava/api/AccessToken.java. Using fallback presentation compiler.
2026.05.08 22:23:14 INFO  no build target found for /Users/zachwinslett/Code/strava-cli/src/main/java/com/zwinslett/strava/api/AccessToken.java. Using fallback presentation compiler.
2026.05.08 22:23:14 INFO  no build target found for /Users/zachwinslett/Code/strava-cli/src/main/java/com/zwinslett/strava/api/AccessToken.java. Using fallback presentation compiler.
2026.05.08 22:23:14 INFO  no build target found for /Users/zachwinslett/Code/strava-cli/src/main/java/com/zwinslett/strava/api/AccessToken.java. Using fallback presentation compiler.
2026.05.08 22:23:15 INFO  no build target found for /Users/zachwinslett/Code/strava-cli/src/main/java/com/zwinslett/strava/api/AccessToken.java. Using fallback presentation compiler.
2026.05.08 22:23:15 INFO  no build target found for /Users/zachwinslett/Code/strava-cli/src/main/java/com/zwinslett/strava/api/AccessToken.java. Using fallback presentation compiler.
2026.05.08 22:23:15 INFO  no build target found for /Users/zachwinslett/Code/strava-cli/src/main/java/com/zwinslett/strava/api/AccessToken.java. Using fallback presentation compiler.
2026.05.08 22:23:14 INFO  no build target found for /Users/zachwinslett/Code/strava-cli/src/main/java/com/zwinslett/strava/api/AccessToken.java. Using fallback presentation compiler.
2026.05.08 22:23:15 INFO  no build target found for /Users/zachwinslett/Code/strava-cli/src/main/java/com/zwinslett/strava/api/AccessToken.java. Using fallback presentation compiler.
2026.05.08 22:23:15 INFO  no build target found for /Users/zachwinslett/Code/strava-cli/src/main/java/com/zwinslett/strava/api/AccessToken.java. Using fallback presentation compiler.
2026.05.08 22:23:15 INFO  no build target found for /Users/zachwinslett/Code/strava-cli/src/main/java/com/zwinslett/strava/api/AccessToken.java. Using fallback presentation compiler.
2026.05.08 22:23:15 INFO  no build target found for /Users/zachwinslett/Code/strava-cli/src/main/java/com/zwinslett/strava/api/AccessToken.java. Using fallback presentation compiler.
2026.05.08 22:23:15 INFO  no build target found for /Users/zachwinslett/Code/strava-cli/src/main/java/com/zwinslett/strava/api/AccessToken.java. Using fallback presentation compiler.
2026.05.08 22:23:15 INFO  no build target found for /Users/zachwinslett/Code/strava-cli/src/main/java/com/zwinslett/strava/api/AccessToken.java. Using fallback presentation compiler.
2026.05.08 22:23:15 INFO  no build target found for /Users/zachwinslett/Code/strava-cli/src/main/java/com/zwinslett/strava/api/AccessToken.java. Using fallback presentation compiler.
2026.05.08 22:23:15 INFO  no build target found for /Users/zachwinslett/Code/strava-cli/src/main/java/com/zwinslett/strava/api/AccessToken.java. Using fallback presentation compiler.
2026.05.08 22:23:15 INFO  no build target found for /Users/zachwinslett/Code/strava-cli/src/main/java/com/zwinslett/strava/api/AccessToken.java. Using fallback presentation compiler.
2026.05.08 22:23:15 INFO  no build target found for /Users/zachwinslett/Code/strava-cli/src/main/java/com/zwinslett/strava/api/AccessToken.java. Using fallback presentation compiler.
2026.05.08 22:23:15 INFO  no build target found for /Users/zachwinslett/Code/strava-cli/src/main/java/com/zwinslett/strava/api/AccessToken.java. Using fallback presentation compiler.
2026.05.08 22:23:15 INFO  no build target found for /Users/zachwinslett/Code/strava-cli/src/main/java/com/zwinslett/strava/api/AccessToken.java. Using fallback presentation compiler.
2026.05.08 22:23:15 INFO  no build target found for /Users/zachwinslett/Code/strava-cli/src/main/java/com/zwinslett/strava/api/AccessToken.java. Using fallback presentation compiler.
2026.05.08 22:23:16 INFO  no build target found for /Users/zachwinslett/Code/strava-cli/src/main/java/com/zwinslett/strava/api/AccessToken.java. Using fallback presentation compiler.
2026.05.08 22:23:16 INFO  no build target found for /Users/zachwinslett/Code/strava-cli/src/main/java/com/zwinslett/strava/api/AccessToken.java. Using fallback presentation compiler.
2026.05.08 22:23:16 INFO  no build target found for /Users/zachwinslett/Code/strava-cli/src/main/java/com/zwinslett/strava/api/AccessToken.java. Using fallback presentation compiler.
2026.05.08 22:23:16 INFO  no build target found for /Users/zachwinslett/Code/strava-cli/src/main/java/com/zwinslett/strava/api/AccessToken.java. Using fallback presentation compiler.
2026.05.08 22:23:16 INFO  no build target found for /Users/zachwinslett/Code/strava-cli/src/main/java/com/zwinslett/strava/api/AccessToken.java. Using fallback presentation compiler.
2026.05.08 22:23:16 INFO  no build target found for /Users/zachwinslett/Code/strava-cli/src/main/java/com/zwinslett/strava/api/AccessToken.java. Using fallback presentation compiler.
2026.05.08 22:23:16 INFO  no build target found for /Users/zachwinslett/Code/strava-cli/src/main/java/com/zwinslett/strava/api/AccessToken.java. Using fallback presentation compiler.
2026.05.08 22:23:16 INFO  no build target found for /Users/zachwinslett/Code/strava-cli/src/main/java/com/zwinslett/strava/api/AccessToken.java. Using fallback presentation compiler.
2026.05.08 22:23:17 INFO  no build target found for /Users/zachwinslett/Code/strava-cli/src/main/java/com/zwinslett/strava/api/AccessToken.java. Using fallback presentation compiler.
2026.05.08 22:23:17 INFO  no build target found for /Users/zachwinslett/Code/strava-cli/src/main/java/com/zwinslett/strava/api/AccessToken.java. Using fallback presentation compiler.
2026.05.08 22:23:17 INFO  no build target found for /Users/zachwinslett/Code/strava-cli/src/main/java/com/zwinslett/strava/api/AccessToken.java. Using fallback presentation compiler.
2026.05.08 22:23:17 INFO  no build target found for /Users/zachwinslett/Code/strava-cli/src/main/java/com/zwinslett/strava/api/AccessToken.java. Using fallback presentation compiler.
2026.05.08 22:23:17 INFO  no build target found for /Users/zachwinslett/Code/strava-cli/src/main/java/com/zwinslett/strava/api/AccessToken.java. Using fallback presentation compiler.
2026.05.08 22:23:18 INFO  no build target found for /Users/zachwinslett/Code/strava-cli/src/main/java/com/zwinslett/strava/api/AccessToken.java. Using fallback presentation compiler.
2026.05.08 22:23:17 INFO  no build target found for /Users/zachwinslett/Code/strava-cli/src/main/java/com/zwinslett/strava/api/AccessToken.java. Using fallback presentation compiler.
2026.05.08 22:23:17 INFO  no build target found for /Users/zachwinslett/Code/strava-cli/src/main/java/com/zwinslett/strava/api/AccessToken.java. Using fallback presentation compiler.
2026.05.08 22:23:18 INFO  no build target found for /Users/zachwinslett/Code/strava-cli/src/main/java/com/zwinslett/strava/api/AccessToken.java. Using fallback presentation compiler.
2026.05.08 22:23:18 INFO  no build target found for /Users/zachwinslett/Code/strava-cli/src/main/java/com/zwinslett/strava/api/AccessToken.java. Using fallback presentation compiler.
2026.05.08 22:23:18 INFO  no build target found for /Users/zachwinslett/Code/strava-cli/src/main/java/com/zwinslett/strava/api/AccessToken.java. Using fallback presentation compiler.
2026.05.08 22:23:18 INFO  no build target found for /Users/zachwinslett/Code/strava-cli/src/main/java/com/zwinslett/strava/api/AccessToken.java. Using fallback presentation compiler.
2026.05.08 22:23:18 INFO  no build target found for /Users/zachwinslett/Code/strava-cli/src/main/java/com/zwinslett/strava/api/AccessToken.java. Using fallback presentation compiler.
2026.05.08 22:23:18 INFO  no build target found for /Users/zachwinslett/Code/strava-cli/src/main/java/com/zwinslett/strava/api/AccessToken.java. Using fallback presentation compiler.
2026.05.08 22:23:18 INFO  no build target found for /Users/zachwinslett/Code/strava-cli/src/main/java/com/zwinslett/strava/api/AccessToken.java. Using fallback presentation compiler.
2026.05.08 22:23:18 INFO  no build target found for /Users/zachwinslett/Code/strava-cli/src/main/java/com/zwinslett/strava/api/AccessToken.java. Using fallback presentation compiler.
2026.05.08 22:23:19 INFO  no build target found for /Users/zachwinslett/Code/strava-cli/src/main/java/com/zwinslett/strava/api/AccessToken.java. Using fallback presentation compiler.
2026.05.08 22:23:19 INFO  no build target found for /Users/zachwinslett/Code/strava-cli/src/main/java/com/zwinslett/strava/api/AccessToken.java. Using fallback presentation compiler.
2026.05.08 22:23:20 INFO  no build target found for /Users/zachwinslett/Code/strava-cli/src/main/java/com/zwinslett/strava/api/AccessToken.java. Using fallback presentation compiler.
2026.05.08 22:23:20 INFO  no build target found for /Users/zachwinslett/Code/strava-cli/src/main/java/com/zwinslett/strava/api/AccessToken.java. Using fallback presentation compiler.
2026.05.08 22:23:20 INFO  no build target found for /Users/zachwinslett/Code/strava-cli/src/main/java/com/zwinslett/strava/api/AccessToken.java. Using fallback presentation compiler.
2026.05.08 22:23:20 INFO  no build target found for /Users/zachwinslett/Code/strava-cli/src/main/java/com/zwinslett/strava/api/AccessToken.java. Using fallback presentation compiler.
2026.05.08 22:23:21 INFO  no build target found for /Users/zachwinslett/Code/strava-cli/src/main/java/com/zwinslett/strava/api/AccessToken.java. Using fallback presentation compiler.
2026.05.08 22:23:20 INFO  no build target found for /Users/zachwinslett/Code/strava-cli/src/main/java/com/zwinslett/strava/api/AccessToken.java. Using fallback presentation compiler.
2026.05.08 22:23:20 INFO  no build target found for /Users/zachwinslett/Code/strava-cli/src/main/java/com/zwinslett/strava/api/AccessToken.java. Using fallback presentation compiler.
2026.05.08 22:23:20 INFO  no build target found for /Users/zachwinslett/Code/strava-cli/src/main/java/com/zwinslett/strava/api/AccessToken.java. Using fallback presentation compiler.
2026.05.08 22:23:21 INFO  no build target found for /Users/zachwinslett/Code/strava-cli/src/main/java/com/zwinslett/strava/api/AccessToken.java. Using fallback presentation compiler.
2026.05.08 22:23:20 INFO  no build target found for /Users/zachwinslett/Code/strava-cli/src/main/java/com/zwinslett/strava/api/AccessToken.java. Using fallback presentation compiler.
2026.05.08 22:23:20 INFO  no build target found for /Users/zachwinslett/Code/strava-cli/src/main/java/com/zwinslett/strava/api/AccessToken.java. Using fallback presentation compiler.
2026.05.08 22:23:20 INFO  no build target found for /Users/zachwinslett/Code/strava-cli/src/main/java/com/zwinslett/strava/api/AccessToken.java. Using fallback presentation compiler.
2026.05.08 22:23:21 INFO  no build target found for /Users/zachwinslett/Code/strava-cli/src/main/java/com/zwinslett/strava/api/AccessToken.java. Using fallback presentation compiler.
2026.05.08 22:23:21 INFO  no build target found for /Users/zachwinslett/Code/strava-cli/src/main/java/com/zwinslett/strava/api/AccessToken.java. Using fallback presentation compiler.
2026.05.08 22:23:22 INFO  no build target found for /Users/zachwinslett/Code/strava-cli/src/main/java/com/zwinslett/strava/api/AccessToken.java. Using fallback presentation compiler.
2026.05.08 22:23:21 INFO  no build target found for /Users/zachwinslett/Code/strava-cli/src/main/java/com/zwinslett/strava/api/AccessToken.java. Using fallback presentation compiler.
2026.05.08 22:23:21 INFO  no build target found for /Users/zachwinslett/Code/strava-cli/src/main/java/com/zwinslett/strava/api/AccessToken.java. Using fallback presentation compiler.
2026.05.08 22:23:23 INFO  no build target found for /Users/zachwinslett/Code/strava-cli/src/main/java/com/zwinslett/strava/api/AccessToken.java. Using fallback presentation compiler.
2026.05.08 22:23:23 WARN  no build target for: /Users/zachwinslett/Code/strava-cli/src/main/java/com/zwinslett/strava/api/AccessToken.java
2026.05.08 22:23:23 INFO  no build target found for /Users/zachwinslett/Code/strava-cli/src/main/java/com/zwinslett/strava/api/AccessToken.java. Using fallback presentation compiler.
2026.05.08 22:23:23 INFO  no build target found for /Users/zachwinslett/Code/strava-cli/src/main/java/com/zwinslett/strava/api/AccessToken.java. Using fallback presentation compiler.
2026.05.08 22:23:23 INFO  no build target found for /Users/zachwinslett/Code/strava-cli/src/main/java/com/zwinslett/strava/api/AccessToken.java. Using fallback presentation compiler.
May 08, 2026 10:23:23 PM org.eclipse.lsp4j.jsonrpc.RemoteEndpoint fallbackResponseError
SEVERE: Internal error: java.lang.StringIndexOutOfBoundsException: Range [-1, 129) out of bounds for length 199
java.util.concurrent.CompletionException: java.lang.StringIndexOutOfBoundsException: Range [-1, 129) out of bounds for length 199
	at java.base/java.util.concurrent.CompletableFuture.encodeThrowable(CompletableFuture.java:332)
	at java.base/java.util.concurrent.CompletableFuture.completeThrowable(CompletableFuture.java:347)
	at java.base/java.util.concurrent.CompletableFuture$UniAccept.tryFire(CompletableFuture.java:708)
	at java.base/java.util.concurrent.CompletableFuture.postComplete(CompletableFuture.java:510)
	at java.base/java.util.concurrent.CompletableFuture.completeExceptionally(CompletableFuture.java:2194)
	at scala.meta.internal.metals.CancelTokens$.$anonfun$future$1(CancelTokens.scala:40)
	at scala.meta.internal.metals.CancelTokens$.$anonfun$future$1$adapted(CancelTokens.scala:38)
	at scala.concurrent.impl.Promise$Transformation.run(Promise.scala:517)
	at java.base/java.util.concurrent.ThreadPoolExecutor.runWorker(ThreadPoolExecutor.java:1144)
	at java.base/java.util.concurrent.ThreadPoolExecutor$Worker.run(ThreadPoolExecutor.java:642)
	at java.base/java.lang.Thread.run(Thread.java:1623)
Caused by: java.lang.StringIndexOutOfBoundsException: Range [-1, 129) out of bounds for length 199
	at java.base/jdk.internal.util.Preconditions$1.apply(Preconditions.java:55)
	at java.base/jdk.internal.util.Preconditions$1.apply(Preconditions.java:52)
	at java.base/jdk.internal.util.Preconditions$4.apply(Preconditions.java:213)
	at java.base/jdk.internal.util.Preconditions$4.apply(Preconditions.java:210)
	at java.base/jdk.internal.util.Preconditions.outOfBounds(Preconditions.java:98)
	at java.base/jdk.internal.util.Preconditions.outOfBoundsCheckFromToIndex(Preconditions.java:112)
	at java.base/jdk.internal.util.Preconditions.checkFromToIndex(Preconditions.java:349)
	at java.base/java.lang.String.checkBoundsBeginEnd(String.java:4608)
	at java.base/java.lang.String.substring(String.java:2720)
	at scala.meta.internal.pc.JavaMetalsGlobal.findIndentifierStartAndEnd(JavaMetalsGlobal.scala:87)
	at scala.meta.internal.pc.JavaDefinitionProvider.$anonfun$definitionImpl$5(JavaDefinitionProvider.scala:122)
	at scala.Option$WithFilter.map(Option.scala:242)
	at scala.meta.internal.pc.JavaDefinitionProvider.definitionImpl(JavaDefinitionProvider.scala:70)
	at scala.meta.internal.pc.JavaDefinitionProvider.definitionOffset(JavaDefinitionProvider.scala:53)
	at scala.meta.internal.pc.JavaDefinitionProvider.definition(JavaDefinitionProvider.scala:31)
	at scala.meta.internal.pc.JavaPresentationCompiler.definition(JavaPresentationCompiler.scala:98)
	at scala.meta.internal.metals.Compilers.$anonfun$definition$1(Compilers.scala:1230)
	at scala.meta.internal.metals.Compilers.$anonfun$withPCAndAdjustLsp$4(Compilers.scala:1543)
	at scala.Option.map(Option.scala:242)
	at scala.meta.internal.metals.Compilers.$anonfun$withPCAndAdjustLsp$3(Compilers.scala:1543)
	at scala.Option.flatMap(Option.scala:283)
	at scala.meta.internal.metals.Compilers.withPCAndAdjustLsp(Compilers.scala:1535)
	at scala.meta.internal.metals.Compilers.definition(Compilers.scala:1221)
	at scala.meta.internal.metals.Compilers.definition(Compilers.scala:1182)
	at scala.meta.internal.metals.DefinitionProvider.fromCompiler$1(DefinitionProvider.scala:97)
	at scala.meta.internal.metals.DefinitionProvider.$anonfun$definition$10(DefinitionProvider.scala:146)
	at scala.meta.internal.metals.DefinitionProvider.$anonfun$definition$15(DefinitionProvider.scala:153)
	at scala.concurrent.impl.Promise$Transformation.run(Promise.scala:503)
	... 3 more

2026.05.08 22:23:23 INFO  no build target found for /Users/zachwinslett/Code/strava-cli/src/main/java/com/zwinslett/strava/api/AccessToken.java. Using fallback presentation compiler.
2026.05.08 22:23:25 INFO  no build target found for /Users/zachwinslett/Code/strava-cli/src/main/java/com/zwinslett/strava/api/StravaAPIClient.java. Using fallback presentation compiler.
2026.05.08 22:23:25 WARN  no build target for: /Users/zachwinslett/Code/strava-cli/src/main/java/com/zwinslett/strava/api/StravaAPIClient.java
2026.05.08 22:23:25 INFO  no build target found for /Users/zachwinslett/Code/strava-cli/src/main/java/com/zwinslett/strava/api/StravaAPIClient.java. Using fallback presentation compiler.
2026.05.08 22:23:25 INFO  no build target found for /Users/zachwinslett/Code/strava-cli/src/main/java/com/zwinslett/strava/api/StravaAPIClient.java. Using fallback presentation compiler.
2026.05.08 22:23:25 INFO  no build target found for /Users/zachwinslett/Code/strava-cli/src/main/java/com/zwinslett/strava/api/StravaAPIClient.java. Using fallback presentation compiler.
2026.05.08 22:23:27 INFO  no build target found for /Users/zachwinslett/Code/strava-cli/src/main/java/com/zwinslett/strava/api/StravaAPIClient.java. Using fallback presentation compiler.
2026.05.08 22:23:27 INFO  no build target found for /Users/zachwinslett/Code/strava-cli/src/main/java/com/zwinslett/strava/api/StravaAPIClient.java. Using fallback presentation compiler.
2026.05.08 22:23:27 INFO  no build target found for /Users/zachwinslett/Code/strava-cli/src/main/java/com/zwinslett/strava/api/StravaAPIClient.java. Using fallback presentation compiler.
2026.05.08 22:23:27 INFO  no build target found for /Users/zachwinslett/Code/strava-cli/src/main/java/com/zwinslett/strava/api/StravaAPIClient.java. Using fallback presentation compiler.
2026.05.08 22:23:27 INFO  no build target found for /Users/zachwinslett/Code/strava-cli/src/main/java/com/zwinslett/strava/api/StravaAPIClient.java. Using fallback presentation compiler.
2026.05.08 22:23:28 INFO  no build target found for /Users/zachwinslett/Code/strava-cli/src/main/java/com/zwinslett/strava/api/StravaAPIClient.java. Using fallback presentation compiler.
2026.05.08 22:23:28 INFO  no build target found for /Users/zachwinslett/Code/strava-cli/src/main/java/com/zwinslett/strava/api/StravaAPIClient.java. Using fallback presentation compiler.
2026.05.08 22:23:28 INFO  no build target found for /Users/zachwinslett/Code/strava-cli/src/main/java/com/zwinslett/strava/api/StravaAPIClient.java. Using fallback presentation compiler.
2026.05.08 22:23:29 INFO  no build target found for /Users/zachwinslett/Code/strava-cli/src/main/java/com/zwinslett/strava/api/StravaAPIClient.java. Using fallback presentation compiler.
2026.05.08 22:23:28 INFO  no build target found for /Users/zachwinslett/Code/strava-cli/src/main/java/com/zwinslett/strava/api/StravaAPIClient.java. Using fallback presentation compiler.
2026.05.08 22:23:30 INFO  no build target found for /Users/zachwinslett/Code/strava-cli/src/main/java/com/zwinslett/strava/api/StravaAPIClient.java. Using fallback presentation compiler.
2026.05.08 22:23:30 WARN  no build target for: /Users/zachwinslett/Code/strava-cli/src/main/java/com/zwinslett/strava/api/StravaAPIClient.java
2026.05.08 22:23:30 INFO  no build target found for /Users/zachwinslett/Code/strava-cli/src/main/java/com/zwinslett/strava/api/StravaAPIClient.java. Using fallback presentation compiler.
2026.05.08 22:23:31 INFO  no build target found for /Users/zachwinslett/Code/strava-cli/src/main/java/com/zwinslett/strava/api/StravaAPIClient.java. Using fallback presentation compiler.
2026.05.08 22:23:45 INFO  no build target found for /Users/zachwinslett/Code/strava-cli/src/main/java/com/zwinslett/strava/api/StravaAPIClient.java. Using fallback presentation compiler.
2026.05.08 22:23:46 INFO  no build target found for /Users/zachwinslett/Code/strava-cli/src/main/java/com/zwinslett/strava/api/StravaAPIClient.java. Using fallback presentation compiler.
2026.05.08 22:23:47 INFO  no build target found for /Users/zachwinslett/Code/strava-cli/src/main/java/com/zwinslett/strava/api/StravaAPIClient.java. Using fallback presentation compiler.
May 08, 2026 10:23:48 PM org.eclipse.lsp4j.jsonrpc.RemoteEndpoint handleCancellation
WARNING: Unmatched cancel notification for request id 7924
2026.05.08 22:23:59 INFO  no build target found for /Users/zachwinslett/Code/strava-cli/src/main/java/com/zwinslett/strava/api/StravaAPIClient.java. Using fallback presentation compiler.
2026.05.08 22:24:00 INFO  no build target found for /Users/zachwinslett/Code/strava-cli/src/main/java/com/zwinslett/strava/api/StravaAPIClient.java. Using fallback presentation compiler.
2026.05.08 22:24:02 INFO  no build target found for /Users/zachwinslett/Code/strava-cli/src/main/java/com/zwinslett/strava/api/StravaAPIClient.java. Using fallback presentation compiler.
2026.05.08 22:24:02 INFO  no build target found for /Users/zachwinslett/Code/strava-cli/src/main/java/com/zwinslett/strava/api/StravaAPIClient.java. Using fallback presentation compiler.
2026.05.08 22:24:16 INFO  no build target found for /Users/zachwinslett/Code/strava-cli/src/main/java/com/zwinslett/strava/api/StravaAPIClient.java. Using fallback presentation compiler.
2026.05.08 22:24:16 INFO  no build target found for /Users/zachwinslett/Code/strava-cli/src/main/java/com/zwinslett/strava/api/StravaAPIClient.java. Using fallback presentation compiler.
May 08, 2026 10:24:17 PM org.eclipse.lsp4j.jsonrpc.RemoteEndpoint handleCancellation
WARNING: Unmatched cancel notification for request id 7937
2026.05.08 22:24:17 INFO  no build target found for /Users/zachwinslett/Code/strava-cli/src/main/java/com/zwinslett/strava/api/StravaAPIClient.java. Using fallback presentation compiler.
2026.05.08 22:24:21 INFO  no build target found for /Users/zachwinslett/Code/strava-cli/src/main/java/com/zwinslett/strava/api/StravaAPIClient.java. Using fallback presentation compiler.
2026.05.08 22:24:21 INFO  no build target found for /Users/zachwinslett/Code/strava-cli/src/main/java/com/zwinslett/strava/api/StravaAPIClient.java. Using fallback presentation compiler.
2026.05.08 22:24:22 INFO  no build target found for /Users/zachwinslett/Code/strava-cli/src/main/java/com/zwinslett/strava/api/StravaAPIClient.java. Using fallback presentation compiler.
2026.05.08 22:24:22 INFO  no build target found for /Users/zachwinslett/Code/strava-cli/src/main/java/com/zwinslett/strava/api/StravaAPIClient.java. Using fallback presentation compiler.
2026.05.08 22:24:22 INFO  no build target found for /Users/zachwinslett/Code/strava-cli/src/main/java/com/zwinslett/strava/api/StravaAPIClient.java. Using fallback presentation compiler.
2026.05.08 22:24:22 INFO  no build target found for /Users/zachwinslett/Code/strava-cli/src/main/java/com/zwinslett/strava/api/StravaAPIClient.java. Using fallback presentation compiler.
2026.05.08 22:24:35 INFO  no build target found for /Users/zachwinslett/Code/strava-cli/src/main/java/com/zwinslett/strava/api/StravaAPIClient.java. Using fallback presentation compiler.
2026.05.08 22:24:36 WARN  no build target for: /Users/zachwinslett/Code/strava-cli/src/main/java/com/zwinslett/strava/api/AccessToken.java
2026.05.08 22:24:35 INFO  no build target found for /Users/zachwinslett/Code/strava-cli/src/main/java/com/zwinslett/strava/api/AccessToken.java. Using fallback presentation compiler.
2026.05.08 22:24:36 INFO  no build target found for /Users/zachwinslett/Code/strava-cli/src/main/java/com/zwinslett/strava/api/AccessToken.java. Using fallback presentation compiler.
2026.05.08 22:24:36 INFO  no build target found for /Users/zachwinslett/Code/strava-cli/src/main/java/com/zwinslett/strava/api/AccessToken.java. Using fallback presentation compiler.
2026.05.08 22:24:41 INFO  no build target found for /Users/zachwinslett/Code/strava-cli/src/main/java/com/zwinslett/strava/api/StravaAPIClient.java. Using fallback presentation compiler.
2026.05.08 22:24:41 WARN  no build target for: /Users/zachwinslett/Code/strava-cli/src/main/java/com/zwinslett/strava/api/StravaAPIClient.java
2026.05.08 22:24:41 INFO  no build target found for /Users/zachwinslett/Code/strava-cli/src/main/java/com/zwinslett/strava/api/StravaAPIClient.java. Using fallback presentation compiler.
2026.05.08 22:24:41 INFO  no build target found for /Users/zachwinslett/Code/strava-cli/src/main/java/com/zwinslett/strava/api/StravaAPIClient.java. Using fallback presentation compiler.
2026.05.08 22:24:41 INFO  no build target found for /Users/zachwinslett/Code/strava-cli/src/main/java/com/zwinslett/strava/api/StravaAPIClient.java. Using fallback presentation compiler.
2026.05.08 22:24:46 INFO  no build target found for /Users/zachwinslett/Code/strava-cli/src/main/java/com/zwinslett/strava/api/StravaAPIClient.java. Using fallback presentation compiler.
2026.05.08 22:24:50 INFO  no build target found for /Users/zachwinslett/Code/strava-cli/src/main/java/com/zwinslett/strava/api/StravaAPIClient.java. Using fallback presentation compiler.
2026.05.08 22:24:50 INFO  no build target found for /Users/zachwinslett/Code/strava-cli/src/main/java/com/zwinslett/strava/api/StravaAPIClient.java. Using fallback presentation compiler.
2026.05.08 22:24:52 INFO  no build target found for /Users/zachwinslett/Code/strava-cli/src/main/java/com/zwinslett/strava/api/StravaAPIClient.java. Using fallback presentation compiler.
2026.05.08 22:24:54 INFO  no build target found for /Users/zachwinslett/Code/strava-cli/src/main/java/com/zwinslett/strava/api/StravaAPIClient.java. Using fallback presentation compiler.
2026.05.08 22:25:02 INFO  no build target found for /Users/zachwinslett/Code/strava-cli/src/main/java/com/zwinslett/strava/api/StravaAPIClient.java. Using fallback presentation compiler.
2026.05.08 22:25:04 INFO  no build target found for /Users/zachwinslett/Code/strava-cli/src/main/java/com/zwinslett/strava/api/StravaAPIClient.java. Using fallback presentation compiler.
2026.05.08 22:25:08 INFO  no build target found for /Users/zachwinslett/Code/strava-cli/src/main/java/com/zwinslett/strava/api/StravaAPIClient.java. Using fallback presentation compiler.
2026.05.08 22:25:38 INFO  no build target found for /Users/zachwinslett/Code/strava-cli/src/main/java/com/zwinslett/strava/api/StravaAPIClient.java. Using fallback presentation compiler.
2026.05.08 22:25:39 WARN  no build target for: /Users/zachwinslett/Code/strava-cli/src/main/java/com/zwinslett/strava/api/AccessToken.java
2026.05.08 22:25:38 INFO  no build target found for /Users/zachwinslett/Code/strava-cli/src/main/java/com/zwinslett/strava/api/AccessToken.java. Using fallback presentation compiler.
2026.05.08 22:25:39 INFO  no build target found for /Users/zachwinslett/Code/strava-cli/src/main/java/com/zwinslett/strava/api/AccessToken.java. Using fallback presentation compiler.
2026.05.08 22:25:38 INFO  no build target found for /Users/zachwinslett/Code/strava-cli/src/main/java/com/zwinslett/strava/api/AccessToken.java. Using fallback presentation compiler.
2026.05.08 22:25:40 INFO  no build target found for /Users/zachwinslett/Code/strava-cli/src/main/java/com/zwinslett/strava/api/AccessToken.java. Using fallback presentation compiler.
2026.05.08 22:26:08 INFO  no build target found for /Users/zachwinslett/Code/strava-cli/src/main/java/com/zwinslett/strava/model/Activity.java. Using fallback presentation compiler.
2026.05.08 22:26:08 INFO  no build target found for /Users/zachwinslett/Code/strava-cli/src/main/java/com/zwinslett/strava/model/Activity.java. Using fallback presentation compiler.
2026.05.08 22:26:08 INFO  no build target found for /Users/zachwinslett/Code/strava-cli/src/main/java/com/zwinslett/strava/model/Activity.java. Using fallback presentation compiler.
2026.05.08 22:26:21 INFO  no build target found for /Users/zachwinslett/Code/strava-cli/src/main/java/com/zwinslett/strava/api/AccessToken.java. Using fallback presentation compiler.
2026.05.08 22:26:21 WARN  no build target for: /Users/zachwinslett/Code/strava-cli/src/main/java/com/zwinslett/strava/api/AccessToken.java
2026.05.08 22:26:21 INFO  no build target found for /Users/zachwinslett/Code/strava-cli/src/main/java/com/zwinslett/strava/api/AccessToken.java. Using fallback presentation compiler.
2026.05.08 22:26:21 INFO  no build target found for /Users/zachwinslett/Code/strava-cli/src/main/java/com/zwinslett/strava/api/AccessToken.java. Using fallback presentation compiler.
2026.05.08 22:26:21 INFO  no build target found for /Users/zachwinslett/Code/strava-cli/src/main/java/com/zwinslett/strava/api/AccessToken.java. Using fallback presentation compiler.
2026.05.08 22:26:24 INFO  no build target found for /Users/zachwinslett/Code/strava-cli/src/main/java/com/zwinslett/strava/api/AccessToken.java. Using fallback presentation compiler.
2026.05.08 22:26:24 INFO  no build target found for /Users/zachwinslett/Code/strava-cli/src/main/java/com/zwinslett/strava/api/AccessToken.java. Using fallback presentation compiler.
2026.05.08 22:26:24 INFO  no build target found for /Users/zachwinslett/Code/strava-cli/src/main/java/com/zwinslett/strava/api/AccessToken.java. Using fallback presentation compiler.
2026.05.08 22:26:25 INFO  no build target found for /Users/zachwinslett/Code/strava-cli/src/main/java/com/zwinslett/strava/api/AccessToken.java. Using fallback presentation compiler.
2026.05.08 22:26:24 INFO  no build target found for /Users/zachwinslett/Code/strava-cli/src/main/java/com/zwinslett/strava/api/AccessToken.java. Using fallback presentation compiler.
2026.05.08 22:26:25 INFO  no build target found for /Users/zachwinslett/Code/strava-cli/src/main/java/com/zwinslett/strava/api/AccessToken.java. Using fallback presentation compiler.
2026.05.08 22:26:25 INFO  no build target found for /Users/zachwinslett/Code/strava-cli/src/main/java/com/zwinslett/strava/api/AccessToken.java. Using fallback presentation compiler.
2026.05.08 22:26:25 INFO  no build target found for /Users/zachwinslett/Code/strava-cli/src/main/java/com/zwinslett/strava/api/AccessToken.java. Using fallback presentation compiler.
2026.05.08 22:26:25 INFO  no build target found for /Users/zachwinslett/Code/strava-cli/src/main/java/com/zwinslett/strava/api/AccessToken.java. Using fallback presentation compiler.
2026.05.08 22:26:25 INFO  no build target found for /Users/zachwinslett/Code/strava-cli/src/main/java/com/zwinslett/strava/api/AccessToken.java. Using fallback presentation compiler.
2026.05.08 22:26:25 INFO  no build target found for /Users/zachwinslett/Code/strava-cli/src/main/java/com/zwinslett/strava/api/AccessToken.java. Using fallback presentation compiler.
2026.05.08 22:26:25 INFO  no build target found for /Users/zachwinslett/Code/strava-cli/src/main/java/com/zwinslett/strava/api/AccessToken.java. Using fallback presentation compiler.
2026.05.08 22:26:26 INFO  no build target found for /Users/zachwinslett/Code/strava-cli/src/main/java/com/zwinslett/strava/api/AccessToken.java. Using fallback presentation compiler.
2026.05.08 22:26:26 INFO  no build target found for /Users/zachwinslett/Code/strava-cli/src/main/java/com/zwinslett/strava/api/AccessToken.java. Using fallback presentation compiler.
2026.05.08 22:26:26 INFO  no build target found for /Users/zachwinslett/Code/strava-cli/src/main/java/com/zwinslett/strava/api/AccessToken.java. Using fallback presentation compiler.
2026.05.08 22:26:26 INFO  no build target found for /Users/zachwinslett/Code/strava-cli/src/main/java/com/zwinslett/strava/api/AccessToken.java. Using fallback presentation compiler.
2026.05.08 22:26:26 INFO  no build target found for /Users/zachwinslett/Code/strava-cli/src/main/java/com/zwinslett/strava/api/AccessToken.java. Using fallback presentation compiler.
2026.05.08 22:26:26 INFO  no build target found for /Users/zachwinslett/Code/strava-cli/src/main/java/com/zwinslett/strava/api/AccessToken.java. Using fallback presentation compiler.
2026.05.08 22:26:26 INFO  no build target found for /Users/zachwinslett/Code/strava-cli/src/main/java/com/zwinslett/strava/api/AccessToken.java. Using fallback presentation compiler.
2026.05.08 22:26:28 INFO  no build target found for /Users/zachwinslett/Code/strava-cli/src/main/java/com/zwinslett/strava/api/AccessToken.java. Using fallback presentation compiler.
2026.05.08 22:26:28 INFO  no build target found for /Users/zachwinslett/Code/strava-cli/src/main/java/com/zwinslett/strava/api/AccessToken.java. Using fallback presentation compiler.
2026.05.08 22:26:28 INFO  no build target found for /Users/zachwinslett/Code/strava-cli/src/main/java/com/zwinslett/strava/api/AccessToken.java. Using fallback presentation compiler.
2026.05.08 22:26:28 INFO  no build target found for /Users/zachwinslett/Code/strava-cli/src/main/java/com/zwinslett/strava/api/AccessToken.java. Using fallback presentation compiler.
2026.05.08 22:26:28 WARN  no build target for: /Users/zachwinslett/Code/strava-cli/src/main/java/com/zwinslett/strava/api/AccessToken.java
2026.05.08 22:26:28 INFO  no build target found for /Users/zachwinslett/Code/strava-cli/src/main/java/com/zwinslett/strava/api/AccessToken.java. Using fallback presentation compiler.
2026.05.08 22:26:30 INFO  no build target found for /Users/zachwinslett/Code/strava-cli/src/main/java/com/zwinslett/strava/api/StravaAPIClient.java. Using fallback presentation compiler.
2026.05.08 22:26:30 WARN  no build target for: /Users/zachwinslett/Code/strava-cli/src/main/java/com/zwinslett/strava/api/StravaAPIClient.java
2026.05.08 22:26:30 INFO  no build target found for /Users/zachwinslett/Code/strava-cli/src/main/java/com/zwinslett/strava/api/StravaAPIClient.java. Using fallback presentation compiler.
2026.05.08 22:26:30 INFO  no build target found for /Users/zachwinslett/Code/strava-cli/src/main/java/com/zwinslett/strava/api/StravaAPIClient.java. Using fallback presentation compiler.
2026.05.08 22:26:30 INFO  no build target found for /Users/zachwinslett/Code/strava-cli/src/main/java/com/zwinslett/strava/api/StravaAPIClient.java. Using fallback presentation compiler.
2026.05.08 22:26:30 INFO  no build target found for /Users/zachwinslett/Code/strava-cli/src/main/java/com/zwinslett/strava/api/StravaAPIClient.java. Using fallback presentation compiler.
2026.05.08 22:26:31 INFO  no build target found for /Users/zachwinslett/Code/strava-cli/src/main/java/com/zwinslett/strava/api/StravaAPIClient.java. Using fallback presentation compiler.
2026.05.08 22:26:31 INFO  no build target found for /Users/zachwinslett/Code/strava-cli/src/main/java/com/zwinslett/strava/api/StravaAPIClient.java. Using fallback presentation compiler.
2026.05.08 22:26:54 INFO  no build target found for /Users/zachwinslett/Code/strava-cli/src/main/java/com/zwinslett/strava/api/StravaAPIClient.java. Using fallback presentation compiler.
2026.05.08 22:27:32 INFO  no build target found for /Users/zachwinslett/Code/strava-cli/src/main/java/com/zwinslett/strava/api/StravaAPIClient.java. Using fallback presentation compiler.
2026.05.08 22:27:33 INFO  no build target found for /Users/zachwinslett/Code/strava-cli/src/main/java/com/zwinslett/strava/model/Activity.java. Using fallback presentation compiler.
2026.05.08 22:27:33 WARN  no build target for: /Users/zachwinslett/Code/strava-cli/src/main/java/com/zwinslett/strava/model/Activity.java
2026.05.08 22:27:34 INFO  no build target found for /Users/zachwinslett/Code/strava-cli/src/main/java/com/zwinslett/strava/model/Activity.java. Using fallback presentation compiler.
2026.05.08 22:27:33 INFO  no build target found for /Users/zachwinslett/Code/strava-cli/src/main/java/com/zwinslett/strava/model/Activity.java. Using fallback presentation compiler.
2026.05.08 22:27:39 INFO  no build target found for /Users/zachwinslett/Code/strava-cli/src/main/java/com/zwinslett/strava/model/Activity.java. Using fallback presentation compiler.
2026.05.08 22:27:39 INFO  no build target found for /Users/zachwinslett/Code/strava-cli/src/main/java/com/zwinslett/strava/model/Activity.java. Using fallback presentation compiler.
2026.05.08 22:27:39 INFO  no build target found for /Users/zachwinslett/Code/strava-cli/src/main/java/com/zwinslett/strava/model/Activity.java. Using fallback presentation compiler.
2026.05.08 22:27:39 INFO  no build target found for /Users/zachwinslett/Code/strava-cli/src/main/java/com/zwinslett/strava/model/Activity.java. Using fallback presentation compiler.
2026.05.08 22:27:39 INFO  Created report: Optional[file:///Users/zachwinslett/Code/strava-cli/src/main/java/com/zwinslett/strava/model/Activity.java]
2026.05.08 22:27:39 INFO  empty definition using pc, found symbol in pc: _empty_/JsonIgnoreProperties# (full report at: "/Users/zachwinslett/Code/strava-cli/.metals/.reports/metals-full/2026-05-08/r_empty-definition_22-27-39-834.md")
2026.05.08 22:27:40 WARN  no build target for: /Users/zachwinslett/Code/strava-cli/src/main/java/com/zwinslett/strava/api/AccessToken.java
2026.05.08 22:27:40 INFO  no build target found for /Users/zachwinslett/Code/strava-cli/src/main/java/com/zwinslett/strava/api/AccessToken.java. Using fallback presentation compiler.
2026.05.08 22:27:40 INFO  no build target found for /Users/zachwinslett/Code/strava-cli/src/main/java/com/zwinslett/strava/api/AccessToken.java. Using fallback presentation compiler.
2026.05.08 22:27:40 INFO  no build target found for /Users/zachwinslett/Code/strava-cli/src/main/java/com/zwinslett/strava/api/AccessToken.java. Using fallback presentation compiler.
2026.05.08 22:27:42 INFO  no build target found for /Users/zachwinslett/Code/strava-cli/src/main/java/com/zwinslett/strava/api/AccessToken.java. Using fallback presentation compiler.
2026.05.08 22:27:42 INFO  no build target found for /Users/zachwinslett/Code/strava-cli/src/main/java/com/zwinslett/strava/api/AccessToken.java. Using fallback presentation compiler.
2026.05.08 22:27:42 INFO  no build target found for /Users/zachwinslett/Code/strava-cli/src/main/java/com/zwinslett/strava/api/AccessToken.java. Using fallback presentation compiler.
2026.05.08 22:27:42 INFO  no build target found for /Users/zachwinslett/Code/strava-cli/src/main/java/com/zwinslett/strava/api/AccessToken.java. Using fallback presentation compiler.
2026.05.08 22:27:44 WARN  no build target for: /Users/zachwinslett/Code/strava-cli/src/main/java/com/zwinslett/strava/model/Activity.java
2026.05.08 22:27:44 INFO  no build target found for /Users/zachwinslett/Code/strava-cli/src/main/java/com/zwinslett/strava/model/Activity.java. Using fallback presentation compiler.
2026.05.08 22:27:44 INFO  no build target found for /Users/zachwinslett/Code/strava-cli/src/main/java/com/zwinslett/strava/model/Activity.java. Using fallback presentation compiler.
2026.05.08 22:27:44 INFO  no build target found for /Users/zachwinslett/Code/strava-cli/src/main/java/com/zwinslett/strava/model/Activity.java. Using fallback presentation compiler.
2026.05.08 22:27:45 INFO  no build target found for /Users/zachwinslett/Code/strava-cli/src/main/java/com/zwinslett/strava/api/AccessToken.java. Using fallback presentation compiler.
2026.05.08 22:27:45 WARN  no build target for: /Users/zachwinslett/Code/strava-cli/src/main/java/com/zwinslett/strava/api/AccessToken.java
2026.05.08 22:27:45 INFO  no build target found for /Users/zachwinslett/Code/strava-cli/src/main/java/com/zwinslett/strava/api/AccessToken.java. Using fallback presentation compiler.
2026.05.08 22:27:45 INFO  no build target found for /Users/zachwinslett/Code/strava-cli/src/main/java/com/zwinslett/strava/api/AccessToken.java. Using fallback presentation compiler.
2026.05.08 22:27:45 INFO  no build target found for /Users/zachwinslett/Code/strava-cli/src/main/java/com/zwinslett/strava/api/AccessToken.java. Using fallback presentation compiler.
2026.05.08 22:27:45 INFO  no build target found for /Users/zachwinslett/Code/strava-cli/src/main/java/com/zwinslett/strava/api/AccessToken.java. Using fallback presentation compiler.
2026.05.08 22:27:45 INFO  no build target found for /Users/zachwinslett/Code/strava-cli/src/main/java/com/zwinslett/strava/api/AccessToken.java. Using fallback presentation compiler.
2026.05.08 22:27:51 INFO  no build target found for /Users/zachwinslett/Code/strava-cli/src/main/java/com/zwinslett/strava/api/AccessToken.java. Using fallback presentation compiler.
2026.05.08 22:27:51 INFO  no build target found for /Users/zachwinslett/Code/strava-cli/src/main/java/com/zwinslett/strava/api/AccessToken.java. Using fallback presentation compiler.
2026.05.08 22:27:51 INFO  no build target found for /Users/zachwinslett/Code/strava-cli/src/main/java/com/zwinslett/strava/api/AccessToken.java. Using fallback presentation compiler.
2026.05.08 22:27:52 INFO  no build target found for /Users/zachwinslett/Code/strava-cli/src/main/java/com/zwinslett/strava/api/AccessToken.java. Using fallback presentation compiler.
2026.05.08 22:27:53 INFO  no build target found for /Users/zachwinslett/Code/strava-cli/src/main/java/com/zwinslett/strava/model/Activity.java. Using fallback presentation compiler.
2026.05.08 22:27:53 WARN  no build target for: /Users/zachwinslett/Code/strava-cli/src/main/java/com/zwinslett/strava/model/Activity.java
2026.05.08 22:27:53 INFO  no build target found for /Users/zachwinslett/Code/strava-cli/src/main/java/com/zwinslett/strava/model/Activity.java. Using fallback presentation compiler.
2026.05.08 22:27:53 INFO  no build target found for /Users/zachwinslett/Code/strava-cli/src/main/java/com/zwinslett/strava/model/Activity.java. Using fallback presentation compiler.
2026.05.08 22:27:53 INFO  no build target found for /Users/zachwinslett/Code/strava-cli/src/main/java/com/zwinslett/strava/model/Activity.java. Using fallback presentation compiler.
2026.05.08 22:27:55 INFO  no build target found for /Users/zachwinslett/Code/strava-cli/src/main/java/com/zwinslett/strava/model/Activity.java. Using fallback presentation compiler.
2026.05.08 22:27:56 INFO  no build target found for /Users/zachwinslett/Code/strava-cli/src/main/java/com/zwinslett/strava/model/Activity.java. Using fallback presentation compiler.
2026.05.08 22:27:56 INFO  no build target found for /Users/zachwinslett/Code/strava-cli/src/main/java/com/zwinslett/strava/model/Activity.java. Using fallback presentation compiler.
2026.05.08 22:27:56 WARN  no build target for: /Users/zachwinslett/Code/strava-cli/src/main/java/com/zwinslett/strava/api/AccessToken.java
2026.05.08 22:27:56 INFO  no build target found for /Users/zachwinslett/Code/strava-cli/src/main/java/com/zwinslett/strava/api/AccessToken.java. Using fallback presentation compiler.
2026.05.08 22:27:56 INFO  no build target found for /Users/zachwinslett/Code/strava-cli/src/main/java/com/zwinslett/strava/api/AccessToken.java. Using fallback presentation compiler.
2026.05.08 22:27:57 INFO  no build target found for /Users/zachwinslett/Code/strava-cli/src/main/java/com/zwinslett/strava/api/AccessToken.java. Using fallback presentation compiler.
2026.05.08 22:27:57 INFO  no build target found for /Users/zachwinslett/Code/strava-cli/src/main/java/com/zwinslett/strava/api/AccessToken.java. Using fallback presentation compiler.
2026.05.08 22:27:57 INFO  no build target found for /Users/zachwinslett/Code/strava-cli/src/main/java/com/zwinslett/strava/api/AccessToken.java. Using fallback presentation compiler.
2026.05.08 22:27:58 INFO  no build target found for /Users/zachwinslett/Code/strava-cli/src/main/java/com/zwinslett/strava/api/AccessToken.java. Using fallback presentation compiler.
2026.05.08 22:27:57 INFO  no build target found for /Users/zachwinslett/Code/strava-cli/src/main/java/com/zwinslett/strava/api/AccessToken.java. Using fallback presentation compiler.
2026.05.08 22:27:58 INFO  no build target found for /Users/zachwinslett/Code/strava-cli/src/main/java/com/zwinslett/strava/api/AccessToken.java. Using fallback presentation compiler.
2026.05.08 22:27:59 WARN  no build target for: /Users/zachwinslett/Code/strava-cli/src/main/java/com/zwinslett/strava/api/AccessToken.java
2026.05.08 22:27:59 INFO  no build target found for /Users/zachwinslett/Code/strava-cli/src/main/java/com/zwinslett/strava/api/AccessToken.java. Using fallback presentation compiler.
2026.05.08 22:27:59 INFO  no build target found for /Users/zachwinslett/Code/strava-cli/src/main/java/com/zwinslett/strava/api/AccessToken.java. Using fallback presentation compiler.
2026.05.08 22:27:59 INFO  no build target found for /Users/zachwinslett/Code/strava-cli/src/main/java/com/zwinslett/strava/api/AccessToken.java. Using fallback presentation compiler.
2026.05.08 22:27:59 WARN  no build target for: /Users/zachwinslett/Code/strava-cli/src/main/java/com/zwinslett/strava/api/StravaAPIClient.java
2026.05.08 22:28:00 INFO  no build target found for /Users/zachwinslett/Code/strava-cli/src/main/java/com/zwinslett/strava/api/StravaAPIClient.java. Using fallback presentation compiler.
2026.05.08 22:28:00 INFO  no build target found for /Users/zachwinslett/Code/strava-cli/src/main/java/com/zwinslett/strava/api/StravaAPIClient.java. Using fallback presentation compiler.
2026.05.08 22:28:00 INFO  no build target found for /Users/zachwinslett/Code/strava-cli/src/main/java/com/zwinslett/strava/api/StravaAPIClient.java. Using fallback presentation compiler.
2026.05.08 22:28:00 INFO  no build target found for /Users/zachwinslett/Code/strava-cli/src/main/java/com/zwinslett/strava/api/StravaAPIClient.java. Using fallback presentation compiler.
2026.05.08 22:28:00 INFO  no build target found for /Users/zachwinslett/Code/strava-cli/src/main/java/com/zwinslett/strava/api/StravaAPIClient.java. Using fallback presentation compiler.
2026.05.08 22:28:23 INFO  no build target found for /Users/zachwinslett/Code/strava-cli/src/main/java/com/zwinslett/strava/api/StravaAPIClient.java. Using fallback presentation compiler.
2026.05.08 22:28:24 INFO  no build target found for /Users/zachwinslett/Code/strava-cli/src/main/java/com/zwinslett/strava/api/StravaAPIClient.java. Using fallback presentation compiler.
2026.05.08 22:28:26 INFO  no build target found for /Users/zachwinslett/Code/strava-cli/src/main/java/com/zwinslett/strava/api/StravaAPIClient.java. Using fallback presentation compiler.
2026.05.08 22:28:26 INFO  no build target found for /Users/zachwinslett/Code/strava-cli/src/main/java/com/zwinslett/strava/api/StravaAPIClient.java. Using fallback presentation compiler.
2026.05.08 22:28:41 INFO  no build target found for /Users/zachwinslett/Code/strava-cli/src/main/java/com/zwinslett/strava/api/StravaAPIClient.java. Using fallback presentation compiler.
2026.05.08 22:28:41 INFO  no build target found for /Users/zachwinslett/Code/strava-cli/src/main/java/com/zwinslett/strava/api/StravaAPIClient.java. Using fallback presentation compiler.
2026.05.08 22:28:42 INFO  no build target found for /Users/zachwinslett/Code/strava-cli/src/main/java/com/zwinslett/strava/api/StravaAPIClient.java. Using fallback presentation compiler.
2026.05.08 22:28:41 INFO  no build target found for /Users/zachwinslett/Code/strava-cli/src/main/java/com/zwinslett/strava/api/StravaAPIClient.java. Using fallback presentation compiler.
2026.05.08 22:28:41 INFO  no build target found for /Users/zachwinslett/Code/strava-cli/src/main/java/com/zwinslett/strava/api/StravaAPIClient.java. Using fallback presentation compiler.
2026.05.08 22:28:41 INFO  no build target found for /Users/zachwinslett/Code/strava-cli/src/main/java/com/zwinslett/strava/api/StravaAPIClient.java. Using fallback presentation compiler.
2026.05.08 22:28:42 INFO  no build target found for /Users/zachwinslett/Code/strava-cli/src/main/java/com/zwinslett/strava/api/StravaAPIClient.java. Using fallback presentation compiler.
2026.05.08 22:28:42 WARN  no build target for: /Users/zachwinslett/Code/strava-cli/src/main/java/com/zwinslett/strava/api/StravaAPIClient.java
2026.05.08 22:28:42 INFO  no build target found for /Users/zachwinslett/Code/strava-cli/src/main/java/com/zwinslett/strava/api/StravaAPIClient.java. Using fallback presentation compiler.
2026.05.08 22:28:42 INFO  Created report: Optional[file:///Users/zachwinslett/Code/strava-cli/src/main/java/com/zwinslett/strava/api/StravaAPIClient.java]
2026.05.08 22:28:42 INFO  empty definition using pc, found symbol in pc: _empty_/AccessToken#getToken# (full report at: "/Users/zachwinslett/Code/strava-cli/.metals/.reports/metals-full/2026-05-08/r_empty-definition_22-28-42-934.md")
2026.05.08 22:28:43 INFO  no build target found for /Users/zachwinslett/Code/strava-cli/src/main/java/com/zwinslett/strava/api/StravaAPIClient.java. Using fallback presentation compiler.
2026.05.08 22:29:02 INFO  no build target found for /Users/zachwinslett/Code/strava-cli/src/main/java/com/zwinslett/strava/api/StravaAPIClient.java. Using fallback presentation compiler.
2026.05.08 22:29:06 INFO  no build target found for /Users/zachwinslett/Code/strava-cli/src/main/java/com/zwinslett/strava/api/StravaAPIClient.java. Using fallback presentation compiler.
2026.05.08 22:29:06 INFO  no build target found for /Users/zachwinslett/Code/strava-cli/src/main/java/com/zwinslett/strava/api/StravaAPIClient.java. Using fallback presentation compiler.
2026.05.08 22:29:06 INFO  no build target found for /Users/zachwinslett/Code/strava-cli/src/main/java/com/zwinslett/strava/api/StravaAPIClient.java. Using fallback presentation compiler.
2026.05.08 22:29:06 INFO  no build target found for /Users/zachwinslett/Code/strava-cli/src/main/java/com/zwinslett/strava/api/StravaAPIClient.java. Using fallback presentation compiler.
2026.05.08 22:29:06 INFO  no build target found for /Users/zachwinslett/Code/strava-cli/src/main/java/com/zwinslett/strava/api/StravaAPIClient.java. Using fallback presentation compiler.
2026.05.08 22:29:06 INFO  no build target found for /Users/zachwinslett/Code/strava-cli/src/main/java/com/zwinslett/strava/api/StravaAPIClient.java. Using fallback presentation compiler.
2026.05.08 22:29:07 INFO  no build target found for /Users/zachwinslett/Code/strava-cli/src/main/java/com/zwinslett/strava/api/StravaAPIClient.java. Using fallback presentation compiler.
2026.05.08 22:29:06 INFO  no build target found for /Users/zachwinslett/Code/strava-cli/src/main/java/com/zwinslett/strava/api/StravaAPIClient.java. Using fallback presentation compiler.
2026.05.08 22:29:07 INFO  no build target found for /Users/zachwinslett/Code/strava-cli/src/main/java/com/zwinslett/strava/api/StravaAPIClient.java. Using fallback presentation compiler.
2026.05.08 22:29:08 INFO  no build target found for /Users/zachwinslett/Code/strava-cli/src/main/java/com/zwinslett/strava/api/StravaAPIClient.java. Using fallback presentation compiler.
2026.05.08 22:29:08 INFO  no build target found for /Users/zachwinslett/Code/strava-cli/src/main/java/com/zwinslett/strava/api/StravaAPIClient.java. Using fallback presentation compiler.
2026.05.08 22:29:08 INFO  no build target found for /Users/zachwinslett/Code/strava-cli/src/main/java/com/zwinslett/strava/api/StravaAPIClient.java. Using fallback presentation compiler.
2026.05.08 22:29:08 INFO  no build target found for /Users/zachwinslett/Code/strava-cli/src/main/java/com/zwinslett/strava/api/StravaAPIClient.java. Using fallback presentation compiler.
2026.05.08 22:29:15 INFO  no build target found for /Users/zachwinslett/Code/strava-cli/src/main/java/com/zwinslett/strava/cli/StatsMonthlyCommand.java. Using fallback presentation compiler.
2026.05.08 22:29:15 INFO  no build target found for /Users/zachwinslett/Code/strava-cli/src/main/java/com/zwinslett/strava/cli/StatsMonthlyCommand.java. Using fallback presentation compiler.
2026.05.08 22:29:15 INFO  no build target found for /Users/zachwinslett/Code/strava-cli/src/main/java/com/zwinslett/strava/cli/StatsMonthlyCommand.java. Using fallback presentation compiler.
2026.05.08 22:29:15 INFO  no build target found for /Users/zachwinslett/Code/strava-cli/src/main/java/com/zwinslett/strava/cli/StatsMonthlyCommand.java. Using fallback presentation compiler.
2026.05.08 22:29:16 INFO  no build target found for /Users/zachwinslett/Code/strava-cli/src/main/java/com/zwinslett/strava/cli/StatsMonthlyCommand.java. Using fallback presentation compiler.
2026.05.08 22:29:21 INFO  no build target found for /Users/zachwinslett/Code/strava-cli/src/main/java/com/zwinslett/strava/cli/StatsMonthlyCommand.java. Using fallback presentation compiler.
2026.05.08 22:29:21 WARN  no build target for: /Users/zachwinslett/Code/strava-cli/src/main/java/com/zwinslett/strava/api/StravaAPIClient.java
2026.05.08 22:29:21 INFO  no build target found for /Users/zachwinslett/Code/strava-cli/src/main/java/com/zwinslett/strava/api/StravaAPIClient.java. Using fallback presentation compiler.
2026.05.08 22:29:21 INFO  no build target found for /Users/zachwinslett/Code/strava-cli/src/main/java/com/zwinslett/strava/api/StravaAPIClient.java. Using fallback presentation compiler.
2026.05.08 22:29:21 INFO  no build target found for /Users/zachwinslett/Code/strava-cli/src/main/java/com/zwinslett/strava/api/StravaAPIClient.java. Using fallback presentation compiler.
2026.05.08 22:29:21 INFO  no build target found for /Users/zachwinslett/Code/strava-cli/src/main/java/com/zwinslett/strava/api/StravaAPIClient.java. Using fallback presentation compiler.
2026.05.08 22:29:21 INFO  no build target found for /Users/zachwinslett/Code/strava-cli/src/main/java/com/zwinslett/strava/api/StravaAPIClient.java. Using fallback presentation compiler.
2026.05.08 22:29:36 INFO  no build target found for /Users/zachwinslett/Code/strava-cli/src/main/java/com/zwinslett/strava/api/StravaAPIClient.java. Using fallback presentation compiler.
2026.05.08 22:29:36 INFO  no build target found for /Users/zachwinslett/Code/strava-cli/src/main/java/com/zwinslett/strava/api/StravaAPIClient.java. Using fallback presentation compiler.
2026.05.08 22:29:36 INFO  no build target found for /Users/zachwinslett/Code/strava-cli/src/main/java/com/zwinslett/strava/api/StravaAPIClient.java. Using fallback presentation compiler.
2026.05.08 22:29:38 INFO  no build target found for /Users/zachwinslett/Code/strava-cli/src/main/java/com/zwinslett/strava/api/StravaAPIClient.java. Using fallback presentation compiler.
2026.05.08 22:30:07 INFO  no build target found for /Users/zachwinslett/Code/strava-cli/src/main/java/com/zwinslett/strava/api/StravaAPIClient.java. Using fallback presentation compiler.
May 08, 2026 10:30:07 PM org.eclipse.lsp4j.jsonrpc.RemoteEndpoint handleCancellation
WARNING: Unmatched cancel notification for request id 8302
2026.05.08 22:30:07 INFO  no build target found for /Users/zachwinslett/Code/strava-cli/src/main/java/com/zwinslett/strava/api/StravaAPIClient.java. Using fallback presentation compiler.
2026.05.08 22:30:10 INFO  no build target found for /Users/zachwinslett/Code/strava-cli/src/main/java/com/zwinslett/strava/api/StravaAPIClient.java. Using fallback presentation compiler.
2026.05.08 22:30:11 INFO  no build target found for /Users/zachwinslett/Code/strava-cli/src/main/java/com/zwinslett/strava/api/StravaAPIClient.java. Using fallback presentation compiler.
2026.05.08 22:30:11 INFO  no build target found for /Users/zachwinslett/Code/strava-cli/src/main/java/com/zwinslett/strava/api/StravaAPIClient.java. Using fallback presentation compiler.
2026.05.08 22:30:13 INFO  no build target found for /Users/zachwinslett/Code/strava-cli/src/main/java/com/zwinslett/strava/api/StravaAPIClient.java. Using fallback presentation compiler.
2026.05.08 22:30:13 INFO  no build target found for /Users/zachwinslett/Code/strava-cli/src/main/java/com/zwinslett/strava/api/StravaAPIClient.java. Using fallback presentation compiler.
2026.05.08 22:30:15 INFO  no build target found for /Users/zachwinslett/Code/strava-cli/src/main/java/com/zwinslett/strava/api/StravaAPIClient.java. Using fallback presentation compiler.
2026.05.08 22:30:18 WARN  no build target for: /Users/zachwinslett/Code/strava-cli/src/main/java/com/zwinslett/strava/api/StravaAPIClient.java
2026.05.08 22:30:18 INFO  no build target found for /Users/zachwinslett/Code/strava-cli/src/main/java/com/zwinslett/strava/api/StravaAPIClient.java. Using fallback presentation compiler.
2026.05.08 22:30:19 INFO  no build target found for /Users/zachwinslett/Code/strava-cli/src/main/java/com/zwinslett/strava/api/StravaAPIClient.java. Using fallback presentation compiler.
2026.05.08 22:30:21 INFO  no build target found for /Users/zachwinslett/Code/strava-cli/src/main/java/com/zwinslett/strava/api/StravaAPIClient.java. Using fallback presentation compiler.
2026.05.08 22:30:21 INFO  no build target found for /Users/zachwinslett/Code/strava-cli/src/main/java/com/zwinslett/strava/api/StravaAPIClient.java. Using fallback presentation compiler.
2026.05.08 22:30:21 INFO  no build target found for /Users/zachwinslett/Code/strava-cli/src/main/java/com/zwinslett/strava/api/StravaAPIClient.java. Using fallback presentation compiler.
2026.05.08 22:30:21 WARN  no build target for: /Users/zachwinslett/Code/strava-cli/src/main/java/com/zwinslett/strava/api/StravaAPIClient.java
2026.05.08 22:30:21 INFO  no build target found for /Users/zachwinslett/Code/strava-cli/src/main/java/com/zwinslett/strava/api/StravaAPIClient.java. Using fallback presentation compiler.
2026.05.08 22:30:22 INFO  no build target found for /Users/zachwinslett/Code/strava-cli/src/main/java/com/zwinslett/strava/api/StravaAPIClient.java. Using fallback presentation compiler.
2026.05.08 22:30:23 WARN  no build target for: /Users/zachwinslett/Code/strava-cli/src/main/java/com/zwinslett/strava/model/Activity.java
2026.05.08 22:30:23 INFO  no build target found for /Users/zachwinslett/Code/strava-cli/src/main/java/com/zwinslett/strava/model/Activity.java. Using fallback presentation compiler.
2026.05.08 22:30:23 INFO  no build target found for /Users/zachwinslett/Code/strava-cli/src/main/java/com/zwinslett/strava/model/Activity.java. Using fallback presentation compiler.
2026.05.08 22:30:23 INFO  no build target found for /Users/zachwinslett/Code/strava-cli/src/main/java/com/zwinslett/strava/model/Activity.java. Using fallback presentation compiler.
2026.05.08 22:30:23 INFO  no build target found for /Users/zachwinslett/Code/strava-cli/src/main/java/com/zwinslett/strava/api/AccessToken.java. Using fallback presentation compiler.
2026.05.08 22:30:23 WARN  no build target for: /Users/zachwinslett/Code/strava-cli/src/main/java/com/zwinslett/strava/api/AccessToken.java
2026.05.08 22:30:23 INFO  no build target found for /Users/zachwinslett/Code/strava-cli/src/main/java/com/zwinslett/strava/api/AccessToken.java. Using fallback presentation compiler.
2026.05.08 22:30:24 INFO  no build target found for /Users/zachwinslett/Code/strava-cli/src/main/java/com/zwinslett/strava/api/AccessToken.java. Using fallback presentation compiler.
2026.05.08 22:30:53 INFO  no build target found for /Users/zachwinslett/Code/strava-cli/src/main/java/com/zwinslett/strava/api/AccessToken.java. Using fallback presentation compiler.
2026.05.08 22:30:56 INFO  no build target found for /Users/zachwinslett/Code/strava-cli/src/main/java/com/zwinslett/strava/api/AccessToken.java. Using fallback presentation compiler.
2026.05.08 22:30:56 INFO  no build target found for /Users/zachwinslett/Code/strava-cli/src/main/java/com/zwinslett/strava/api/AccessToken.java. Using fallback presentation compiler.
2026.05.08 22:30:57 INFO  no build target found for /Users/zachwinslett/Code/strava-cli/src/main/java/com/zwinslett/strava/api/AccessToken.java. Using fallback presentation compiler.
2026.05.08 22:30:57 WARN  no build target for: /Users/zachwinslett/Code/strava-cli/src/main/java/com/zwinslett/strava/api/AccessToken.java
2026.05.08 22:30:57 INFO  no build target found for /Users/zachwinslett/Code/strava-cli/src/main/java/com/zwinslett/strava/api/AccessToken.java. Using fallback presentation compiler.
2026.05.08 22:31:03 INFO  no build target found for /Users/zachwinslett/Code/strava-cli/src/main/java/com/zwinslett/strava/api/AccessToken.java. Using fallback presentation compiler.
2026.05.08 22:31:03 INFO  no build target found for /Users/zachwinslett/Code/strava-cli/src/main/java/com/zwinslett/strava/api/AccessToken.java. Using fallback presentation compiler.
2026.05.08 22:31:03 INFO  no build target found for /Users/zachwinslett/Code/strava-cli/src/main/java/com/zwinslett/strava/api/AccessToken.java. Using fallback presentation compiler.
2026.05.08 22:31:03 INFO  no build target found for /Users/zachwinslett/Code/strava-cli/src/main/java/com/zwinslett/strava/api/AccessToken.java. Using fallback presentation compiler.
2026.05.08 22:31:03 INFO  no build target found for /Users/zachwinslett/Code/strava-cli/src/main/java/com/zwinslett/strava/api/AccessToken.java. Using fallback presentation compiler.
2026.05.08 22:31:03 INFO  no build target found for /Users/zachwinslett/Code/strava-cli/src/main/java/com/zwinslett/strava/api/AccessToken.java. Using fallback presentation compiler.
2026.05.08 22:31:03 INFO  no build target found for /Users/zachwinslett/Code/strava-cli/src/main/java/com/zwinslett/strava/api/AccessToken.java. Using fallback presentation compiler.
2026.05.08 22:31:04 INFO  no build target found for /Users/zachwinslett/Code/strava-cli/src/main/java/com/zwinslett/strava/api/AccessToken.java. Using fallback presentation compiler.
2026.05.08 22:31:04 INFO  no build target found for /Users/zachwinslett/Code/strava-cli/src/main/java/com/zwinslett/strava/api/AccessToken.java. Using fallback presentation compiler.
2026.05.08 22:31:04 INFO  no build target found for /Users/zachwinslett/Code/strava-cli/src/main/java/com/zwinslett/strava/api/AccessToken.java. Using fallback presentation compiler.
2026.05.08 22:31:04 INFO  no build target found for /Users/zachwinslett/Code/strava-cli/src/main/java/com/zwinslett/strava/api/AccessToken.java. Using fallback presentation compiler.
2026.05.08 22:31:04 INFO  no build target found for /Users/zachwinslett/Code/strava-cli/src/main/java/com/zwinslett/strava/api/AccessToken.java. Using fallback presentation compiler.
2026.05.08 22:31:04 INFO  no build target found for /Users/zachwinslett/Code/strava-cli/src/main/java/com/zwinslett/strava/api/AccessToken.java. Using fallback presentation compiler.
2026.05.08 22:31:04 INFO  no build target found for /Users/zachwinslett/Code/strava-cli/src/main/java/com/zwinslett/strava/api/AccessToken.java. Using fallback presentation compiler.
2026.05.08 22:31:05 INFO  no build target found for /Users/zachwinslett/Code/strava-cli/src/main/java/com/zwinslett/strava/api/AccessToken.java. Using fallback presentation compiler.
2026.05.08 22:31:04 INFO  no build target found for /Users/zachwinslett/Code/strava-cli/src/main/java/com/zwinslett/strava/api/AccessToken.java. Using fallback presentation compiler.
2026.05.08 22:31:06 INFO  no build target found for /Users/zachwinslett/Code/strava-cli/src/main/java/com/zwinslett/strava/api/AccessToken.java. Using fallback presentation compiler.
2026.05.08 22:31:06 INFO  no build target found for /Users/zachwinslett/Code/strava-cli/src/main/java/com/zwinslett/strava/api/AccessToken.java. Using fallback presentation compiler.
2026.05.08 22:31:07 INFO  no build target found for /Users/zachwinslett/Code/strava-cli/src/main/java/com/zwinslett/strava/api/AccessToken.java. Using fallback presentation compiler.
2026.05.08 22:31:07 WARN  no build target for: /Users/zachwinslett/Code/strava-cli/src/main/java/com/zwinslett/strava/api/AccessToken.java
2026.05.08 22:31:07 INFO  no build target found for /Users/zachwinslett/Code/strava-cli/src/main/java/com/zwinslett/strava/api/AccessToken.java. Using fallback presentation compiler.
2026.05.08 22:31:06 INFO  no build target found for /Users/zachwinslett/Code/strava-cli/src/main/java/com/zwinslett/strava/api/AccessToken.java. Using fallback presentation compiler.
2026.05.08 22:31:07 INFO  no build target found for /Users/zachwinslett/Code/strava-cli/src/main/java/com/zwinslett/strava/api/AccessToken.java. Using fallback presentation compiler.
May 08, 2026 10:31:07 PM org.eclipse.lsp4j.jsonrpc.RemoteEndpoint fallbackResponseError
SEVERE: Internal error: java.lang.StringIndexOutOfBoundsException: Range [-1, 235) out of bounds for length 401
java.util.concurrent.CompletionException: java.lang.StringIndexOutOfBoundsException: Range [-1, 235) out of bounds for length 401
	at java.base/java.util.concurrent.CompletableFuture.encodeThrowable(CompletableFuture.java:332)
	at java.base/java.util.concurrent.CompletableFuture.completeThrowable(CompletableFuture.java:347)
	at java.base/java.util.concurrent.CompletableFuture$UniAccept.tryFire(CompletableFuture.java:708)
	at java.base/java.util.concurrent.CompletableFuture.postComplete(CompletableFuture.java:510)
	at java.base/java.util.concurrent.CompletableFuture.completeExceptionally(CompletableFuture.java:2194)
	at scala.meta.internal.metals.CancelTokens$.$anonfun$future$1(CancelTokens.scala:40)
	at scala.meta.internal.metals.CancelTokens$.$anonfun$future$1$adapted(CancelTokens.scala:38)
	at scala.concurrent.impl.Promise$Transformation.run(Promise.scala:517)
	at java.base/java.util.concurrent.ThreadPoolExecutor.runWorker(ThreadPoolExecutor.java:1144)
	at java.base/java.util.concurrent.ThreadPoolExecutor$Worker.run(ThreadPoolExecutor.java:642)
	at java.base/java.lang.Thread.run(Thread.java:1623)
Caused by: java.lang.StringIndexOutOfBoundsException: Range [-1, 235) out of bounds for length 401
	at java.base/jdk.internal.util.Preconditions$1.apply(Preconditions.java:55)
	at java.base/jdk.internal.util.Preconditions$1.apply(Preconditions.java:52)
	at java.base/jdk.internal.util.Preconditions$4.apply(Preconditions.java:213)
	at java.base/jdk.internal.util.Preconditions$4.apply(Preconditions.java:210)
	at java.base/jdk.internal.util.Preconditions.outOfBounds(Preconditions.java:98)
	at java.base/jdk.internal.util.Preconditions.outOfBoundsCheckFromToIndex(Preconditions.java:112)
	at java.base/jdk.internal.util.Preconditions.checkFromToIndex(Preconditions.java:349)
	at java.base/java.lang.String.checkBoundsBeginEnd(String.java:4608)
	at java.base/java.lang.String.substring(String.java:2720)
	at scala.meta.internal.pc.JavaMetalsGlobal.findIndentifierStartAndEnd(JavaMetalsGlobal.scala:87)
	at scala.meta.internal.pc.JavaDefinitionProvider.$anonfun$definitionImpl$5(JavaDefinitionProvider.scala:122)
	at scala.Option$WithFilter.map(Option.scala:242)
	at scala.meta.internal.pc.JavaDefinitionProvider.definitionImpl(JavaDefinitionProvider.scala:70)
	at scala.meta.internal.pc.JavaDefinitionProvider.definitionOffset(JavaDefinitionProvider.scala:53)
	at scala.meta.internal.pc.JavaDefinitionProvider.definition(JavaDefinitionProvider.scala:31)
	at scala.meta.internal.pc.JavaPresentationCompiler.definition(JavaPresentationCompiler.scala:98)
	at scala.meta.internal.metals.Compilers.$anonfun$definition$1(Compilers.scala:1230)
	at scala.meta.internal.metals.Compilers.$anonfun$withPCAndAdjustLsp$4(Compilers.scala:1543)
	at scala.Option.map(Option.scala:242)
	at scala.meta.internal.metals.Compilers.$anonfun$withPCAndAdjustLsp$3(Compilers.scala:1543)
	at scala.Option.flatMap(Option.scala:283)
	at scala.meta.internal.metals.Compilers.withPCAndAdjustLsp(Compilers.scala:1535)
	at scala.meta.internal.metals.Compilers.definition(Compilers.scala:1221)
	at scala.meta.internal.metals.Compilers.definition(Compilers.scala:1182)
	at scala.meta.internal.metals.DefinitionProvider.fromCompiler$1(DefinitionProvider.scala:97)
	at scala.meta.internal.metals.DefinitionProvider.$anonfun$definition$10(DefinitionProvider.scala:146)
	at scala.meta.internal.metals.DefinitionProvider.$anonfun$definition$15(DefinitionProvider.scala:153)
	at scala.concurrent.impl.Promise$Transformation.run(Promise.scala:503)
	... 3 more

2026.05.08 22:31:07 INFO  no build target found for /Users/zachwinslett/Code/strava-cli/src/main/java/com/zwinslett/strava/api/AccessToken.java. Using fallback presentation compiler.
2026.05.08 22:31:08 INFO  no build target found for /Users/zachwinslett/Code/strava-cli/src/main/java/com/zwinslett/strava/api/AccessToken.java. Using fallback presentation compiler.
2026.05.08 22:31:08 INFO  no build target found for /Users/zachwinslett/Code/strava-cli/src/main/java/com/zwinslett/strava/api/StravaAPIClient.java. Using fallback presentation compiler.
2026.05.08 22:31:07 WARN  no build target for: /Users/zachwinslett/Code/strava-cli/src/main/java/com/zwinslett/strava/api/StravaAPIClient.java
2026.05.08 22:31:08 INFO  no build target found for /Users/zachwinslett/Code/strava-cli/src/main/java/com/zwinslett/strava/api/StravaAPIClient.java. Using fallback presentation compiler.
2026.05.08 22:31:08 INFO  no build target found for /Users/zachwinslett/Code/strava-cli/src/main/java/com/zwinslett/strava/api/StravaAPIClient.java. Using fallback presentation compiler.
2026.05.08 22:31:08 INFO  no build target found for /Users/zachwinslett/Code/strava-cli/src/main/java/com/zwinslett/strava/api/StravaAPIClient.java. Using fallback presentation compiler.
2026.05.08 22:31:08 INFO  no build target found for /Users/zachwinslett/Code/strava-cli/src/main/java/com/zwinslett/strava/api/StravaAPIClient.java. Using fallback presentation compiler.
2026.05.08 22:31:18 INFO  no build target found for /Users/zachwinslett/Code/strava-cli/src/main/java/com/zwinslett/strava/api/StravaAPIClient.java. Using fallback presentation compiler.
2026.05.08 22:31:18 INFO  no build target found for /Users/zachwinslett/Code/strava-cli/src/main/java/com/zwinslett/strava/api/StravaAPIClient.java. Using fallback presentation compiler.
2026.05.08 22:31:19 INFO  no build target found for /Users/zachwinslett/Code/strava-cli/src/main/java/com/zwinslett/strava/api/StravaAPIClient.java. Using fallback presentation compiler.
2026.05.08 22:31:19 INFO  empty definition using pc, found symbol in pc: java/net/http/HttpRequest#BodyPublishers#noBody(). (full report at: "/Users/zachwinslett/Code/strava-cli/.metals/.reports/metals-full/2026-03-22/r_empty-definition_09-11-37-492.md")
2026.05.08 22:31:19 INFO  no build target found for /Users/zachwinslett/Code/strava-cli/src/main/java/com/zwinslett/strava/api/StravaAPIClient.java. Using fallback presentation compiler.
2026.05.08 22:33:54 INFO  no build target found for /Users/zachwinslett/Code/strava-cli/src/main/java/com/zwinslett/strava/api/StravaAPIClient.java. Using fallback presentation compiler.
2026.05.08 22:33:54 INFO  no build target found for /Users/zachwinslett/Code/strava-cli/src/main/java/com/zwinslett/strava/api/StravaAPIClient.java. Using fallback presentation compiler.
2026.05.08 22:33:54 INFO  no build target found for /Users/zachwinslett/Code/strava-cli/src/main/java/com/zwinslett/strava/api/StravaAPIClient.java. Using fallback presentation compiler.
2026.05.08 22:33:54 INFO  empty definition using pc, found symbol in pc: java/net/http/HttpResponse# (full report at: "/Users/zachwinslett/Code/strava-cli/.metals/.reports/metals-full/2026-03-22/r_empty-definition_09-11-36-977.md")
2026.05.08 22:33:57 INFO  no build target found for /Users/zachwinslett/Code/strava-cli/src/main/java/com/zwinslett/strava/api/StravaAPIClient.java. Using fallback presentation compiler.
2026.05.08 22:33:57 INFO  no build target found for /Users/zachwinslett/Code/strava-cli/src/main/java/com/zwinslett/strava/api/StravaAPIClient.java. Using fallback presentation compiler.
2026.05.08 22:33:57 INFO  no build target found for /Users/zachwinslett/Code/strava-cli/src/main/java/com/zwinslett/strava/api/StravaAPIClient.java. Using fallback presentation compiler.
2026.05.08 22:33:58 INFO  no build target found for /Users/zachwinslett/Code/strava-cli/src/main/java/com/zwinslett/strava/api/AccessToken.java. Using fallback presentation compiler.
2026.05.08 22:33:58 WARN  no build target for: /Users/zachwinslett/Code/strava-cli/src/main/java/com/zwinslett/strava/api/AccessToken.java
2026.05.08 22:33:58 INFO  no build target found for /Users/zachwinslett/Code/strava-cli/src/main/java/com/zwinslett/strava/api/AccessToken.java. Using fallback presentation compiler.
2026.05.08 22:33:58 INFO  no build target found for /Users/zachwinslett/Code/strava-cli/src/main/java/com/zwinslett/strava/api/AccessToken.java. Using fallback presentation compiler.
2026.05.08 22:34:23 INFO  no build target found for /Users/zachwinslett/Code/strava-cli/src/main/java/com/zwinslett/strava/api/AccessToken.java. Using fallback presentation compiler.
2026.05.08 22:34:23 INFO  no build target found for /Users/zachwinslett/Code/strava-cli/src/main/java/com/zwinslett/strava/api/AccessToken.java. Using fallback presentation compiler.
2026.05.08 22:34:24 INFO  no build target found for /Users/zachwinslett/Code/strava-cli/src/main/java/com/zwinslett/strava/api/AccessToken.java. Using fallback presentation compiler.
2026.05.08 22:34:26 INFO  no build target found for /Users/zachwinslett/Code/strava-cli/src/main/java/com/zwinslett/strava/api/AccessToken.java. Using fallback presentation compiler.
2026.05.08 22:34:26 INFO  no build target found for /Users/zachwinslett/Code/strava-cli/src/main/java/com/zwinslett/strava/api/AccessToken.java. Using fallback presentation compiler.
2026.05.08 22:34:26 INFO  no build target found for /Users/zachwinslett/Code/strava-cli/src/main/java/com/zwinslett/strava/api/AccessToken.java. Using fallback presentation compiler.
2026.05.08 22:34:26 INFO  no build target found for /Users/zachwinslett/Code/strava-cli/src/main/java/com/zwinslett/strava/api/AccessToken.java. Using fallback presentation compiler.
2026.05.08 22:34:27 INFO  no build target found for /Users/zachwinslett/Code/strava-cli/src/main/java/com/zwinslett/strava/api/AccessToken.java. Using fallback presentation compiler.
2026.05.08 22:34:27 INFO  no build target found for /Users/zachwinslett/Code/strava-cli/src/main/java/com/zwinslett/strava/api/AccessToken.java. Using fallback presentation compiler.
2026.05.08 22:34:27 INFO  no build target found for /Users/zachwinslett/Code/strava-cli/src/main/java/com/zwinslett/strava/api/AccessToken.java. Using fallback presentation compiler.
2026.05.08 22:34:27 INFO  no build target found for /Users/zachwinslett/Code/strava-cli/src/main/java/com/zwinslett/strava/api/AccessToken.java. Using fallback presentation compiler.
2026.05.08 22:34:27 INFO  no build target found for /Users/zachwinslett/Code/strava-cli/src/main/java/com/zwinslett/strava/api/AccessToken.java. Using fallback presentation compiler.
2026.05.08 22:34:28 INFO  no build target found for /Users/zachwinslett/Code/strava-cli/src/main/java/com/zwinslett/strava/api/AccessToken.java. Using fallback presentation compiler.
May 08, 2026 10:34:28 PM org.eclipse.lsp4j.jsonrpc.RemoteEndpoint handleCancellation
WARNING: Unmatched cancel notification for request id 8445
2026.05.08 22:34:27 INFO  no build target found for /Users/zachwinslett/Code/strava-cli/src/main/java/com/zwinslett/strava/api/AccessToken.java. Using fallback presentation compiler.
2026.05.08 22:34:28 INFO  no build target found for /Users/zachwinslett/Code/strava-cli/src/main/java/com/zwinslett/strava/api/AccessToken.java. Using fallback presentation compiler.
2026.05.08 22:34:28 INFO  no build target found for /Users/zachwinslett/Code/strava-cli/src/main/java/com/zwinslett/strava/api/AccessToken.java. Using fallback presentation compiler.
2026.05.08 22:34:28 INFO  no build target found for /Users/zachwinslett/Code/strava-cli/src/main/java/com/zwinslett/strava/api/AccessToken.java. Using fallback presentation compiler.
2026.05.08 22:34:30 INFO  no build target found for /Users/zachwinslett/Code/strava-cli/src/main/java/com/zwinslett/strava/api/AccessToken.java. Using fallback presentation compiler.
2026.05.08 22:34:32 INFO  no build target found for /Users/zachwinslett/Code/strava-cli/src/main/java/com/zwinslett/strava/api/AccessToken.java. Using fallback presentation compiler.
2026.05.08 22:34:32 INFO  no build target found for /Users/zachwinslett/Code/strava-cli/src/main/java/com/zwinslett/strava/api/AccessToken.java. Using fallback presentation compiler.
2026.05.08 22:34:32 INFO  no build target found for /Users/zachwinslett/Code/strava-cli/src/main/java/com/zwinslett/strava/api/AccessToken.java. Using fallback presentation compiler.
2026.05.08 22:34:32 INFO  no build target found for /Users/zachwinslett/Code/strava-cli/src/main/java/com/zwinslett/strava/api/AccessToken.java. Using fallback presentation compiler.
2026.05.08 22:34:33 INFO  no build target found for /Users/zachwinslett/Code/strava-cli/src/main/java/com/zwinslett/strava/api/AccessToken.java. Using fallback presentation compiler.
2026.05.08 22:34:33 INFO  no build target found for /Users/zachwinslett/Code/strava-cli/src/main/java/com/zwinslett/strava/api/AccessToken.java. Using fallback presentation compiler.
2026.05.08 22:34:33 INFO  no build target found for /Users/zachwinslett/Code/strava-cli/src/main/java/com/zwinslett/strava/api/AccessToken.java. Using fallback presentation compiler.
2026.05.08 22:34:33 INFO  no build target found for /Users/zachwinslett/Code/strava-cli/src/main/java/com/zwinslett/strava/api/AccessToken.java. Using fallback presentation compiler.
2026.05.08 22:34:32 INFO  no build target found for /Users/zachwinslett/Code/strava-cli/src/main/java/com/zwinslett/strava/api/AccessToken.java. Using fallback presentation compiler.
2026.05.08 22:34:33 INFO  no build target found for /Users/zachwinslett/Code/strava-cli/src/main/java/com/zwinslett/strava/api/AccessToken.java. Using fallback presentation compiler.
2026.05.08 22:34:33 INFO  no build target found for /Users/zachwinslett/Code/strava-cli/src/main/java/com/zwinslett/strava/api/AccessToken.java. Using fallback presentation compiler.
2026.05.08 22:34:33 INFO  no build target found for /Users/zachwinslett/Code/strava-cli/src/main/java/com/zwinslett/strava/api/AccessToken.java. Using fallback presentation compiler.
2026.05.08 22:34:33 INFO  no build target found for /Users/zachwinslett/Code/strava-cli/src/main/java/com/zwinslett/strava/api/AccessToken.java. Using fallback presentation compiler.
2026.05.08 22:34:33 INFO  no build target found for /Users/zachwinslett/Code/strava-cli/src/main/java/com/zwinslett/strava/api/AccessToken.java. Using fallback presentation compiler.
2026.05.08 22:34:34 INFO  no build target found for /Users/zachwinslett/Code/strava-cli/src/main/java/com/zwinslett/strava/api/AccessToken.java. Using fallback presentation compiler.
2026.05.08 22:34:33 INFO  no build target found for /Users/zachwinslett/Code/strava-cli/src/main/java/com/zwinslett/strava/api/AccessToken.java. Using fallback presentation compiler.
2026.05.08 22:34:34 INFO  no build target found for /Users/zachwinslett/Code/strava-cli/src/main/java/com/zwinslett/strava/api/AccessToken.java. Using fallback presentation compiler.
2026.05.08 22:34:34 INFO  no build target found for /Users/zachwinslett/Code/strava-cli/src/main/java/com/zwinslett/strava/api/AccessToken.java. Using fallback presentation compiler.
2026.05.08 22:34:35 INFO  no build target found for /Users/zachwinslett/Code/strava-cli/src/main/java/com/zwinslett/strava/api/AccessToken.java. Using fallback presentation compiler.
2026.05.08 22:34:35 INFO  no build target found for /Users/zachwinslett/Code/strava-cli/src/main/java/com/zwinslett/strava/api/AccessToken.java. Using fallback presentation compiler.
2026.05.08 22:34:35 INFO  no build target found for /Users/zachwinslett/Code/strava-cli/src/main/java/com/zwinslett/strava/api/AccessToken.java. Using fallback presentation compiler.
2026.05.08 22:34:35 INFO  no build target found for /Users/zachwinslett/Code/strava-cli/src/main/java/com/zwinslett/strava/api/AccessToken.java. Using fallback presentation compiler.
2026.05.08 22:34:35 INFO  no build target found for /Users/zachwinslett/Code/strava-cli/src/main/java/com/zwinslett/strava/api/AccessToken.java. Using fallback presentation compiler.
2026.05.08 22:34:36 INFO  no build target found for /Users/zachwinslett/Code/strava-cli/src/main/java/com/zwinslett/strava/api/AccessToken.java. Using fallback presentation compiler.
2026.05.08 22:34:36 INFO  no build target found for /Users/zachwinslett/Code/strava-cli/src/main/java/com/zwinslett/strava/api/AccessToken.java. Using fallback presentation compiler.
2026.05.08 22:34:37 INFO  no build target found for /Users/zachwinslett/Code/strava-cli/src/main/java/com/zwinslett/strava/api/AccessToken.java. Using fallback presentation compiler.
2026.05.08 22:34:37 INFO  no build target found for /Users/zachwinslett/Code/strava-cli/src/main/java/com/zwinslett/strava/api/AccessToken.java. Using fallback presentation compiler.
2026.05.08 22:34:37 INFO  no build target found for /Users/zachwinslett/Code/strava-cli/src/main/java/com/zwinslett/strava/api/AccessToken.java. Using fallback presentation compiler.
2026.05.08 22:34:37 INFO  no build target found for /Users/zachwinslett/Code/strava-cli/src/main/java/com/zwinslett/strava/api/AccessToken.java. Using fallback presentation compiler.
2026.05.08 22:34:39 INFO  no build target found for /Users/zachwinslett/Code/strava-cli/src/main/java/com/zwinslett/strava/api/AccessToken.java. Using fallback presentation compiler.
2026.05.08 22:34:39 INFO  no build target found for /Users/zachwinslett/Code/strava-cli/src/main/java/com/zwinslett/strava/api/AccessToken.java. Using fallback presentation compiler.
2026.05.08 22:34:39 INFO  no build target found for /Users/zachwinslett/Code/strava-cli/src/main/java/com/zwinslett/strava/api/AccessToken.java. Using fallback presentation compiler.
2026.05.08 22:34:40 INFO  no build target found for /Users/zachwinslett/Code/strava-cli/src/main/java/com/zwinslett/strava/api/AccessToken.java. Using fallback presentation compiler.
2026.05.08 22:34:40 INFO  no build target found for /Users/zachwinslett/Code/strava-cli/src/main/java/com/zwinslett/strava/api/AccessToken.java. Using fallback presentation compiler.
2026.05.08 22:34:42 INFO  no build target found for /Users/zachwinslett/Code/strava-cli/src/main/java/com/zwinslett/strava/api/AccessToken.java. Using fallback presentation compiler.
2026.05.08 22:34:42 INFO  no build target found for /Users/zachwinslett/Code/strava-cli/src/main/java/com/zwinslett/strava/api/AccessToken.java. Using fallback presentation compiler.
2026.05.08 22:34:42 INFO  no build target found for /Users/zachwinslett/Code/strava-cli/src/main/java/com/zwinslett/strava/api/AccessToken.java. Using fallback presentation compiler.
2026.05.08 22:34:43 INFO  no build target found for /Users/zachwinslett/Code/strava-cli/src/main/java/com/zwinslett/strava/api/AccessToken.java. Using fallback presentation compiler.
2026.05.08 22:34:42 INFO  no build target found for /Users/zachwinslett/Code/strava-cli/src/main/java/com/zwinslett/strava/api/AccessToken.java. Using fallback presentation compiler.
2026.05.08 22:34:42 INFO  no build target found for /Users/zachwinslett/Code/strava-cli/src/main/java/com/zwinslett/strava/api/AccessToken.java. Using fallback presentation compiler.
2026.05.08 22:34:43 INFO  no build target found for /Users/zachwinslett/Code/strava-cli/src/main/java/com/zwinslett/strava/api/AccessToken.java. Using fallback presentation compiler.
2026.05.08 22:34:43 INFO  no build target found for /Users/zachwinslett/Code/strava-cli/src/main/java/com/zwinslett/strava/api/AccessToken.java. Using fallback presentation compiler.
2026.05.08 22:34:43 INFO  no build target found for /Users/zachwinslett/Code/strava-cli/src/main/java/com/zwinslett/strava/api/AccessToken.java. Using fallback presentation compiler.
2026.05.08 22:34:43 INFO  no build target found for /Users/zachwinslett/Code/strava-cli/src/main/java/com/zwinslett/strava/api/AccessToken.java. Using fallback presentation compiler.
2026.05.08 22:34:43 INFO  no build target found for /Users/zachwinslett/Code/strava-cli/src/main/java/com/zwinslett/strava/api/AccessToken.java. Using fallback presentation compiler.
2026.05.08 22:34:44 INFO  no build target found for /Users/zachwinslett/Code/strava-cli/src/main/java/com/zwinslett/strava/api/AccessToken.java. Using fallback presentation compiler.
2026.05.08 22:34:43 INFO  no build target found for /Users/zachwinslett/Code/strava-cli/src/main/java/com/zwinslett/strava/api/AccessToken.java. Using fallback presentation compiler.
2026.05.08 22:34:44 INFO  no build target found for /Users/zachwinslett/Code/strava-cli/src/main/java/com/zwinslett/strava/api/AccessToken.java. Using fallback presentation compiler.
2026.05.08 22:34:44 INFO  no build target found for /Users/zachwinslett/Code/strava-cli/src/main/java/com/zwinslett/strava/api/AccessToken.java. Using fallback presentation compiler.
2026.05.08 22:34:44 INFO  no build target found for /Users/zachwinslett/Code/strava-cli/src/main/java/com/zwinslett/strava/api/AccessToken.java. Using fallback presentation compiler.
2026.05.08 22:34:44 INFO  no build target found for /Users/zachwinslett/Code/strava-cli/src/main/java/com/zwinslett/strava/api/AccessToken.java. Using fallback presentation compiler.
2026.05.08 22:34:44 INFO  no build target found for /Users/zachwinslett/Code/strava-cli/src/main/java/com/zwinslett/strava/api/AccessToken.java. Using fallback presentation compiler.
2026.05.08 22:34:45 INFO  no build target found for /Users/zachwinslett/Code/strava-cli/src/main/java/com/zwinslett/strava/api/AccessToken.java. Using fallback presentation compiler.
2026.05.08 22:34:45 INFO  no build target found for /Users/zachwinslett/Code/strava-cli/src/main/java/com/zwinslett/strava/api/AccessToken.java. Using fallback presentation compiler.
2026.05.08 22:34:45 INFO  no build target found for /Users/zachwinslett/Code/strava-cli/src/main/java/com/zwinslett/strava/api/AccessToken.java. Using fallback presentation compiler.
2026.05.08 22:34:46 INFO  no build target found for /Users/zachwinslett/Code/strava-cli/src/main/java/com/zwinslett/strava/api/AccessToken.java. Using fallback presentation compiler.
2026.05.08 22:34:45 INFO  no build target found for /Users/zachwinslett/Code/strava-cli/src/main/java/com/zwinslett/strava/api/AccessToken.java. Using fallback presentation compiler.
2026.05.08 22:34:45 INFO  no build target found for /Users/zachwinslett/Code/strava-cli/src/main/java/com/zwinslett/strava/api/AccessToken.java. Using fallback presentation compiler.
2026.05.08 22:34:45 INFO  no build target found for /Users/zachwinslett/Code/strava-cli/src/main/java/com/zwinslett/strava/api/AccessToken.java. Using fallback presentation compiler.
2026.05.08 22:34:45 INFO  no build target found for /Users/zachwinslett/Code/strava-cli/src/main/java/com/zwinslett/strava/api/AccessToken.java. Using fallback presentation compiler.
2026.05.08 22:34:46 INFO  no build target found for /Users/zachwinslett/Code/strava-cli/src/main/java/com/zwinslett/strava/api/AccessToken.java. Using fallback presentation compiler.
2026.05.08 22:34:47 INFO  no build target found for /Users/zachwinslett/Code/strava-cli/src/main/java/com/zwinslett/strava/api/AccessToken.java. Using fallback presentation compiler.
2026.05.08 22:34:47 WARN  no build target for: /Users/zachwinslett/Code/strava-cli/src/main/java/com/zwinslett/strava/api/AccessToken.java
2026.05.08 22:34:47 INFO  no build target found for /Users/zachwinslett/Code/strava-cli/src/main/java/com/zwinslett/strava/api/AccessToken.java. Using fallback presentation compiler.
2026.05.08 22:34:48 WARN  no build target for: /Users/zachwinslett/Code/strava-cli/src/main/java/com/zwinslett/strava/api/AccessToken.java
2026.05.08 22:34:47 INFO  no build target found for /Users/zachwinslett/Code/strava-cli/src/main/java/com/zwinslett/strava/api/AccessToken.java. Using fallback presentation compiler.
2026.05.08 22:34:51 INFO  no build target found for /Users/zachwinslett/Code/strava-cli/src/main/java/com/zwinslett/strava/api/StravaAPIClient.java. Using fallback presentation compiler.
2026.05.08 22:34:51 WARN  no build target for: /Users/zachwinslett/Code/strava-cli/src/main/java/com/zwinslett/strava/api/StravaAPIClient.java
2026.05.08 22:34:51 INFO  no build target found for /Users/zachwinslett/Code/strava-cli/src/main/java/com/zwinslett/strava/api/StravaAPIClient.java. Using fallback presentation compiler.
2026.05.08 22:34:51 INFO  no build target found for /Users/zachwinslett/Code/strava-cli/src/main/java/com/zwinslett/strava/api/StravaAPIClient.java. Using fallback presentation compiler.
2026.05.08 22:34:51 INFO  no build target found for /Users/zachwinslett/Code/strava-cli/src/main/java/com/zwinslett/strava/api/StravaAPIClient.java. Using fallback presentation compiler.
2026.05.08 22:34:58 INFO  no build target found for /Users/zachwinslett/Code/strava-cli/src/main/java/com/zwinslett/strava/api/StravaAPIClient.java. Using fallback presentation compiler.
2026.05.08 22:34:58 INFO  no build target found for /Users/zachwinslett/Code/strava-cli/src/main/java/com/zwinslett/strava/api/StravaAPIClient.java. Using fallback presentation compiler.
2026.05.08 22:34:59 INFO  no build target found for /Users/zachwinslett/Code/strava-cli/src/main/java/com/zwinslett/strava/api/AccessToken.java. Using fallback presentation compiler.
2026.05.08 22:34:59 WARN  no build target for: /Users/zachwinslett/Code/strava-cli/src/main/java/com/zwinslett/strava/api/AccessToken.java
2026.05.08 22:34:59 INFO  no build target found for /Users/zachwinslett/Code/strava-cli/src/main/java/com/zwinslett/strava/api/AccessToken.java. Using fallback presentation compiler.
2026.05.08 22:34:59 INFO  no build target found for /Users/zachwinslett/Code/strava-cli/src/main/java/com/zwinslett/strava/api/AccessToken.java. Using fallback presentation compiler.
2026.05.08 22:35:02 INFO  no build target found for /Users/zachwinslett/Code/strava-cli/src/main/java/com/zwinslett/strava/api/StravaAPIClient.java. Using fallback presentation compiler.
2026.05.08 22:35:02 WARN  no build target for: /Users/zachwinslett/Code/strava-cli/src/main/java/com/zwinslett/strava/api/StravaAPIClient.java
2026.05.08 22:35:02 INFO  no build target found for /Users/zachwinslett/Code/strava-cli/src/main/java/com/zwinslett/strava/api/StravaAPIClient.java. Using fallback presentation compiler.
2026.05.08 22:35:02 INFO  no build target found for /Users/zachwinslett/Code/strava-cli/src/main/java/com/zwinslett/strava/api/StravaAPIClient.java. Using fallback presentation compiler.
2026.05.08 22:35:02 INFO  no build target found for /Users/zachwinslett/Code/strava-cli/src/main/java/com/zwinslett/strava/api/StravaAPIClient.java. Using fallback presentation compiler.
2026.05.08 22:35:02 INFO  no build target found for /Users/zachwinslett/Code/strava-cli/src/main/java/com/zwinslett/strava/api/StravaAPIClient.java. Using fallback presentation compiler.
2026.05.08 22:35:02 INFO  no build target found for /Users/zachwinslett/Code/strava-cli/src/main/java/com/zwinslett/strava/api/StravaAPIClient.java. Using fallback presentation compiler.
2026.05.08 22:35:02 INFO  empty definition using pc, found symbol in pc: java/net/http/HttpRequest# (full report at: "/Users/zachwinslett/Code/strava-cli/.metals/.reports/metals-full/2026-03-22/r_empty-definition_09-28-09-627.md")
2026.05.08 22:35:02 WARN  no build target for: /Users/zachwinslett/Code/strava-cli/src/main/java/com/zwinslett/strava/api/StravaAPIClient.java
2026.05.08 22:35:02 INFO  no build target found for /Users/zachwinslett/Code/strava-cli/src/main/java/com/zwinslett/strava/api/StravaAPIClient.java. Using fallback presentation compiler.
2026.05.08 22:35:02 INFO  no build target found for /Users/zachwinslett/Code/strava-cli/src/main/java/com/zwinslett/strava/api/StravaAPIClient.java. Using fallback presentation compiler.
2026.05.08 22:35:02 INFO  no build target found for /Users/zachwinslett/Code/strava-cli/src/main/java/com/zwinslett/strava/api/StravaAPIClient.java. Using fallback presentation compiler.
2026.05.08 22:35:02 INFO  no build target found for /Users/zachwinslett/Code/strava-cli/src/main/java/com/zwinslett/strava/api/StravaAPIClient.java. Using fallback presentation compiler.
2026.05.08 22:35:02 INFO  no build target found for /Users/zachwinslett/Code/strava-cli/src/main/java/com/zwinslett/strava/api/StravaAPIClient.java. Using fallback presentation compiler.
2026.05.08 22:35:02 INFO  no build target found for /Users/zachwinslett/Code/strava-cli/src/main/java/com/zwinslett/strava/api/StravaAPIClient.java. Using fallback presentation compiler.
2026.05.08 22:35:02 INFO  no build target found for /Users/zachwinslett/Code/strava-cli/src/main/java/com/zwinslett/strava/api/StravaAPIClient.java. Using fallback presentation compiler.
2026.05.08 22:35:02 INFO  Created report: Optional[file:///Users/zachwinslett/Code/strava-cli/src/main/java/com/zwinslett/strava/api/StravaAPIClient.java]
2026.05.08 22:35:02 INFO  empty definition using pc, found symbol in pc: java/net/http/HttpRequest#BodyPublishers# (full report at: "/Users/zachwinslett/Code/strava-cli/.metals/.reports/metals-full/2026-05-08/r_empty-definition_22-35-03-049.md")
2026.05.08 22:35:02 INFO  no build target found for /Users/zachwinslett/Code/strava-cli/src/main/java/com/zwinslett/strava/api/StravaAPIClient.java. Using fallback presentation compiler.
2026.05.08 22:35:02 INFO  no build target found for /Users/zachwinslett/Code/strava-cli/src/main/java/com/zwinslett/strava/api/StravaAPIClient.java. Using fallback presentation compiler.
2026.05.08 22:35:03 INFO  no build target found for /Users/zachwinslett/Code/strava-cli/src/main/java/com/zwinslett/strava/api/StravaAPIClient.java. Using fallback presentation compiler.
2026.05.08 22:35:03 WARN  no build target for: /Users/zachwinslett/Code/strava-cli/src/main/java/com/zwinslett/strava/model/Activity.java
2026.05.08 22:35:03 INFO  no build target found for /Users/zachwinslett/Code/strava-cli/src/main/java/com/zwinslett/strava/model/Activity.java. Using fallback presentation compiler.
2026.05.08 22:35:03 INFO  no build target found for /Users/zachwinslett/Code/strava-cli/src/main/java/com/zwinslett/strava/model/Activity.java. Using fallback presentation compiler.
2026.05.08 22:35:03 INFO  no build target found for /Users/zachwinslett/Code/strava-cli/src/main/java/com/zwinslett/strava/model/Activity.java. Using fallback presentation compiler.
2026.05.08 22:35:10 INFO  no build target found for /Users/zachwinslett/Code/strava-cli/src/main/java/com/zwinslett/strava/model/Activity.java. Using fallback presentation compiler.
2026.05.08 22:35:10 INFO  no build target found for /Users/zachwinslett/Code/strava-cli/src/main/java/com/zwinslett/strava/model/Activity.java. Using fallback presentation compiler.
2026.05.08 22:35:11 INFO  no build target found for /Users/zachwinslett/Code/strava-cli/src/main/java/com/zwinslett/strava/model/Activity.java. Using fallback presentation compiler.
2026.05.08 22:35:13 INFO  no build target found for /Users/zachwinslett/Code/strava-cli/src/main/java/com/zwinslett/strava/model/Activity.java. Using fallback presentation compiler.
2026.05.08 22:35:13 INFO  no build target found for /Users/zachwinslett/Code/strava-cli/src/main/java/com/zwinslett/strava/model/Activity.java. Using fallback presentation compiler.
2026.05.08 22:35:14 INFO  no build target found for /Users/zachwinslett/Code/strava-cli/src/main/java/com/zwinslett/strava/model/Activity.java. Using fallback presentation compiler.
2026.05.08 22:35:16 INFO  no build target found for /Users/zachwinslett/Code/strava-cli/src/main/java/com/zwinslett/strava/model/Activity.java. Using fallback presentation compiler.
2026.05.08 22:35:17 INFO  no build target found for /Users/zachwinslett/Code/strava-cli/src/main/java/com/zwinslett/strava/model/Activity.java. Using fallback presentation compiler.
2026.05.08 22:35:17 INFO  no build target found for /Users/zachwinslett/Code/strava-cli/src/main/java/com/zwinslett/strava/model/Activity.java. Using fallback presentation compiler.
2026.05.08 22:35:18 INFO  no build target found for /Users/zachwinslett/Code/strava-cli/src/main/java/com/zwinslett/strava/model/Activity.java. Using fallback presentation compiler.
2026.05.08 22:35:18 INFO  no build target found for /Users/zachwinslett/Code/strava-cli/src/main/java/com/zwinslett/strava/model/Activity.java. Using fallback presentation compiler.
2026.05.08 22:35:18 INFO  no build target found for /Users/zachwinslett/Code/strava-cli/src/main/java/com/zwinslett/strava/model/Activity.java. Using fallback presentation compiler.
2026.05.08 22:35:18 INFO  no build target found for /Users/zachwinslett/Code/strava-cli/src/main/java/com/zwinslett/strava/model/Activity.java. Using fallback presentation compiler.
2026.05.08 22:35:19 INFO  no build target found for /Users/zachwinslett/Code/strava-cli/src/main/java/com/zwinslett/strava/model/Activity.java. Using fallback presentation compiler.
2026.05.08 22:35:20 INFO  no build target found for /Users/zachwinslett/Code/strava-cli/src/main/java/com/zwinslett/strava/model/Activity.java. Using fallback presentation compiler.
2026.05.08 22:35:19 INFO  no build target found for /Users/zachwinslett/Code/strava-cli/src/main/java/com/zwinslett/strava/model/Activity.java. Using fallback presentation compiler.
2026.05.08 22:35:19 INFO  no build target found for /Users/zachwinslett/Code/strava-cli/src/main/java/com/zwinslett/strava/model/Activity.java. Using fallback presentation compiler.
2026.05.08 22:35:20 INFO  no build target found for /Users/zachwinslett/Code/strava-cli/src/main/java/com/zwinslett/strava/model/Activity.java. Using fallback presentation compiler.
2026.05.08 22:35:21 INFO  no build target found for /Users/zachwinslett/Code/strava-cli/src/main/java/com/zwinslett/strava/model/Activity.java. Using fallback presentation compiler.
2026.05.08 22:35:21 INFO  no build target found for /Users/zachwinslett/Code/strava-cli/src/main/java/com/zwinslett/strava/model/Activity.java. Using fallback presentation compiler.
2026.05.08 22:35:21 INFO  no build target found for /Users/zachwinslett/Code/strava-cli/src/main/java/com/zwinslett/strava/model/Activity.java. Using fallback presentation compiler.
2026.05.08 22:35:21 INFO  no build target found for /Users/zachwinslett/Code/strava-cli/src/main/java/com/zwinslett/strava/model/Activity.java. Using fallback presentation compiler.
2026.05.08 22:35:21 INFO  no build target found for /Users/zachwinslett/Code/strava-cli/src/main/java/com/zwinslett/strava/model/Activity.java. Using fallback presentation compiler.
2026.05.08 22:35:22 INFO  no build target found for /Users/zachwinslett/Code/strava-cli/src/main/java/com/zwinslett/strava/model/Activity.java. Using fallback presentation compiler.
2026.05.08 22:35:22 INFO  no build target found for /Users/zachwinslett/Code/strava-cli/src/main/java/com/zwinslett/strava/model/Activity.java. Using fallback presentation compiler.
2026.05.08 22:35:23 INFO  no build target found for /Users/zachwinslett/Code/strava-cli/src/main/java/com/zwinslett/strava/model/Activity.java. Using fallback presentation compiler.
2026.05.08 22:35:22 INFO  no build target found for /Users/zachwinslett/Code/strava-cli/src/main/java/com/zwinslett/strava/model/Activity.java. Using fallback presentation compiler.
2026.05.08 22:35:22 INFO  no build target found for /Users/zachwinslett/Code/strava-cli/src/main/java/com/zwinslett/strava/model/Activity.java. Using fallback presentation compiler.
2026.05.08 22:35:23 INFO  no build target found for /Users/zachwinslett/Code/strava-cli/src/main/java/com/zwinslett/strava/model/Activity.java. Using fallback presentation compiler.
2026.05.08 22:35:22 INFO  no build target found for /Users/zachwinslett/Code/strava-cli/src/main/java/com/zwinslett/strava/model/Activity.java. Using fallback presentation compiler.
2026.05.08 22:35:23 INFO  no build target found for /Users/zachwinslett/Code/strava-cli/src/main/java/com/zwinslett/strava/model/Activity.java. Using fallback presentation compiler.
2026.05.08 22:35:24 INFO  no build target found for /Users/zachwinslett/Code/strava-cli/src/main/java/com/zwinslett/strava/model/Activity.java. Using fallback presentation compiler.
2026.05.08 22:35:23 INFO  no build target found for /Users/zachwinslett/Code/strava-cli/src/main/java/com/zwinslett/strava/model/Activity.java. Using fallback presentation compiler.
2026.05.08 22:35:23 INFO  no build target found for /Users/zachwinslett/Code/strava-cli/src/main/java/com/zwinslett/strava/model/Activity.java. Using fallback presentation compiler.
2026.05.08 22:35:23 INFO  no build target found for /Users/zachwinslett/Code/strava-cli/src/main/java/com/zwinslett/strava/model/Activity.java. Using fallback presentation compiler.
2026.05.08 22:35:23 INFO  no build target found for /Users/zachwinslett/Code/strava-cli/src/main/java/com/zwinslett/strava/model/Activity.java. Using fallback presentation compiler.
2026.05.08 22:35:24 INFO  no build target found for /Users/zachwinslett/Code/strava-cli/src/main/java/com/zwinslett/strava/model/Activity.java. Using fallback presentation compiler.
2026.05.08 22:35:25 INFO  no build target found for /Users/zachwinslett/Code/strava-cli/src/main/java/com/zwinslett/strava/model/Activity.java. Using fallback presentation compiler.
2026.05.08 22:35:25 INFO  no build target found for /Users/zachwinslett/Code/strava-cli/src/main/java/com/zwinslett/strava/model/Activity.java. Using fallback presentation compiler.
2026.05.08 22:35:25 INFO  no build target found for /Users/zachwinslett/Code/strava-cli/src/main/java/com/zwinslett/strava/model/Activity.java. Using fallback presentation compiler.
2026.05.08 22:35:25 INFO  no build target found for /Users/zachwinslett/Code/strava-cli/src/main/java/com/zwinslett/strava/model/Activity.java. Using fallback presentation compiler.
2026.05.08 22:35:26 INFO  no build target found for /Users/zachwinslett/Code/strava-cli/src/main/java/com/zwinslett/strava/model/Activity.java. Using fallback presentation compiler.
2026.05.08 22:35:27 INFO  no build target found for /Users/zachwinslett/Code/strava-cli/src/main/java/com/zwinslett/strava/model/Activity.java. Using fallback presentation compiler.
2026.05.08 22:35:27 INFO  no build target found for /Users/zachwinslett/Code/strava-cli/src/main/java/com/zwinslett/strava/model/Activity.java. Using fallback presentation compiler.
2026.05.08 22:35:28 INFO  no build target found for /Users/zachwinslett/Code/strava-cli/src/main/java/com/zwinslett/strava/model/Activity.java. Using fallback presentation compiler.
2026.05.08 22:35:28 INFO  no build target found for /Users/zachwinslett/Code/strava-cli/src/main/java/com/zwinslett/strava/model/Activity.java. Using fallback presentation compiler.
2026.05.08 22:35:28 INFO  no build target found for /Users/zachwinslett/Code/strava-cli/src/main/java/com/zwinslett/strava/model/Activity.java. Using fallback presentation compiler.
2026.05.08 22:35:28 INFO  no build target found for /Users/zachwinslett/Code/strava-cli/src/main/java/com/zwinslett/strava/model/Activity.java. Using fallback presentation compiler.
2026.05.08 22:35:28 INFO  no build target found for /Users/zachwinslett/Code/strava-cli/src/main/java/com/zwinslett/strava/model/Activity.java. Using fallback presentation compiler.
2026.05.08 22:35:30 INFO  no build target found for /Users/zachwinslett/Code/strava-cli/src/main/java/com/zwinslett/strava/model/Activity.java. Using fallback presentation compiler.
2026.05.08 22:35:30 INFO  no build target found for /Users/zachwinslett/Code/strava-cli/src/main/java/com/zwinslett/strava/model/Activity.java. Using fallback presentation compiler.
2026.05.08 22:35:30 INFO  no build target found for /Users/zachwinslett/Code/strava-cli/src/main/java/com/zwinslett/strava/model/Activity.java. Using fallback presentation compiler.
2026.05.08 22:35:31 INFO  no build target found for /Users/zachwinslett/Code/strava-cli/src/main/java/com/zwinslett/strava/model/Activity.java. Using fallback presentation compiler.
2026.05.08 22:35:30 INFO  no build target found for /Users/zachwinslett/Code/strava-cli/src/main/java/com/zwinslett/strava/model/Activity.java. Using fallback presentation compiler.
2026.05.08 22:35:30 INFO  no build target found for /Users/zachwinslett/Code/strava-cli/src/main/java/com/zwinslett/strava/model/Activity.java. Using fallback presentation compiler.
2026.05.08 22:35:31 INFO  no build target found for /Users/zachwinslett/Code/strava-cli/src/main/java/com/zwinslett/strava/model/Activity.java. Using fallback presentation compiler.
2026.05.08 22:35:31 INFO  no build target found for /Users/zachwinslett/Code/strava-cli/src/main/java/com/zwinslett/strava/model/Activity.java. Using fallback presentation compiler.
2026.05.08 22:35:31 INFO  no build target found for /Users/zachwinslett/Code/strava-cli/src/main/java/com/zwinslett/strava/model/Activity.java. Using fallback presentation compiler.
2026.05.08 22:35:38 INFO  no build target found for /Users/zachwinslett/Code/strava-cli/src/main/java/com/zwinslett/strava/model/Activity.java. Using fallback presentation compiler.
2026.05.08 22:35:40 INFO  no build target found for /Users/zachwinslett/Code/strava-cli/src/main/java/com/zwinslett/strava/model/Activity.java. Using fallback presentation compiler.
2026.05.08 22:35:40 INFO  no build target found for /Users/zachwinslett/Code/strava-cli/src/main/java/com/zwinslett/strava/model/Activity.java. Using fallback presentation compiler.
2026.05.08 22:35:40 INFO  no build target found for /Users/zachwinslett/Code/strava-cli/src/main/java/com/zwinslett/strava/model/Activity.java. Using fallback presentation compiler.
2026.05.08 22:35:40 INFO  no build target found for /Users/zachwinslett/Code/strava-cli/src/main/java/com/zwinslett/strava/model/Activity.java. Using fallback presentation compiler.
2026.05.08 22:35:41 INFO  no build target found for /Users/zachwinslett/Code/strava-cli/src/main/java/com/zwinslett/strava/model/Activity.java. Using fallback presentation compiler.
2026.05.08 22:35:41 INFO  no build target found for /Users/zachwinslett/Code/strava-cli/src/main/java/com/zwinslett/strava/model/Activity.java. Using fallback presentation compiler.
2026.05.08 22:35:41 INFO  no build target found for /Users/zachwinslett/Code/strava-cli/src/main/java/com/zwinslett/strava/model/Activity.java. Using fallback presentation compiler.
2026.05.08 22:35:41 INFO  no build target found for /Users/zachwinslett/Code/strava-cli/src/main/java/com/zwinslett/strava/model/Activity.java. Using fallback presentation compiler.
2026.05.08 22:35:41 INFO  no build target found for /Users/zachwinslett/Code/strava-cli/src/main/java/com/zwinslett/strava/model/Activity.java. Using fallback presentation compiler.
2026.05.08 22:35:42 INFO  no build target found for /Users/zachwinslett/Code/strava-cli/src/main/java/com/zwinslett/strava/model/Activity.java. Using fallback presentation compiler.
2026.05.08 22:35:42 INFO  no build target found for /Users/zachwinslett/Code/strava-cli/src/main/java/com/zwinslett/strava/model/Activity.java. Using fallback presentation compiler.
2026.05.08 22:35:42 INFO  no build target found for /Users/zachwinslett/Code/strava-cli/src/main/java/com/zwinslett/strava/model/Activity.java. Using fallback presentation compiler.
2026.05.08 22:35:42 INFO  no build target found for /Users/zachwinslett/Code/strava-cli/src/main/java/com/zwinslett/strava/model/Activity.java. Using fallback presentation compiler.
2026.05.08 22:35:43 INFO  no build target found for /Users/zachwinslett/Code/strava-cli/src/main/java/com/zwinslett/strava/model/Activity.java. Using fallback presentation compiler.
2026.05.08 22:35:43 INFO  no build target found for /Users/zachwinslett/Code/strava-cli/src/main/java/com/zwinslett/strava/model/Activity.java. Using fallback presentation compiler.
2026.05.08 22:35:43 INFO  no build target found for /Users/zachwinslett/Code/strava-cli/src/main/java/com/zwinslett/strava/model/Activity.java. Using fallback presentation compiler.
2026.05.08 22:35:43 INFO  no build target found for /Users/zachwinslett/Code/strava-cli/src/main/java/com/zwinslett/strava/model/Activity.java. Using fallback presentation compiler.
2026.05.08 22:35:43 INFO  no build target found for /Users/zachwinslett/Code/strava-cli/src/main/java/com/zwinslett/strava/model/Activity.java. Using fallback presentation compiler.
2026.05.08 22:35:43 INFO  no build target found for /Users/zachwinslett/Code/strava-cli/src/main/java/com/zwinslett/strava/model/Activity.java. Using fallback presentation compiler.
2026.05.08 22:35:43 INFO  no build target found for /Users/zachwinslett/Code/strava-cli/src/main/java/com/zwinslett/strava/model/Activity.java. Using fallback presentation compiler.
2026.05.08 22:35:43 INFO  no build target found for /Users/zachwinslett/Code/strava-cli/src/main/java/com/zwinslett/strava/model/Activity.java. Using fallback presentation compiler.
2026.05.08 22:35:44 INFO  no build target found for /Users/zachwinslett/Code/strava-cli/src/main/java/com/zwinslett/strava/model/Activity.java. Using fallback presentation compiler.
2026.05.08 22:35:43 INFO  no build target found for /Users/zachwinslett/Code/strava-cli/src/main/java/com/zwinslett/strava/model/Activity.java. Using fallback presentation compiler.
2026.05.08 22:35:43 INFO  no build target found for /Users/zachwinslett/Code/strava-cli/src/main/java/com/zwinslett/strava/model/Activity.java. Using fallback presentation compiler.
2026.05.08 22:35:44 INFO  no build target found for /Users/zachwinslett/Code/strava-cli/src/main/java/com/zwinslett/strava/model/Activity.java. Using fallback presentation compiler.
2026.05.08 22:35:44 INFO  no build target found for /Users/zachwinslett/Code/strava-cli/src/main/java/com/zwinslett/strava/model/Activity.java. Using fallback presentation compiler.
2026.05.08 22:35:44 INFO  no build target found for /Users/zachwinslett/Code/strava-cli/src/main/java/com/zwinslett/strava/model/Activity.java. Using fallback presentation compiler.
2026.05.08 22:35:44 INFO  no build target found for /Users/zachwinslett/Code/strava-cli/src/main/java/com/zwinslett/strava/model/Activity.java. Using fallback presentation compiler.
2026.05.08 22:35:45 INFO  no build target found for /Users/zachwinslett/Code/strava-cli/src/main/java/com/zwinslett/strava/model/Activity.java. Using fallback presentation compiler.
2026.05.08 22:35:44 INFO  no build target found for /Users/zachwinslett/Code/strava-cli/src/main/java/com/zwinslett/strava/model/Activity.java. Using fallback presentation compiler.
2026.05.08 22:35:45 INFO  no build target found for /Users/zachwinslett/Code/strava-cli/src/main/java/com/zwinslett/strava/model/Activity.java. Using fallback presentation compiler.
2026.05.08 22:35:45 INFO  no build target found for /Users/zachwinslett/Code/strava-cli/src/main/java/com/zwinslett/strava/model/Activity.java. Using fallback presentation compiler.
2026.05.08 22:35:45 INFO  no build target found for /Users/zachwinslett/Code/strava-cli/src/main/java/com/zwinslett/strava/model/Activity.java. Using fallback presentation compiler.
2026.05.08 22:35:46 INFO  no build target found for /Users/zachwinslett/Code/strava-cli/src/main/java/com/zwinslett/strava/model/Activity.java. Using fallback presentation compiler.
2026.05.08 22:35:45 INFO  no build target found for /Users/zachwinslett/Code/strava-cli/src/main/java/com/zwinslett/strava/model/Activity.java. Using fallback presentation compiler.
2026.05.08 22:35:45 INFO  no build target found for /Users/zachwinslett/Code/strava-cli/src/main/java/com/zwinslett/strava/model/Activity.java. Using fallback presentation compiler.
2026.05.08 22:35:45 INFO  no build target found for /Users/zachwinslett/Code/strava-cli/src/main/java/com/zwinslett/strava/model/Activity.java. Using fallback presentation compiler.
2026.05.08 22:35:47 INFO  no build target found for /Users/zachwinslett/Code/strava-cli/src/main/java/com/zwinslett/strava/model/Activity.java. Using fallback presentation compiler.
2026.05.08 22:35:47 INFO  no build target found for /Users/zachwinslett/Code/strava-cli/src/main/java/com/zwinslett/strava/model/Activity.java. Using fallback presentation compiler.
2026.05.08 22:35:47 INFO  no build target found for /Users/zachwinslett/Code/strava-cli/src/main/java/com/zwinslett/strava/model/Activity.java. Using fallback presentation compiler.
2026.05.08 22:35:47 INFO  no build target found for /Users/zachwinslett/Code/strava-cli/src/main/java/com/zwinslett/strava/model/Activity.java. Using fallback presentation compiler.
2026.05.08 22:35:47 INFO  no build target found for /Users/zachwinslett/Code/strava-cli/src/main/java/com/zwinslett/strava/model/Activity.java. Using fallback presentation compiler.
2026.05.08 22:35:47 INFO  no build target found for /Users/zachwinslett/Code/strava-cli/src/main/java/com/zwinslett/strava/model/Activity.java. Using fallback presentation compiler.
2026.05.08 22:35:48 INFO  no build target found for /Users/zachwinslett/Code/strava-cli/src/main/java/com/zwinslett/strava/model/Activity.java. Using fallback presentation compiler.
2026.05.08 22:35:48 INFO  no build target found for /Users/zachwinslett/Code/strava-cli/src/main/java/com/zwinslett/strava/model/Activity.java. Using fallback presentation compiler.
2026.05.08 22:35:48 INFO  no build target found for /Users/zachwinslett/Code/strava-cli/src/main/java/com/zwinslett/strava/model/Activity.java. Using fallback presentation compiler.
2026.05.08 22:35:48 INFO  no build target found for /Users/zachwinslett/Code/strava-cli/src/main/java/com/zwinslett/strava/model/Activity.java. Using fallback presentation compiler.
2026.05.08 22:35:48 INFO  no build target found for /Users/zachwinslett/Code/strava-cli/src/main/java/com/zwinslett/strava/model/Activity.java. Using fallback presentation compiler.
2026.05.08 22:35:48 INFO  no build target found for /Users/zachwinslett/Code/strava-cli/src/main/java/com/zwinslett/strava/model/Activity.java. Using fallback presentation compiler.
2026.05.08 22:35:48 INFO  no build target found for /Users/zachwinslett/Code/strava-cli/src/main/java/com/zwinslett/strava/model/Activity.java. Using fallback presentation compiler.
2026.05.08 22:35:48 INFO  no build target found for /Users/zachwinslett/Code/strava-cli/src/main/java/com/zwinslett/strava/model/Activity.java. Using fallback presentation compiler.
2026.05.08 22:35:48 INFO  no build target found for /Users/zachwinslett/Code/strava-cli/src/main/java/com/zwinslett/strava/model/Activity.java. Using fallback presentation compiler.
2026.05.08 22:35:48 INFO  no build target found for /Users/zachwinslett/Code/strava-cli/src/main/java/com/zwinslett/strava/model/Activity.java. Using fallback presentation compiler.
2026.05.08 22:35:48 INFO  no build target found for /Users/zachwinslett/Code/strava-cli/src/main/java/com/zwinslett/strava/model/Activity.java. Using fallback presentation compiler.
2026.05.08 22:35:49 INFO  no build target found for /Users/zachwinslett/Code/strava-cli/src/main/java/com/zwinslett/strava/model/Activity.java. Using fallback presentation compiler.
2026.05.08 22:35:49 INFO  no build target found for /Users/zachwinslett/Code/strava-cli/src/main/java/com/zwinslett/strava/model/Activity.java. Using fallback presentation compiler.
2026.05.08 22:35:49 INFO  no build target found for /Users/zachwinslett/Code/strava-cli/src/main/java/com/zwinslett/strava/model/Activity.java. Using fallback presentation compiler.
2026.05.08 22:35:49 INFO  no build target found for /Users/zachwinslett/Code/strava-cli/src/main/java/com/zwinslett/strava/model/Activity.java. Using fallback presentation compiler.
2026.05.08 22:35:50 INFO  no build target found for /Users/zachwinslett/Code/strava-cli/src/main/java/com/zwinslett/strava/model/Activity.java. Using fallback presentation compiler.
2026.05.08 22:35:50 INFO  no build target found for /Users/zachwinslett/Code/strava-cli/src/main/java/com/zwinslett/strava/model/Activity.java. Using fallback presentation compiler.
2026.05.08 22:35:50 INFO  no build target found for /Users/zachwinslett/Code/strava-cli/src/main/java/com/zwinslett/strava/model/Activity.java. Using fallback presentation compiler.
2026.05.08 22:35:50 INFO  no build target found for /Users/zachwinslett/Code/strava-cli/src/main/java/com/zwinslett/strava/model/Activity.java. Using fallback presentation compiler.
2026.05.08 22:35:52 INFO  no build target found for /Users/zachwinslett/Code/strava-cli/src/main/java/com/zwinslett/strava/model/Activity.java. Using fallback presentation compiler.
2026.05.08 22:35:52 INFO  no build target found for /Users/zachwinslett/Code/strava-cli/src/main/java/com/zwinslett/strava/model/Activity.java. Using fallback presentation compiler.
2026.05.08 22:35:52 INFO  no build target found for /Users/zachwinslett/Code/strava-cli/src/main/java/com/zwinslett/strava/model/Activity.java. Using fallback presentation compiler.
2026.05.08 22:35:52 INFO  no build target found for /Users/zachwinslett/Code/strava-cli/src/main/java/com/zwinslett/strava/model/Activity.java. Using fallback presentation compiler.
2026.05.08 22:35:52 INFO  no build target found for /Users/zachwinslett/Code/strava-cli/src/main/java/com/zwinslett/strava/model/Activity.java. Using fallback presentation compiler.
2026.05.08 22:35:52 INFO  no build target found for /Users/zachwinslett/Code/strava-cli/src/main/java/com/zwinslett/strava/model/Activity.java. Using fallback presentation compiler.
2026.05.08 22:35:53 INFO  no build target found for /Users/zachwinslett/Code/strava-cli/src/main/java/com/zwinslett/strava/model/Activity.java. Using fallback presentation compiler.
2026.05.08 22:35:53 INFO  no build target found for /Users/zachwinslett/Code/strava-cli/src/main/java/com/zwinslett/strava/model/Activity.java. Using fallback presentation compiler.
2026.05.08 22:35:54 WARN  no build target for: /Users/zachwinslett/Code/strava-cli/src/main/java/com/zwinslett/strava/model/Activity.java
2026.05.08 22:35:54 INFO  no build target found for /Users/zachwinslett/Code/strava-cli/src/main/java/com/zwinslett/strava/model/Activity.java. Using fallback presentation compiler.
2026.05.08 22:35:53 INFO  no build target found for /Users/zachwinslett/Code/strava-cli/src/main/java/com/zwinslett/strava/model/Activity.java. Using fallback presentation compiler.
2026.05.08 22:35:55 INFO  no build target found for /Users/zachwinslett/Code/strava-cli/src/main/java/com/zwinslett/strava/model/Activity.java. Using fallback presentation compiler.
2026.05.08 22:35:58 INFO  no build target found for /Users/zachwinslett/Code/strava-cli/src/main/java/com/zwinslett/strava/model/Activity.java. Using fallback presentation compiler.
2026.05.08 22:35:58 WARN  no build target for: /Users/zachwinslett/Code/strava-cli/src/main/java/com/zwinslett/strava/model/Activity.java
2026.05.08 22:35:58 INFO  no build target found for /Users/zachwinslett/Code/strava-cli/src/main/java/com/zwinslett/strava/model/Activity.java. Using fallback presentation compiler.
2026.05.08 22:35:59 INFO  no build target found for /Users/zachwinslett/Code/strava-cli/src/main/java/com/zwinslett/strava/model/Activity.java. Using fallback presentation compiler.
2026.05.08 22:35:59 INFO  no build target found for /Users/zachwinslett/Code/strava-cli/src/main/java/com/zwinslett/strava/model/Activity.java. Using fallback presentation compiler.
2026.05.08 22:36:00 INFO  no build target found for /Users/zachwinslett/Code/strava-cli/src/main/java/com/zwinslett/strava/model/Activity.java. Using fallback presentation compiler.
2026.05.08 22:36:00 INFO  no build target found for /Users/zachwinslett/Code/strava-cli/src/main/java/com/zwinslett/strava/model/Activity.java. Using fallback presentation compiler.
2026.05.08 22:36:00 INFO  no build target found for /Users/zachwinslett/Code/strava-cli/src/main/java/com/zwinslett/strava/model/Activity.java. Using fallback presentation compiler.
2026.05.08 22:36:00 INFO  no build target found for /Users/zachwinslett/Code/strava-cli/src/main/java/com/zwinslett/strava/model/Activity.java. Using fallback presentation compiler.
2026.05.08 22:36:00 INFO  no build target found for /Users/zachwinslett/Code/strava-cli/src/main/java/com/zwinslett/strava/model/Activity.java. Using fallback presentation compiler.
2026.05.08 22:36:00 INFO  no build target found for /Users/zachwinslett/Code/strava-cli/src/main/java/com/zwinslett/strava/model/Activity.java. Using fallback presentation compiler.
2026.05.08 22:36:00 INFO  no build target found for /Users/zachwinslett/Code/strava-cli/src/main/java/com/zwinslett/strava/model/Activity.java. Using fallback presentation compiler.
2026.05.08 22:36:01 INFO  no build target found for /Users/zachwinslett/Code/strava-cli/src/main/java/com/zwinslett/strava/model/Activity.java. Using fallback presentation compiler.
2026.05.08 22:36:01 INFO  no build target found for /Users/zachwinslett/Code/strava-cli/src/main/java/com/zwinslett/strava/model/Activity.java. Using fallback presentation compiler.
2026.05.08 22:36:01 INFO  no build target found for /Users/zachwinslett/Code/strava-cli/src/main/java/com/zwinslett/strava/model/Activity.java. Using fallback presentation compiler.
2026.05.08 22:36:01 INFO  no build target found for /Users/zachwinslett/Code/strava-cli/src/main/java/com/zwinslett/strava/model/Activity.java. Using fallback presentation compiler.
2026.05.08 22:36:02 INFO  no build target found for /Users/zachwinslett/Code/strava-cli/src/main/java/com/zwinslett/strava/model/Activity.java. Using fallback presentation compiler.
2026.05.08 22:36:03 INFO  no build target found for /Users/zachwinslett/Code/strava-cli/src/main/java/com/zwinslett/strava/model/Activity.java. Using fallback presentation compiler.
2026.05.08 22:36:02 INFO  no build target found for /Users/zachwinslett/Code/strava-cli/src/main/java/com/zwinslett/strava/model/Activity.java. Using fallback presentation compiler.
2026.05.08 22:36:02 INFO  no build target found for /Users/zachwinslett/Code/strava-cli/src/main/java/com/zwinslett/strava/model/Activity.java. Using fallback presentation compiler.
2026.05.08 22:36:03 INFO  no build target found for /Users/zachwinslett/Code/strava-cli/src/main/java/com/zwinslett/strava/model/Activity.java. Using fallback presentation compiler.
2026.05.08 22:36:02 INFO  no build target found for /Users/zachwinslett/Code/strava-cli/src/main/java/com/zwinslett/strava/model/Activity.java. Using fallback presentation compiler.
2026.05.08 22:36:03 WARN  no build target for: /Users/zachwinslett/Code/strava-cli/src/main/java/com/zwinslett/strava/model/Activity.java
2026.05.08 22:36:03 INFO  no build target found for /Users/zachwinslett/Code/strava-cli/src/main/java/com/zwinslett/strava/model/Activity.java. Using fallback presentation compiler.
2026.05.08 22:36:04 INFO  no build target found for /Users/zachwinslett/Code/strava-cli/src/main/java/com/zwinslett/strava/model/Activity.java. Using fallback presentation compiler.
2026.05.08 22:36:04 INFO  no build target found for /Users/zachwinslett/Code/strava-cli/src/main/java/com/zwinslett/strava/model/Activity.java. Using fallback presentation compiler.
2026.05.08 22:36:04 INFO  no build target found for /Users/zachwinslett/Code/strava-cli/src/main/java/com/zwinslett/strava/model/Activity.java. Using fallback presentation compiler.
2026.05.08 22:36:04 INFO  no build target found for /Users/zachwinslett/Code/strava-cli/src/main/java/com/zwinslett/strava/model/Activity.java. Using fallback presentation compiler.
2026.05.08 22:36:04 INFO  no build target found for /Users/zachwinslett/Code/strava-cli/src/main/java/com/zwinslett/strava/model/Activity.java. Using fallback presentation compiler.
2026.05.08 22:36:04 INFO  no build target found for /Users/zachwinslett/Code/strava-cli/src/main/java/com/zwinslett/strava/model/Activity.java. Using fallback presentation compiler.
2026.05.08 22:36:04 INFO  no build target found for /Users/zachwinslett/Code/strava-cli/src/main/java/com/zwinslett/strava/model/Activity.java. Using fallback presentation compiler.
2026.05.08 22:36:06 INFO  no build target found for /Users/zachwinslett/Code/strava-cli/src/main/java/com/zwinslett/strava/model/Activity.java. Using fallback presentation compiler.
2026.05.08 22:36:06 INFO  no build target found for /Users/zachwinslett/Code/strava-cli/src/main/java/com/zwinslett/strava/model/Activity.java. Using fallback presentation compiler.
2026.05.08 22:36:06 INFO  no build target found for /Users/zachwinslett/Code/strava-cli/src/main/java/com/zwinslett/strava/model/Activity.java. Using fallback presentation compiler.
2026.05.08 22:36:06 INFO  no build target found for /Users/zachwinslett/Code/strava-cli/src/main/java/com/zwinslett/strava/model/Activity.java. Using fallback presentation compiler.
2026.05.08 22:36:06 INFO  no build target found for /Users/zachwinslett/Code/strava-cli/src/main/java/com/zwinslett/strava/model/Activity.java. Using fallback presentation compiler.
2026.05.08 22:36:06 INFO  no build target found for /Users/zachwinslett/Code/strava-cli/src/main/java/com/zwinslett/strava/model/Activity.java. Using fallback presentation compiler.
2026.05.08 22:36:07 WARN  no build target for: /Users/zachwinslett/Code/strava-cli/src/main/java/com/zwinslett/strava/model/Activity.java
2026.05.08 22:36:07 INFO  no build target found for /Users/zachwinslett/Code/strava-cli/src/main/java/com/zwinslett/strava/model/Activity.java. Using fallback presentation compiler.
2026.05.08 22:36:08 INFO  no build target found for /Users/zachwinslett/Code/strava-cli/src/main/java/com/zwinslett/strava/model/Activity.java. Using fallback presentation compiler.
2026.05.08 22:36:08 INFO  no build target found for /Users/zachwinslett/Code/strava-cli/src/main/java/com/zwinslett/strava/model/Activity.java. Using fallback presentation compiler.
2026.05.08 22:36:08 INFO  no build target found for /Users/zachwinslett/Code/strava-cli/src/main/java/com/zwinslett/strava/model/Activity.java. Using fallback presentation compiler.
2026.05.08 22:36:08 INFO  no build target found for /Users/zachwinslett/Code/strava-cli/src/main/java/com/zwinslett/strava/model/Activity.java. Using fallback presentation compiler.
2026.05.08 22:36:08 INFO  no build target found for /Users/zachwinslett/Code/strava-cli/src/main/java/com/zwinslett/strava/model/Activity.java. Using fallback presentation compiler.
2026.05.08 22:36:08 INFO  no build target found for /Users/zachwinslett/Code/strava-cli/src/main/java/com/zwinslett/strava/model/Activity.java. Using fallback presentation compiler.
2026.05.08 22:36:09 INFO  no build target found for /Users/zachwinslett/Code/strava-cli/src/main/java/com/zwinslett/strava/model/Activity.java. Using fallback presentation compiler.
2026.05.08 22:36:09 INFO  no build target found for /Users/zachwinslett/Code/strava-cli/src/main/java/com/zwinslett/strava/model/Activity.java. Using fallback presentation compiler.
2026.05.08 22:36:09 INFO  no build target found for /Users/zachwinslett/Code/strava-cli/src/main/java/com/zwinslett/strava/model/Activity.java. Using fallback presentation compiler.
2026.05.08 22:36:09 INFO  no build target found for /Users/zachwinslett/Code/strava-cli/src/main/java/com/zwinslett/strava/model/Activity.java. Using fallback presentation compiler.
2026.05.08 22:36:09 INFO  no build target found for /Users/zachwinslett/Code/strava-cli/src/main/java/com/zwinslett/strava/model/Activity.java. Using fallback presentation compiler.
2026.05.08 22:36:09 INFO  no build target found for /Users/zachwinslett/Code/strava-cli/src/main/java/com/zwinslett/strava/model/Activity.java. Using fallback presentation compiler.
2026.05.08 22:36:10 INFO  no build target found for /Users/zachwinslett/Code/strava-cli/src/main/java/com/zwinslett/strava/model/Activity.java. Using fallback presentation compiler.
2026.05.08 22:36:11 INFO  no build target found for /Users/zachwinslett/Code/strava-cli/src/main/java/com/zwinslett/strava/model/Activity.java. Using fallback presentation compiler.
2026.05.08 22:36:11 INFO  no build target found for /Users/zachwinslett/Code/strava-cli/src/main/java/com/zwinslett/strava/model/Activity.java. Using fallback presentation compiler.
2026.05.08 22:36:11 INFO  no build target found for /Users/zachwinslett/Code/strava-cli/src/main/java/com/zwinslett/strava/model/Activity.java. Using fallback presentation compiler.
2026.05.08 22:36:12 INFO  no build target found for /Users/zachwinslett/Code/strava-cli/src/main/java/com/zwinslett/strava/model/Activity.java. Using fallback presentation compiler.
2026.05.08 22:36:12 INFO  no build target found for /Users/zachwinslett/Code/strava-cli/src/main/java/com/zwinslett/strava/model/Activity.java. Using fallback presentation compiler.
2026.05.08 22:36:12 INFO  no build target found for /Users/zachwinslett/Code/strava-cli/src/main/java/com/zwinslett/strava/model/Activity.java. Using fallback presentation compiler.
2026.05.08 22:36:12 INFO  no build target found for /Users/zachwinslett/Code/strava-cli/src/main/java/com/zwinslett/strava/model/Activity.java. Using fallback presentation compiler.
2026.05.08 22:36:12 INFO  no build target found for /Users/zachwinslett/Code/strava-cli/src/main/java/com/zwinslett/strava/model/Activity.java. Using fallback presentation compiler.
2026.05.08 22:36:12 INFO  no build target found for /Users/zachwinslett/Code/strava-cli/src/main/java/com/zwinslett/strava/model/Activity.java. Using fallback presentation compiler.
2026.05.08 22:36:12 INFO  no build target found for /Users/zachwinslett/Code/strava-cli/src/main/java/com/zwinslett/strava/model/Activity.java. Using fallback presentation compiler.
2026.05.08 22:36:13 INFO  no build target found for /Users/zachwinslett/Code/strava-cli/src/main/java/com/zwinslett/strava/model/Activity.java. Using fallback presentation compiler.
2026.05.08 22:36:13 INFO  no build target found for /Users/zachwinslett/Code/strava-cli/src/main/java/com/zwinslett/strava/model/Activity.java. Using fallback presentation compiler.
2026.05.08 22:36:13 INFO  no build target found for /Users/zachwinslett/Code/strava-cli/src/main/java/com/zwinslett/strava/model/Activity.java. Using fallback presentation compiler.
2026.05.08 22:36:13 INFO  no build target found for /Users/zachwinslett/Code/strava-cli/src/main/java/com/zwinslett/strava/model/Activity.java. Using fallback presentation compiler.
2026.05.08 22:36:13 INFO  no build target found for /Users/zachwinslett/Code/strava-cli/src/main/java/com/zwinslett/strava/model/Activity.java. Using fallback presentation compiler.
2026.05.08 22:36:14 INFO  no build target found for /Users/zachwinslett/Code/strava-cli/src/main/java/com/zwinslett/strava/model/Activity.java. Using fallback presentation compiler.
2026.05.08 22:36:14 INFO  no build target found for /Users/zachwinslett/Code/strava-cli/src/main/java/com/zwinslett/strava/model/Activity.java. Using fallback presentation compiler.
2026.05.08 22:36:14 INFO  no build target found for /Users/zachwinslett/Code/strava-cli/src/main/java/com/zwinslett/strava/model/Activity.java. Using fallback presentation compiler.
2026.05.08 22:36:14 INFO  no build target found for /Users/zachwinslett/Code/strava-cli/src/main/java/com/zwinslett/strava/model/Activity.java. Using fallback presentation compiler.
2026.05.08 22:36:14 INFO  no build target found for /Users/zachwinslett/Code/strava-cli/src/main/java/com/zwinslett/strava/model/Activity.java. Using fallback presentation compiler.
2026.05.08 22:36:15 WARN  no build target for: /Users/zachwinslett/Code/strava-cli/src/main/java/com/zwinslett/strava/model/Activity.java
2026.05.08 22:36:15 INFO  no build target found for /Users/zachwinslett/Code/strava-cli/src/main/java/com/zwinslett/strava/model/Activity.java. Using fallback presentation compiler.
2026.05.08 22:36:15 WARN  no build target for: /Users/zachwinslett/Code/strava-cli/src/main/java/com/zwinslett/strava/model/Activity.java
2026.05.08 22:36:15 INFO  no build target found for /Users/zachwinslett/Code/strava-cli/src/main/java/com/zwinslett/strava/model/Activity.java. Using fallback presentation compiler.
2026.05.08 22:36:16 WARN  no build target for: /Users/zachwinslett/Code/strava-cli/src/main/java/com/zwinslett/strava/model/Activity.java
2026.05.08 22:36:16 INFO  no build target found for /Users/zachwinslett/Code/strava-cli/src/main/java/com/zwinslett/strava/model/Activity.java. Using fallback presentation compiler.
2026.05.08 22:36:22 WARN  no build target for: /Users/zachwinslett/Code/strava-cli/src/main/java/com/zwinslett/strava/model/Activity.java
2026.05.08 22:36:22 INFO  no build target found for /Users/zachwinslett/Code/strava-cli/src/main/java/com/zwinslett/strava/model/Activity.java. Using fallback presentation compiler.
2026.05.08 22:36:23 WARN  no build target for: /Users/zachwinslett/Code/strava-cli/src/main/java/com/zwinslett/strava/model/Activity.java
2026.05.08 22:36:22 INFO  no build target found for /Users/zachwinslett/Code/strava-cli/src/main/java/com/zwinslett/strava/model/Activity.java. Using fallback presentation compiler.
2026.05.08 22:36:23 WARN  no build target for: /Users/zachwinslett/Code/strava-cli/src/main/java/com/zwinslett/strava/model/Activity.java
2026.05.08 22:36:22 INFO  no build target found for /Users/zachwinslett/Code/strava-cli/src/main/java/com/zwinslett/strava/model/Activity.java. Using fallback presentation compiler.
2026.05.08 22:36:24 WARN  no build target for: /Users/zachwinslett/Code/strava-cli/src/main/java/com/zwinslett/strava/api/AccessToken.java
2026.05.08 22:36:24 INFO  no build target found for /Users/zachwinslett/Code/strava-cli/src/main/java/com/zwinslett/strava/api/AccessToken.java. Using fallback presentation compiler.
2026.05.08 22:36:23 INFO  no build target found for /Users/zachwinslett/Code/strava-cli/src/main/java/com/zwinslett/strava/api/AccessToken.java. Using fallback presentation compiler.
2026.05.08 22:36:24 INFO  no build target found for /Users/zachwinslett/Code/strava-cli/src/main/java/com/zwinslett/strava/api/AccessToken.java. Using fallback presentation compiler.
2026.05.08 22:36:24 INFO  no build target found for /Users/zachwinslett/Code/strava-cli/src/main/java/com/zwinslett/strava/api/StravaAPIClient.java. Using fallback presentation compiler.
2026.05.08 22:36:25 WARN  no build target for: /Users/zachwinslett/Code/strava-cli/src/main/java/com/zwinslett/strava/api/StravaAPIClient.java
2026.05.08 22:36:25 INFO  no build target found for /Users/zachwinslett/Code/strava-cli/src/main/java/com/zwinslett/strava/api/StravaAPIClient.java. Using fallback presentation compiler.
2026.05.08 22:36:25 INFO  no build target found for /Users/zachwinslett/Code/strava-cli/src/main/java/com/zwinslett/strava/api/StravaAPIClient.java. Using fallback presentation compiler.
2026.05.08 22:36:25 INFO  no build target found for /Users/zachwinslett/Code/strava-cli/src/main/java/com/zwinslett/strava/api/StravaAPIClient.java. Using fallback presentation compiler.
2026.05.08 22:36:36 INFO  no build target found for /Users/zachwinslett/Code/strava-cli/src/main/java/com/zwinslett/strava/api/StravaAPIClient.java. Using fallback presentation compiler.
2026.05.08 22:37:07 INFO  no build target found for /Users/zachwinslett/Code/strava-cli/src/main/java/com/zwinslett/strava/api/StravaAPIClient.java. Using fallback presentation compiler.
2026.05.08 22:37:07 INFO  no build target found for /Users/zachwinslett/Code/strava-cli/src/main/java/com/zwinslett/strava/api/StravaAPIClient.java. Using fallback presentation compiler.
2026.05.08 22:37:07 WARN  no build target for: /Users/zachwinslett/Code/strava-cli/src/main/java/com/zwinslett/strava/api/StravaAPIClient.java
2026.05.08 22:37:07 INFO  no build target found for /Users/zachwinslett/Code/strava-cli/src/main/java/com/zwinslett/strava/api/StravaAPIClient.java. Using fallback presentation compiler.
2026.05.08 22:37:08 WARN  no build target for: /Users/zachwinslett/Code/strava-cli/src/main/java/com/zwinslett/strava/api/StravaAPIClient.java
2026.05.08 22:37:08 INFO  no build target found for /Users/zachwinslett/Code/strava-cli/src/main/java/com/zwinslett/strava/api/StravaAPIClient.java. Using fallback presentation compiler.
2026.05.08 22:37:07 WARN  no build target for: /Users/zachwinslett/Code/strava-cli/src/main/java/com/zwinslett/strava/api/StravaAPIClient.java
2026.05.08 22:37:08 INFO  no build target found for /Users/zachwinslett/Code/strava-cli/src/main/java/com/zwinslett/strava/api/StravaAPIClient.java. Using fallback presentation compiler.
2026.05.08 22:37:08 INFO  no build target found for /Users/zachwinslett/Code/strava-cli/src/main/java/com/zwinslett/strava/api/StravaAPIClient.java. Using fallback presentation compiler.
2026.05.08 22:37:08 WARN  no build target for: /Users/zachwinslett/Code/strava-cli/src/main/java/com/zwinslett/strava/api/StravaAPIClient.java
2026.05.08 22:37:09 INFO  no build target found for /Users/zachwinslett/Code/strava-cli/src/main/java/com/zwinslett/strava/api/StravaAPIClient.java. Using fallback presentation compiler.
2026.05.08 22:37:09 WARN  no build target for: /Users/zachwinslett/Code/strava-cli/src/main/java/com/zwinslett/strava/api/StravaAPIClient.java
2026.05.08 22:37:09 INFO  no build target found for /Users/zachwinslett/Code/strava-cli/src/main/java/com/zwinslett/strava/api/StravaAPIClient.java. Using fallback presentation compiler.
2026.05.08 22:37:09 INFO  no build target found for /Users/zachwinslett/Code/strava-cli/src/main/java/com/zwinslett/strava/api/StravaAPIClient.java. Using fallback presentation compiler.
2026.05.08 22:37:10 INFO  no build target found for /Users/zachwinslett/Code/strava-cli/src/main/java/com/zwinslett/strava/api/StravaAPIClient.java. Using fallback presentation compiler.
2026.05.08 22:37:10 INFO  no build target found for /Users/zachwinslett/Code/strava-cli/src/main/java/com/zwinslett/strava/api/StravaAPIClient.java. Using fallback presentation compiler.
2026.05.08 22:37:10 INFO  no build target found for /Users/zachwinslett/Code/strava-cli/src/main/java/com/zwinslett/strava/api/StravaAPIClient.java. Using fallback presentation compiler.
2026.05.08 22:37:13 INFO  no build target found for /Users/zachwinslett/Code/strava-cli/src/main/java/com/zwinslett/strava/api/StravaAPIClient.java. Using fallback presentation compiler.
2026.05.08 22:37:13 INFO  no build target found for /Users/zachwinslett/Code/strava-cli/src/main/java/com/zwinslett/strava/api/StravaAPIClient.java. Using fallback presentation compiler.
2026.05.08 22:37:19 INFO  no build target found for /Users/zachwinslett/Code/strava-cli/src/main/java/com/zwinslett/strava/api/StravaAPIClient.java. Using fallback presentation compiler.
2026.05.08 22:37:19 INFO  no build target found for /Users/zachwinslett/Code/strava-cli/src/main/java/com/zwinslett/strava/api/StravaAPIClient.java. Using fallback presentation compiler.
2026.05.08 22:37:19 INFO  no build target found for /Users/zachwinslett/Code/strava-cli/src/main/java/com/zwinslett/strava/api/StravaAPIClient.java. Using fallback presentation compiler.
2026.05.08 22:37:20 INFO  no build target found for /Users/zachwinslett/Code/strava-cli/src/main/java/com/zwinslett/strava/api/StravaAPIClient.java. Using fallback presentation compiler.
2026.05.08 22:37:20 INFO  no build target found for /Users/zachwinslett/Code/strava-cli/src/main/java/com/zwinslett/strava/api/StravaAPIClient.java. Using fallback presentation compiler.
2026.05.08 22:37:20 INFO  no build target found for /Users/zachwinslett/Code/strava-cli/src/main/java/com/zwinslett/strava/api/StravaAPIClient.java. Using fallback presentation compiler.
2026.05.08 22:37:20 INFO  no build target found for /Users/zachwinslett/Code/strava-cli/src/main/java/com/zwinslett/strava/api/StravaAPIClient.java. Using fallback presentation compiler.
2026.05.08 22:37:20 INFO  no build target found for /Users/zachwinslett/Code/strava-cli/src/main/java/com/zwinslett/strava/api/StravaAPIClient.java. Using fallback presentation compiler.
2026.05.08 22:37:22 INFO  no build target found for /Users/zachwinslett/Code/strava-cli/src/main/java/com/zwinslett/strava/api/StravaAPIClient.java. Using fallback presentation compiler.
2026.05.08 22:37:22 INFO  no build target found for /Users/zachwinslett/Code/strava-cli/src/main/java/com/zwinslett/strava/api/StravaAPIClient.java. Using fallback presentation compiler.
2026.05.08 22:37:22 INFO  no build target found for /Users/zachwinslett/Code/strava-cli/src/main/java/com/zwinslett/strava/api/StravaAPIClient.java. Using fallback presentation compiler.
2026.05.08 22:37:22 INFO  no build target found for /Users/zachwinslett/Code/strava-cli/src/main/java/com/zwinslett/strava/api/StravaAPIClient.java. Using fallback presentation compiler.
2026.05.08 22:37:22 INFO  no build target found for /Users/zachwinslett/Code/strava-cli/src/main/java/com/zwinslett/strava/api/StravaAPIClient.java. Using fallback presentation compiler.
2026.05.08 22:37:23 INFO  no build target found for /Users/zachwinslett/Code/strava-cli/src/main/java/com/zwinslett/strava/api/StravaAPIClient.java. Using fallback presentation compiler.
2026.05.08 22:37:25 INFO  no build target found for /Users/zachwinslett/Code/strava-cli/src/main/java/com/zwinslett/strava/api/StravaAPIClient.java. Using fallback presentation compiler.
2026.05.08 22:37:25 INFO  no build target found for /Users/zachwinslett/Code/strava-cli/src/main/java/com/zwinslett/strava/api/StravaAPIClient.java. Using fallback presentation compiler.
2026.05.08 22:37:25 WARN  no build target for: /Users/zachwinslett/Code/strava-cli/src/main/java/com/zwinslett/strava/api/StravaAPIClient.java
2026.05.08 22:37:25 INFO  no build target found for /Users/zachwinslett/Code/strava-cli/src/main/java/com/zwinslett/strava/api/StravaAPIClient.java. Using fallback presentation compiler.
2026.05.08 22:37:39 INFO  no build target found for /Users/zachwinslett/Code/strava-cli/src/main/java/com/zwinslett/strava/api/StravaAPIClient.java. Using fallback presentation compiler.
2026.05.08 22:37:49 INFO  no build target found for /Users/zachwinslett/Code/strava-cli/src/main/java/com/zwinslett/strava/api/StravaAPIClient.java. Using fallback presentation compiler.
2026.05.08 22:37:49 INFO  no build target found for /Users/zachwinslett/Code/strava-cli/src/main/java/com/zwinslett/strava/api/StravaAPIClient.java. Using fallback presentation compiler.
2026.05.08 22:37:49 INFO  no build target found for /Users/zachwinslett/Code/strava-cli/src/main/java/com/zwinslett/strava/api/StravaAPIClient.java. Using fallback presentation compiler.
2026.05.08 22:37:50 INFO  no build target found for /Users/zachwinslett/Code/strava-cli/src/main/java/com/zwinslett/strava/api/StravaAPIClient.java. Using fallback presentation compiler.
2026.05.08 22:37:50 INFO  Created report: Optional[file:///Users/zachwinslett/Code/strava-cli/src/main/java/com/zwinslett/strava/api/StravaAPIClient.java]
2026.05.08 22:37:50 INFO  empty definition using pc, found symbol in pc: java/util/List# (full report at: "/Users/zachwinslett/Code/strava-cli/.metals/.reports/metals-full/2026-05-08/r_empty-definition_22-37-50-333.md")
2026.05.08 22:37:50 WARN  no build target for: /Users/zachwinslett/Code/strava-cli/src/main/java/com/zwinslett/strava/api/StravaAPIClient.java
2026.05.08 22:37:50 INFO  no build target found for /Users/zachwinslett/Code/strava-cli/src/main/java/com/zwinslett/strava/api/StravaAPIClient.java. Using fallback presentation compiler.
May 08, 2026 10:38:09 PM org.eclipse.lsp4j.jsonrpc.services.GenericEndpoint notify
INFO: Unsupported notification method: $/setTrace
May 08, 2026 10:38:12 PM org.eclipse.lsp4j.jsonrpc.services.GenericEndpoint notify
INFO: Unsupported notification method: $/setTrace
2026.05.08 22:38:24 INFO  no build target found for /Users/zachwinslett/Code/strava-cli/src/main/java/com/zwinslett/strava/api/StravaAPIClient.java. Using fallback presentation compiler.
2026.05.08 22:39:32 INFO  no build target found for /Users/zachwinslett/Code/strava-cli/src/main/java/com/zwinslett/strava/api/StravaAPIClient.java. Using fallback presentation compiler.
2026.05.08 22:39:34 INFO  no build target found for /Users/zachwinslett/Code/strava-cli/src/main/java/com/zwinslett/strava/api/StravaAPIClient.java. Using fallback presentation compiler.
2026.05.08 22:39:39 WARN  no build target for: /Users/zachwinslett/Code/strava-cli/src/main/java/com/zwinslett/strava/api/StravaAPIClient.java
2026.05.08 22:39:39 INFO  no build target found for /Users/zachwinslett/Code/strava-cli/src/main/java/com/zwinslett/strava/api/StravaAPIClient.java. Using fallback presentation compiler.
